@,tv,ps,pid,pz,bp,fv,oa,ob,m%,^,key,a,b,c,#,d,%,ch,tlong,ot,f,g,ip,mt,ov,h,i,it,oz,l,n,o,p,ex,s,t,u,v,w,nf,y,z,ts,market,io
1240.tw,4,4,20.otc.tw|1398108,55.3000,0,0,56.8000,55.5000,000000,20260907,otc_1240.tw_20260907,55.8000_56.4000_56.5000_57.0000_57.1000_,55.3000_55.2000_55.0000_54.5000_54.4000_,1240,13.otc.tw|2311,20260907,14:30:00,1240.tw,1788762600000,14:30:00,1_4_2_1_1_,6_2_3_2_1_,0,000000,-,55.5000,33,12,0.0000,55.3000,茂生農經,55.5000,0,otc,4,13:30:00,61.0000,5,49.9500,茂生農經股份有限公司,55.5000,55.3000,0,TPEX,
1259.tw,1,1,20.otc.tw|1398110,62.9000,0,0,62.9000,62.5000,000000,20260907,otc_1259.tw_20260907,63.8000_64.1000_64.8000_64.9000_65.0000_,62.7000_62.6000_62.2000_59.7000_58.1000_,1259,13.otc.tw|1388,20260907,14:30:00,1259.tw,1788762600000,14:30:00,2_3_1_1_4_,2_1_1_1_1_,0,000000,1,62.9000,16,12,62.5000,62.9000,安心,62.9000,0,otc,1,13:30:00,70.5000,1,57.7000,安心食品服務股份有限公司,64.1000,62.9000,0,TPEX,
1264.tw,3,3,20.otc.tw|1398111,251.0000,0,0,257.0000,253.0000,000000,20260907,otc_1264.tw_20260907,252.5000_253.0000_254.0000_255.0000_256.0000_,251.0000_250.5000_250.0000_249.5000_249.0000_,1264,13.otc.tw|1556,20260907,14:30:00,1264.tw,1788762600000,14:30:00,3_8_8_3_1_,6_3_7_1_2_,0,000000,70,253.0000,02,12,253.0000,251.0000,德麥,253.0000,0,otc,3,13:30:00,277.0000,21,227.0000,德麥食品股份有限公司,252.0000,251.0000,0,TPEX,
1268.tw,6,6,20.otc.tw|1398112,171.0000,0,0,172.0000,171.5000,000000,20260907,otc_1268.tw_20260907,171.5000_172.0000_172.5000_173.0000_173.5000_,170.5000_170.0000_169.5000_169.0000_168.5000_,1268,13.otc.tw|1724,20260907,14:30:00,1268.tw,1788762600000,14:30:00,3_2_2_2_3_,7_13_13_7_12_,0,000000,100,175.0000,16,12,171.5000,168.0000,漢來美食,175.0000,0,otc,6,13:30:00,191.0000,155,157.0000,漢來美食股份有限公司,174.0000,171.0000,0,TPEX,
1294.tw,6,6,20.otc.tw|1398113,53.5000,0,0,58.6000,54.0000,000000,20260907,otc_1294.tw_20260907,53.8000_53.9000_54.4000_54.5000_55.0000_,53.5000_53.3000_53.2000_53.1000_53.0000_,1294,13.otc.tw|1892,20260907,14:30:00,1294.tw,1788762600000,14:30:00,1_1_2_2_1_,1_3_2_1_2_,0,000000,-,53.9000,02,12,0.0000,53.0000,漢田生技,53.1000,0,otc,6,13:30:00,58.7000,23,48.1000,漢田生技股份有限公司,53.4000,53.5000,0,TPEX,
1295.tw,-,-,20.otc.tw|1398114,-,0,0,49.8500,45.5000,000000,20260907,otc_1295.tw_20260907,45.4000_45.5000_45.6000_45.7000_45.8000_,45.3500_45.3000_45.2500_45.2000_45.1000_,1295,13.otc.tw|2060,20260907,14:30:00,1295.tw,1788762600000,14:30:00,1_2_1_3_3_,2_1_1_3_1_,0,000000,-,45.5000,02,12,0.0000,45.3500,生合,45.5000,0,otc,-,13:30:00,49.8500,18,40.8500,生合生物科技股份有限公司,45.3500,-,0,TPEX,
1336.tw,19,19,20.otc.tw|1398116,16.3000,0,0,16.3500,16.3000,000000,20260907,otc_1336.tw_20260907,16.3500_16.4000_16.4500_16.5000_16.5500_,16.3000_16.2500_16.2000_16.1500_16.1000_,1336,13.otc.tw|2228,20260907,14:30:00,1336.tw,1788762600000,14:30:00,1_17_30_11_7_,19_37_18_7_8_,0,000000,26,16.4000,28,12,16.3000,16.0500,台翰,16.1500,0,otc,19,13:30:00,17.7500,155,14.5500,台翰精密科技股份有限公司,16.1500,16.3000,0,TPEX,
1565.tw,1,1,20.otc.tw|1398131,99.5000,0,0,99.8000,99.4000,000000,20260907,otc_1565.tw_20260907,99.5000_99.7000_99.8000_99.9000_100.0000_,99.4000_99.2000_98.9000_98.8000_98.7000_,1565,13.otc.tw|1472,20260907,14:30:00,1565.tw,1788762600000,14:30:00,1_1_1_1_3_,3_2_1_1_1_,0,000000,28,99.5000,22,12,99.4000,97.7000,精華,99.0000,0,otc,1,13:30:00,108.0000,128,88.8000,精華光學股份有限公司,98.6000,99.5000,0,TPEX,
1569.tw,83,83,9.otc.tw|139,50.2000,0,1,0.0000,51.0000,000000,20260907,otc_1569.tw_20260907,50.3000_50.4000_50.5000_50.6000_50.7000_,50.2000_50.1000_50.0000_49.9500_49.9000_,1569,13.otc.tw|1640,20260907,14:30:00,1569.tw,1788762600000,14:30:00,3_10_4_5_5_,25_3_4_2_4_,0,000000,1,51.2000,25,12,51.0000,48.2000,濱川,50.6000,0,otc,83,13:30:00,53.5000,2022,43.8500,濱川企業股份有限公司,48.7000,50.2000,0,TPEX,
1570.tw,1,1,20.otc.tw|1397821,32.6500,0,0,32.6000,32.3000,000000,20260907,otc_1570.tw_20260907,32.7000_32.7500_32.8000_32.9500_33.0500_,32.6500_32.6000_32.5500_32.5000_32.4000_,1570,13.otc.tw|1808,20260907,14:30:00,1570.tw,1788762600000,14:30:00,1_1_1_1_2_,5_27_5_31_1_,0,000000,200,33.3000,05,12,32.6000,32.5500,力肯,32.5500,0,otc,1,13:30:00,36.0500,50,29.5500,力肯實業股份有限公司,32.8000,32.6500,0,TPEX,
1580.tw,3,3,20.otc.tw|1397822,100.5000,0,0,101.0000,100.5000,000000,20260907,otc_1580.tw_20260907,100.5000_101.0000_101.5000_102.0000_102.5000_,100.0000_99.9000_99.8000_99.7000_99.6000_,1580,13.otc.tw|1976,20260907,14:30:00,1580.tw,1788762600000,14:30:00,6_16_25_11_8_,13_6_4_4_4_,0,000000,138,102.0000,05,12,101.0000,100.0000,新麥,102.0000,0,otc,3,13:30:00,112.5000,281,92.3000,新麥企業股份有限公司,102.5000,100.5000,0,TPEX,
1584.tw,28,28,9.otc.tw|142,17.8000,0,2,17.8500,17.7500,000000,20260907,otc_1584.tw_20260907,17.8500_17.9000_17.9500_18.0000_18.1000_,17.7500_17.7000_17.6500_17.6000_17.5500_,1584,13.otc.tw|2144,20260907,14:30:00,1584.tw,1788762600000,14:30:00,14_6_11_9_7_,3_16_50_68_30_,0,000000,644,18.0000,20,12,17.7500,17.6500,精剛,18.0000,0,otc,28,13:30:00,19.8000,296,16.2000,精剛精密科技股份有限公司,18.0000,17.8000,0,TPEX,
1586.tw,7,7,20.otc.tw|1397824,18.1000,0,0,18.1500,18.0000,000000,20260907,otc_1586.tw_20260907,18.1000_18.1500_18.2000_18.2500_18.3000_,18.0500_18.0000_17.9500_17.9000_17.8500_,1586,13.otc.tw|2312,20260907,14:30:00,1586.tw,1788762600000,14:30:00,10_25_26_5_5_,3_8_12_38_19_,0,000000,2,18.2000,05,12,18.0000,17.9500,和勤,18.1000,0,otc,7,13:30:00,19.8000,221,16.2000,和勤精機股份有限公司,18.0000,18.1000,0,TPEX,
1591.tw,3,3,20.otc.tw|1397825,35.5500,0,0,35.7000,35.3000,000000,20260907,otc_1591.tw_20260907,35.6000_35.9000_35.9500_36.0000_36.1000_,35.5000_35.4500_35.4000_35.3500_35.3000_,1591,13.otc.tw|1389,20260907,14:30:00,1591.tw,1788762600000,14:30:00,1_1_1_11_1_,2_3_6_36_9_,0,000000,1,35.9500,05,12,35.7000,35.2500,駿吉-KY,35.2500,0,otc,3,13:30:00,39.3000,122,32.2000,INMAX HOLDING CO.  LTD.,35.7500,35.5500,0,TPEX,RR
1593.tw,6,6,20.otc.tw|1397826,31.7500,0,0,31.8500,31.2500,000000,20260907,otc_1593.tw_20260907,31.7500_32.1500_32.2000_32.2500_32.4000_,31.7000_31.6000_31.5000_31.4000_31.3500_,1593,13.otc.tw|1557,20260907,14:30:00,1593.tw,1788762600000,14:30:00,11_1_1_5_1_,3_1_1_5_1_,0,000000,-,31.8500,37,12,0.0000,31.7500,祺驊,31.8500,0,otc,6,13:30:00,34.9000,15,28.6000,祺驊股份有限公司,31.7500,31.7500,0,TPEX,
1595.tw,26,26,20.otc.tw|1397827,68.5000,0,0,68.6000,68.1000,000000,20260907,otc_1595.tw_20260907,68.7000_68.9000_69.0000_69.1000_69.3000_,68.5000_68.4000_68.3000_68.2000_68.1000_,1595,13.otc.tw|1725,20260907,14:30:00,1595.tw,1788762600000,14:30:00,3_2_4_3_3_,1_6_4_4_9_,0,000000,404,70.7000,24,12,68.1000,68.1000,川寶,68.8000,0,otc,26,13:30:00,75.6000,324,62.0000,川寶科技股份有限公司,68.8000,68.5000,0,TPEX,
1599.tw,1,1,20.otc.tw|1397830,23.0000,0,0,22.9500,22.7000,000000,20260907,otc_1599.tw_20260907,23.0000_23.0500_23.1000_23.1500_23.2000_,22.9500_22.8500_22.8000_22.7500_22.7000_,1599,13.otc.tw|1893,20260907,14:30:00,1599.tw,1788762600000,14:30:00,4_2_2_3_6_,1_1_6_2_2_,0,000000,100,23.0000,05,12,22.7000,22.8000,宏佳騰,22.8000,0,otc,1,13:30:00,25.1500,25,20.6500,宏佳騰動力科技股份有限公司,22.9000,23.0000,0,TPEX,
1742.tw,-,-,20.otc.tw|1397834,-,0,0,17.8000,17.5500,000000,20260907,otc_1742.tw_20260907,17.8000_17.8500_17.9000_17.9500_18.0000_,17.5000_17.3500_17.2500_17.2000_17.0000_,1742,13.otc.tw|2061,20260907,14:30:00,1742.tw,1788762600000,14:30:00,13_9_2_1_8_,10_15_2_15_21_,0,000000,3,18.0000,21,12,17.5500,17.0000,台蠟,18.0000,0,otc,-,13:30:00,19.5500,117,16.0500,台灣蠟品股份有限公司,17.8000,-,0,TPEX,
1777.tw,4,4,20.otc.tw|1397835,75.3000,0,0,75.6000,75.3000,000000,20260907,otc_1777.tw_20260907,75.3000_75.5000_75.6000_75.7000_75.8000_,75.0000_74.7000_74.6000_74.4000_74.3000_,1777,13.otc.tw|2229,20260907,14:30:00,1777.tw,1788762600000,14:30:00,2_1_2_2_10_,1_2_1_3_3_,0,000000,-,75.9000,22,12,0.0000,74.7000,生泰,75.6000,0,otc,4,13:30:00,82.7000,66,67.7000,生泰合成工業股份有限公司,75.2000,75.3000,0,TPEX,
1780.tw,-,-,20.otc.tw|1397836,-,0,0,24.4000,24.0500,000000,20260907,otc_1780.tw_20260907,24.5000_24.5500_24.6000_24.7000_24.8000_,23.9500_23.9000_23.8000_23.7000_23.6500_,1780,13.otc.tw|1473,20260907,14:30:00,1780.tw,1788762600000,14:30:00,1_1_2_3_3_,3_5_6_1_1_,0,000000,-,24.5000,02,12,0.0000,23.9000,立弘,24.5000,0,otc,-,13:30:00,26.8000,92,22.0000,立弘生化科技股份有限公司,24.4000,-,0,TPEX,
1781.tw,2,2,20.otc.tw|1397837,10.0000,0,0,10.0500,10.0000,000000,20260907,otc_1781.tw_20260907,10.1000_10.1500_10.3500_10.4000_10.4500_,10.0000_9.9900_9.9800_9.9700_9.9600_,1781,13.otc.tw|1641,20260907,14:30:00,1781.tw,1788762600000,14:30:00,2_3_1_1_1_,7_3_2_2_1_,0,000000,2,10.1500,22,12,10.0000,10.0000,合世,10.1500,0,otc,2,13:30:00,11.3000,22,9.2700,合世生醫科技股份有限公司,10.3000,10.0000,0,TPEX,
1784.tw,1,1,20.otc.tw|1397839,60.1000,0,0,62.0000,59.7000,000000,20260907,otc_1784.tw_20260907,60.1000_60.2000_60.3000_60.4000_60.5000_,59.9000_59.7000_59.6000_59.4000_59.2000_,1784,13.otc.tw|1809,20260907,14:30:00,1784.tw,1788762600000,14:30:00,4_3_1_2_3_,1_1_1_1_2_,0,000000,2,60.4000,22,12,59.7000,59.8000,訊聯,60.0000,0,otc,1,13:30:00,65.1000,66,53.3000,訊聯生物科技股份有限公司,59.2000,60.1000,0,TPEX,
1785.tw,94,84,9.otc.tw|156,102.0000,0,13,102.5000,102.0000,000000,20260907,otc_1785.tw_20260907,102.0000_102.5000_103.0000_103.5000_104.0000_,101.5000_101.0000_100.5000_100.0000_99.9000_,1785,13.otc.tw|1977,20260907,14:30:00,1785.tw,1788762600000,14:30:00,17_71_236_131_197_,117_333_213_370_43_,0,000000,672,103.0000,31,12,102.5000,101.0000,光洋科,102.5000,0,otc,94,13:30:00,112.0000,2740,91.8000,光洋應用材料科技股份有限公司,102.0000,102.0000,0,TPEX,
1788.tw,1,-,20.otc.tw|1397842,-,0,0,131.0000,128.5000,000000,20260907,otc_1788.tw_20260907,128.5000_129.0000_129.5000_130.0000_130.5000_,128.0000_127.5000_127.0000_126.0000_125.0000_,1788,13.otc.tw|2145,20260907,14:30:00,1788.tw,1788762600000,14:30:00,3_3_1_12_2_,23_8_5_2_2_,0,000000,516,129.0000,22,12,128.5000,128.0000,杏昌,128.5000,0,otc,1,13:30:00,141.0000,18,116.0000,杏昌生技股份有限公司,128.5000,128.0000,0,TPEX,
1796.tw,1,1,20.otc.tw|1397843,30.0500,0,0,30.1500,29.5500,000000,20260907,otc_1796.tw_20260907,30.1500_30.3000_30.8000_31.0000_31.2000_,30.0500_30.0000_29.6000_29.5000_29.0500_,1796,13.otc.tw|2313,20260907,14:30:00,1796.tw,1788762600000,14:30:00,1_4_1_1_1_,1_1_1_2_1_,0,000000,3,30.3000,02,12,29.5500,30.0000,金穎生技,30.3000,0,otc,1,13:30:00,33.2000,8,27.2000,金穎生物科技股份有限公司,30.2000,30.0500,0,TPEX,
1799.tw,1,1,20.otc.tw|1397844,29.9500,0,0,29.7000,29.1000,000000,20260907,otc_1799.tw_20260907,30.1000_30.1500_30.2000_30.2500_30.3000_,29.9500_29.9000_29.8500_29.8000_29.7500_,1799,13.otc.tw|1390,20260907,14:30:00,1799.tw,1788762600000,14:30:00,1_11_24_6_15_,1_12_10_10_2_,0,000000,1272,30.3000,22,12,29.1000,29.8000,易威,30.2000,0,otc,1,13:30:00,32.6500,66,26.7500,易威生醫科技股份有限公司,29.7000,29.9500,0,TPEX,
1813.tw,-,-,20.otc.tw|1397483,-,0,0,11.4000,11.3500,000000,20260907,otc_1813.tw_20260907,11.4000_11.4500_11.5500_11.6000_11.7000_,11.3500_11.3000_11.2500_11.2000_11.1500_,1813,13.otc.tw|1558,20260907,14:30:00,1813.tw,1788762600000,14:30:00,1_1_8_5_2_,3_3_3_4_5_,0,000000,14,11.5500,22,12,11.4000,11.4000,寶利徠,11.5500,0,otc,-,13:30:00,12.5500,15,10.3500,寶利徠光學科技股份有限公司,11.4500,-,0,TPEX,
1815.tw,69,69,9.otc.tw|161,130.0000,0,14,0.0000,130.0000,000000,20260907,otc_1815.tw_20260907,-,130.0000_129.5000_129.0000_128.5000_128.0000_,1815,13.otc.tw|1726,20260907,14:30:00,1815.tw,1788762600000,14:30:00,-,32820_208_147_126_184_,0,000000,11140,130.0000,28,12,130.0000,123.5000,富喬,124.0000,0,otc,69,13:30:00,130.0000,70385,107.0000,富喬工業股份有限公司,118.5000,130.0000,0,TPEX,
2035.tw,-,-,20.otc.tw|1397487,-,0,0,26.5000,26.1500,000000,20260907,otc_2035.tw_20260907,27.0000_27.3000_27.7000_27.7500_27.8000_,26.3500_26.3000_26.2000_26.1500_26.0000_,2035,13.otc.tw|1894,20260907,14:30:00,2035.tw,1788762600000,14:30:00,1_1_1_2_1_,3_1_1_3_1_,0,000000,3,26.3500,10,12,26.1500,26.3500,唐榮,26.3500,0,otc,-,13:30:00,28.8000,1,23.6000,唐榮鐵工廠股份有限公司,26.2000,-,0,TPEX,
2061.tw,47,47,9.otc.tw|164,52.3000,0,3,52.4000,52.0000,000000,20260907,otc_2061.tw_20260907,52.4000_52.5000_52.6000_52.7000_52.8000_,52.3000_52.2000_52.1000_52.0000_51.9000_,2061,13.otc.tw|2062,20260907,14:30:00,2061.tw,1788762600000,14:30:00,18_10_5_1_1_,6_6_9_11_6_,0,000000,20,55.0000,06,12,52.4000,51.2000,風青,53.7000,1,otc,47,13:30:00,59.4000,1903,48.6000,風青實業股份有限公司,54.0000,52.3000,0,TPEX,
2063.tw,-,-,20.otc.tw|1397489,-,0,0,25.3000,23.1500,000000,20260907,otc_2063.tw_20260907,23.9000_23.9500_24.0000_24.1000_24.3000_,23.8500_23.8000_23.7500_23.7000_23.6500_,2063,13.otc.tw|2230,20260907,14:30:00,2063.tw,1788762600000,14:30:00,1_1_1_1_1_,4_3_5_7_6_,0,000000,-,23.9000,10,12,0.0000,23.8000,世鎧,23.8000,0,otc,-,13:30:00,26.1500,7,21.4500,世鎧精密股份有限公司,23.8000,-,0,TPEX,
2064.tw,-,-,20.otc.tw|1397490,-,0,0,0.0000,12.2000,000000,20260907,otc_2064.tw_20260907,12.5000_12.6500_12.7000_12.8000_12.8500_,12.4000_12.3500_12.3000_12.2500_12.2000_,2064,13.otc.tw|1474,20260907,14:30:00,2064.tw,1788762600000,14:30:00,2_4_2_3_5_,6_1_2_2_3_,0,000000,-,12.8000,10,12,0.0000,12.3500,晉椿,12.7000,0,otc,-,13:30:00,13.6500,275,11.2500,晉椿工業股份有限公司,12.4500,-,0,TPEX,
2065.tw,14,14,20.otc.tw|1397491,36.3500,0,0,36.5000,36.3500,000000,20260907,otc_2065.tw_20260907,36.5000_36.5500_36.6000_36.6500_36.8000_,36.3500_36.3000_36.2500_36.2000_36.1000_,2065,13.otc.tw|1642,20260907,14:30:00,2065.tw,1788762600000,14:30:00,2_4_1_4_1_,3_5_10_6_1_,0,000000,8,36.6000,10,12,36.3500,36.3500,世豐,36.4500,0,otc,14,13:30:00,40.0500,47,32.8500,世豐螺絲廠股份有限公司,36.4500,36.3500,0,TPEX,
2066.tw,1,1,20.otc.tw|1397492,53.9000,0,0,57.1000,54.7000,000000,20260907,otc_2066.tw_20260907,54.7000_54.9000_55.0000_55.4000_55.6000_,53.8000_53.6000_53.5000_53.4000_53.0000_,2066,13.otc.tw|1810,20260907,14:30:00,2066.tw,1788762600000,14:30:00,2_1_4_2_1_,8_3_1_1_2_,0,000000,-,54.0000,05,12,0.0000,53.9000,世德,54.0000,0,otc,1,13:30:00,60.1000,5,49.2500,世德工業股份有限公司,54.7000,53.9000,0,TPEX,
2067.tw,-,-,20.otc.tw|1397493,-,0,0,0.0000,4.6600,000000,20260907,otc_2067.tw_20260907,4.8200_5.0400_5.0500_5.1500_5.1700_,4.6300_4.6200_4.6100_4.5700_4.5600_,2067,13.otc.tw|1978,20260907,14:30:00,2067.tw,1788762600000,14:30:00,3_4_3_3_5_,1_1_3_1_1_,0,000000,-,4.8200,05,12,0.0000,4.8200,嘉鋼,4.8200,0,otc,-,13:30:00,5.3000,2,4.3400,嘉鋼精密工業股份有限公司,4.8200,-,0,TPEX,
2070.tw,6,6,20.otc.tw|1397494,61.9000,0,0,61.9000,61.5000,000000,20260907,otc_2070.tw_20260907,62.6000_62.7000_62.8000_62.9000_63.0000_,61.8000_61.7000_61.6000_61.5000_61.4000_,2070,13.otc.tw|2146,20260907,14:30:00,2070.tw,1788762600000,14:30:00,1_1_2_1_6_,7_2_2_1_1_,0,000000,229,63.0000,05,12,61.5000,61.7000,精湛,63.0000,0,otc,6,13:30:00,69.3000,114,56.7000,精湛光學科技股份有限公司,63.0000,61.9000,0,TPEX,
2073.tw,-,-,20.otc.tw|1397495,-,0,0,25.6500,25.5500,000000,20260907,otc_2073.tw_20260907,26.0000_26.1500_26.2000_26.5500_26.6000_,25.5000_25.1500_25.0500_24.9000_24.3000_,2073,13.otc.tw|2314,20260907,14:30:00,2073.tw,1788762600000,14:30:00,1_1_1_1_3_,2_1_1_1_1_,0,000000,-,26.2500,10,12,0.0000,25.5500,雄順,26.2500,0,otc,-,13:30:00,29.2500,3,23.9500,雄順金屬股份有限公司,26.6000,-,0,TPEX,
2221.tw,180,171,9.otc.tw|173,86.7000,0,11,87.0000,86.7000,000000,20260907,otc_2221.tw_20260907,86.8000_86.9000_87.0000_87.1000_87.4000_,86.7000_86.6000_86.5000_86.4000_86.3000_,2221,13.otc.tw|1391,20260907,14:30:00,2221.tw,1788762600000,14:30:00,38_5_6_3_1_,29_11_22_1_13_,0,000000,2241,90.6000,20,12,86.7000,83.7000,大甲,90.0000,0,otc,180,13:30:00,99.8000,4198,81.8000,大甲永和機械工業股份有限公司,90.8000,86.7000,0,TPEX,
2230.tw,2,2,9.otc.tw|175,22.4500,0,1,23.2000,22.2000,000000,20260907,otc_2230.tw_20260907,22.5000_22.5500_22.6000_22.7000_22.8000_,22.3500_22.2500_22.2000_22.1000_22.0500_,2230,13.otc.tw|1559,20260907,14:30:00,2230.tw,1788762600000,14:30:00,4_2_1_3_1_,1_2_1_8_8_,0,000000,100,22.6000,38,12,22.2000,22.0000,泰茂,22.6000,0,otc,2,13:30:00,25.0500,48,20.5500,泰茂實業股份有限公司,22.8000,22.4500,0,TPEX,
2235.tw,-,-,20.otc.tw|1397502,-,0,0,28.4500,27.0000,000000,20260907,otc_2235.tw_20260907,27.8000_28.4000_28.4500_28.5000_28.7000_,27.2000_27.1000_27.0000_26.8500_26.8000_,2235,13.otc.tw|1727,20260907,14:30:00,2235.tw,1788762600000,14:30:00,1_1_4_6_3_,2_1_1_2_63_,0,000000,-,28.4500,05,12,0.0000,28.4500,謚源,28.4500,0,otc,-,13:30:00,31.0500,1,25.4500,謚源實業股份有限公司,28.2500,-,0,TPEX,
2596.tw,3,3,20.otc.tw|1397868,34.4500,0,0,34.4500,34.2000,000000,20260907,otc_2596.tw_20260907,34.5000_34.5500_34.6000_34.7500_34.8000_,34.3000_34.2000_34.1500_34.1000_34.0000_,2596,13.otc.tw|1895,20260907,14:30:00,2596.tw,1788762600000,14:30:00,2_3_4_2_2_,1_1_6_7_2_,0,000000,45,36.4500,14,12,34.2000,34.4500,綠意,36.0500,0,otc,3,13:30:00,39.1000,211,32.0000,綠意開發股份有限公司,35.5500,34.4500,0,TPEX,
2640.tw,-,-,20.otc.tw|1397503,-,0,0,154.5000,154.0000,000000,20260907,otc_2640.tw_20260907,155.5000_156.0000_157.0000_157.5000_158.0000_,155.0000_154.0000_153.5000_153.0000_152.5000_,2640,13.otc.tw|2063,20260907,14:30:00,2640.tw,1788762600000,14:30:00,3_1_2_3_3_,2_5_1_3_1_,0,000000,28,157.5000,36,12,154.5000,154.0000,大車隊,157.5000,0,otc,-,13:30:00,171.5000,23,140.5000,台灣大車隊股份有限公司,156.0000,-,0,TPEX,
2641.tw,56,56,9.otc.tw|199,18.1000,0,8,18.1500,18.0000,000000,20260907,otc_2641.tw_20260907,18.1500_18.2000_18.2500_18.3000_18.3500_,18.1000_18.0500_18.0000_17.9500_17.9000_,2641,13.otc.tw|2231,20260907,14:30:00,2641.tw,1788762600000,14:30:00,35_81_88_47_32_,15_9_77_130_151_,0,000000,-,18.2000,15,12,0.0000,17.9500,正德,18.1500,0,otc,56,13:30:00,19.8500,1273,16.2500,正德海運股份有限公司,18.0500,18.1000,0,TPEX,
2643.tw,1,1,20.otc.tw|1397507,63.0000,0,0,63.2000,63.0000,000000,20260907,otc_2643.tw_20260907,63.0000_63.2000_63.5000_64.0000_64.3000_,62.6000_62.2000_62.0000_61.5000_61.3000_,2643,13.otc.tw|1475,20260907,14:30:00,2643.tw,1788762600000,14:30:00,12_4_4_2_3_,1_3_2_2_2_,0,000000,6,63.0000,15,12,63.2000,62.0000,捷迅,62.2000,0,otc,1,13:30:00,68.6000,9,56.2000,捷迅股份有限公司,62.4000,63.0000,0,TPEX,
2718.tw,2,2,20.otc.tw|1397508,41.4000,0,0,41.5500,41.1000,000000,20260907,otc_2718.tw_20260907,41.7500_41.8000_41.8500_41.9000_42.0000_,41.2500_41.1500_41.0500_41.0000_40.9500_,2718,13.otc.tw|1643,20260907,14:30:00,2718.tw,1788762600000,14:30:00,2_4_1_1_1_,1_1_2_6_5_,0,000000,-,41.7500,14,12,0.0000,41.0000,全心投控,41.0000,0,otc,2,13:30:00,45.1000,13,36.9000,全心投資控股股份有限公司,41.0000,41.4000,0,TPEX,
2719.tw,1,1,20.otc.tw|1397509,19.9000,0,0,20.0000,19.6000,000000,20260907,otc_2719.tw_20260907,19.9000_20.0000_20.1000_20.5000_21.6500_,19.8000_19.7500_19.7000_19.6000_19.5500_,2719,13.otc.tw|1811,20260907,14:30:00,2719.tw,1788762600000,14:30:00,1_15_1_1_2_,2_2_7_3_2_,0,000000,100,19.9000,16,12,19.9000,19.7500,燦星旅,19.7500,0,otc,1,13:30:00,21.8500,8,17.9500,台鋼燦星國際旅行社股份有限公司,19.9000,19.9000,0,TPEX,
2724.tw,1,1,20.otc.tw|1398689,10.6500,0,0,11.0000,10.2000,000000,20260907,otc_2724.tw_20260907,10.7000_10.8000_10.8500_10.9000_10.9500_,10.2500_10.2000_10.1500_10.1000_9.9900_,2724,13.otc.tw|1979,20260907,14:30:00,2724.tw,1788762600000,14:30:00,1_1_1_1_1_,1_3_2_4_3_,0,000000,60,10.6500,20,12,10.2000,10.2000,藝舍-KY,10.2000,0,otc,1,13:33:00,11.4000,2,9.3600,藝舍國際創新股份有限公司,10.4000,10.6500,0,TPEX,RR
2726.tw,3,3,20.otc.tw|1397510,8.0300,0,0,8.0600,7.9500,000000,20260907,otc_2726.tw_20260907,8.0400_8.0500_8.0600_8.0800_8.1000_,8.0300_8.0200_8.0000_7.9900_7.9800_,2726,13.otc.tw|2147,20260907,14:30:00,2726.tw,1788762600000,14:30:00,14_6_2_2_14_,2_2_3_3_4_,0,000000,-,8.1100,16,12,0.0000,7.9500,雅茗-KY,8.0200,0,otc,3,13:30:00,8.9500,95,7.3300,雅茗天地股份有限公司,8.1400,8.0300,0,TPEX,RR
2729.tw,-,-,20.otc.tw|1397512,-,0,0,155.5000,155.0000,000000,20260907,otc_2729.tw_20260907,156.0000_156.5000_157.0000_158.0000_159.5000_,155.5000_154.5000_154.0000_153.5000_153.0000_,2729,13.otc.tw|2315,20260907,14:30:00,2729.tw,1788762600000,14:30:00,4_2_5_5_1_,1_3_7_2_2_,0,000000,31,156.0000,16,12,155.0000,155.0000,瓦城,155.0000,0,otc,-,13:30:00,171.5000,6,140.5000,瓦城泰統股份有限公司,156.0000,-,0,TPEX,
2732.tw,-,-,20.otc.tw|1397513,-,0,0,63.2000,63.0000,000000,20260907,otc_2732.tw_20260907,63.1000_63.6000_63.7000_63.8000_64.0000_,63.0000_62.8000_62.7000_62.6000_62.5000_,2732,13.otc.tw|1392,20260907,14:30:00,2732.tw,1788762600000,14:30:00,1_1_1_2_1_,2_1_3_3_3_,0,000000,-,63.1000,16,12,0.0000,63.0000,六角,63.0000,0,otc,-,13:30:00,69.5000,7,56.9000,六角國際事業股份有限公司,63.2000,-,0,TPEX,
2734.tw,-,-,20.otc.tw|1397516,-,0,0,14.9500,14.7000,000000,20260907,otc_2734.tw_20260907,14.8500_14.9000_14.9500_15.0000_15.1000_,14.8000_14.7500_14.7000_14.6500_14.6000_,2734,13.otc.tw|1560,20260907,14:30:00,2734.tw,1788762600000,14:30:00,1_3_4_17_1_,6_2_1_4_19_,0,000000,-,15.0000,16,12,0.0000,14.8000,易飛網,14.9500,0,otc,-,13:30:00,16.3500,26,13.4500,易飛網國際旅行社股份有限公司,14.9000,-,0,TPEX,
2736.tw,2,2,20.otc.tw|1397517,11.5000,0,0,11.6000,11.3000,000000,20260907,otc_2736.tw_20260907,11.5500_11.6000_11.6500_11.7000_11.7500_,11.5000_11.4500_11.4000_11.3500_11.3000_,2736,13.otc.tw|1728,20260907,14:30:00,2736.tw,1788762600000,14:30:00,1_3_2_3_3_,3_3_7_5_4_,0,000000,-,11.6000,16,12,0.0000,11.5000,富野,11.5000,0,otc,2,13:30:00,12.7000,26,10.4000,富野大飯店股份有限公司,11.5500,11.5000,0,TPEX,
2740.tw,-,-,20.otc.tw|1397518,-,0,0,30.0000,29.7500,000000,20260907,otc_2740.tw_20260907,30.2500_30.3000_31.0500_31.1000_31.1500_,27.6000_27.5500_27.4000_27.3500_27.3000_,2740,13.otc.tw|1896,20260907,14:30:00,2740.tw,1788762600000,14:30:00,1_1_1_1_1_,1_1_1_1_1_,0,000000,1129,30.2500,16,12,29.7500,28.0000,華軒,30.2500,0,otc,-,13:30:00,33.3000,6,27.3000,華軒地產股份有限公司,30.3000,-,0,TPEX,
2743.tw,13,13,9.otc.tw|212,59.1000,0,2,59.5000,59.3000,000000,20260907,otc_2743.tw_20260907,59.9000_60.0000_60.5000_60.6000_60.7000_,59.3000_59.1000_59.0000_58.9000_58.8000_,2743,13.otc.tw|2064,20260907,14:30:00,2743.tw,1788762600000,14:30:00,1_2_1_3_2_,1_5_9_2_2_,0,000000,865,60.8000,16,12,59.5000,59.0000,山富,60.0000,0,otc,13,13:30:00,65.0000,145,53.2000,山富國際旅行社股份有限公司,59.1000,59.3000,0,TPEX,
2745.tw,2,2,20.otc.tw|1397521,87.6000,0,0,90.3000,86.7000,000000,20260907,otc_2745.tw_20260907,87.6000_87.8000_87.9000_88.2000_88.3000_,87.5000_87.3000_87.2000_87.1000_87.0000_,2745,13.otc.tw|2232,20260907,14:30:00,2745.tw,1788762600000,14:30:00,2_2_1_2_2_,4_3_2_1_22_,0,000000,-,88.5000,16,12,0.0000,87.0000,五福,88.5000,0,otc,2,13:30:00,95.9000,38,78.5000,五福旅行社股份有限公司,87.2000,87.6000,0,TPEX,
2751.tw,1,1,20.otc.tw|1397523,51.8000,0,0,53.8000,51.8000,000000,20260907,otc_2751.tw_20260907,52.0000_52.2000_52.5000_53.0000_53.5000_,51.3000_51.2000_51.1000_51.0000_50.5000_,2751,13.otc.tw|1476,20260907,14:30:00,2751.tw,1788762600000,14:30:00,1_4_2_2_1_,1_1_2_2_1_,0,000000,-,51.8000,16,12,0.0000,51.8000,王座,51.8000,0,otc,1,13:30:00,57.7000,1,47.2500,王座國際餐飲股份有限公司,52.5000,51.8000,0,TPEX,
2752.tw,-,-,20.otc.tw|1397524,-,0,0,0.0000,177.0000,000000,20260907,otc_2752.tw_20260907,179.5000_180.0000_180.5000_181.0000_181.5000_,177.5000_175.5000_174.5000_174.0000_173.5000_,2752,13.otc.tw|1644,20260907,14:30:00,2752.tw,1788762600000,14:30:00,2_3_3_3_2_,1_2_2_1_1_,0,000000,-,180.0000,16,12,0.0000,177.0000,豆府,177.0000,0,otc,-,13:30:00,193.0000,20,158.0000,豆府股份有限公司,175.5000,-,0,TPEX,
2754.tw,2,2,20.otc.tw|1397261,67.7000,0,0,68.0000,67.7000,000000,20260907,otc_2754.tw_20260907,68.6000_68.7000_68.8000_69.2000_69.5000_,67.6000_67.5000_67.4000_67.2000_67.1000_,2754,13.otc.tw|1812,20260907,14:30:00,2754.tw,1788762600000,14:30:00,1_2_3_1_1_,1_3_1_1_1_,0,000000,-,68.7000,16,12,0.0000,67.7000,亞洲藏壽司,68.7000,0,otc,2,13:30:00,75.5000,31,61.9000,亞洲國際藏壽司股份有限公司,68.7000,67.7000,0,TPEX,
2755.tw,-,-,20.otc.tw|1397262,-,0,0,103.0000,100.5000,000000,20260907,otc_2755.tw_20260907,99.8000_99.9000_100.0000_100.5000_101.0000_,99.7000_99.6000_99.5000_99.4000_99.3000_,2755,13.otc.tw|1980,20260907,14:30:00,2755.tw,1788762600000,14:30:00,1_2_17_4_2_,1_1_22_1_2_,0,000000,246,100.0000,16,12,100.5000,99.5000,揚秦,100.0000,0,otc,-,13:30:00,110.5000,43,90.5000,揚秦國際企業股份有限公司,100.5000,-,0,TPEX,
2756.tw,3,3,20.otc.tw|1397264,63.2000,0,0,63.4000,62.5000,000000,20260907,otc_2756.tw_20260907,63.3000_63.5000_63.7000_64.0000_64.8000_,62.6000_61.8000_61.6000_61.2000_61.1000_,2756,13.otc.tw|2148,20260907,14:30:00,2756.tw,1788762600000,14:30:00,1_2_1_2_1_,1_1_1_1_1_,0,000000,-,63.3000,16,12,0.0000,61.1000,聯發國際,62.2000,0,otc,3,13:30:00,68.4000,45,56.0000,聯發國際餐飲事業股份有限公司,62.2000,63.2000,0,TPEX,
2916.tw,1,1,20.otc.tw|1397267,40.0500,0,0,40.4500,40.1500,000000,20260907,otc_2916.tw_20260907,40.0500_40.1000_40.1500_40.2000_40.2500_,40.0000_39.9500_39.9000_39.8500_39.8000_,2916,13.otc.tw|2316,20260907,14:30:00,2916.tw,1788762600000,14:30:00,1_2_11_3_1_,8_5_7_2_3_,0,000000,-,40.3000,38,12,0.0000,40.0000,滿心,40.0000,0,otc,1,13:30:00,44.0500,28,36.0500,滿心企業股份有限公司,40.0500,40.0500,0,TPEX,
2924.tw,-,-,20.otc.tw|1397268,-,0,0,16.8000,0.0000,000000,20260907,otc_2924.tw_20260907,16.6500_17.0000_17.3000_18.2500_18.3500_,-,2924,13.otc.tw|1393,20260907,14:30:00,2924.tw,1788762600000,14:30:00,1_1_1_11_1_,-,0,000000,-,17.9000,38,12,0.0000,16.1500,宏太-KY,17.9000,0,otc,-,13:30:00,19.6500,12,16.1500,開曼群島宏太股份有限公司,17.9000,-,0,TPEX,RR
2926.tw,-,-,20.otc.tw|1397269,-,0,0,30.0000,29.9500,000000,20260907,otc_2926.tw_20260907,29.9500_30.0000_30.1000_30.1500_30.2000_,29.7500_29.5500_29.5000_29.4000_29.3500_,2926,13.otc.tw|1561,20260907,14:30:00,2926.tw,1788762600000,14:30:00,1_2_2_1_1_,1_1_7_1_1_,0,000000,40,29.9000,32,12,30.0000,29.5000,誠品生活,29.6500,0,otc,-,13:30:00,33.5500,22,27.4500,誠品生活股份有限公司,30.5000,-,0,TPEX,
2937.tw,-,-,20.otc.tw|1397270,-,0,0,43.9500,43.7500,000000,20260907,otc_2937.tw_20260907,44.2000_45.2500_45.3000_45.4000_45.4500_,43.8000_43.7500_43.7000_43.4000_42.2000_,2937,13.otc.tw|1729,20260907,14:30:00,2937.tw,1788762600000,14:30:00,3_1_4_3_5_,4_2_3_2_3_,0,000000,-,44.3000,38,12,0.0000,43.8000,集雅社,44.3000,0,otc,-,13:30:00,48.7000,2,39.9000,集雅社股份有限公司,44.3000,-,0,TPEX,
2941.tw,-,-,20.otc.tw|1397271,-,0,0,0.0000,31.0000,000000,20260907,otc_2941.tw_20260907,32.9000_33.0000_33.6500_33.7000_33.7500_,31.1000_31.0000_30.9000_30.7500_30.6000_,2941,13.otc.tw|1897,20260907,14:30:00,2941.tw,1788762600000,14:30:00,2_1_1_14_1_,1_1_2_2_3_,0,000000,45,33.7000,38,12,31.0000,30.9000,米斯特,33.7000,0,otc,-,13:30:00,37.2500,6,30.5500,米斯特國際企業股份有限公司,33.9000,-,0,TPEX,
2947.tw,1,1,20.otc.tw|1397272,61.5000,0,0,61.7000,61.6000,000000,20260907,otc_2947.tw_20260907,63.3000_63.4000_66.6000_,61.5000_61.0000_60.1000_60.0000_,2947,13.otc.tw|2065,20260907,14:30:00,2947.tw,1788762600000,14:30:00,5_3_3_,9_1_2_5_,0,000000,375,61.6000,38,12,61.6000,61.5000,振宇五金,61.5000,0,otc,1,13:30:00,67.8000,4,55.6000,振宇五金股份有限公司,61.7000,61.6000,0,TPEX,
2948.tw,-,-,20.otc.tw|1397273,-,0,0,38.2000,36.1500,000000,20260907,otc_2948.tw_20260907,38.1000_38.3000_38.3500_38.4000_38.5000_,36.8500_36.8000_36.7500_36.7000_36.6500_,2948,13.otc.tw|2233,20260907,14:30:00,2948.tw,1788762600000,14:30:00,2_2_1_1_1_,1_1_1_1_1_,0,000000,-,38.3000,38,12,0.0000,36.8500,寶陞,38.3000,0,otc,-,13:30:00,41.9500,3,34.3500,寶陞國際股份有限公司,38.1500,-,0,TPEX,
2949.tw,-,-,20.otc.tw|1397274,-,0,,61.0000,58.1000,000000,20260907,otc_2949.tw_20260907,61.7000_61.8000_65.5000_,58.8000_58.7000_58.5000_58.0000_57.9000_,2949,13.otc.tw|1477,20260907,14:30:00,2949.tw,1788762600000,14:30:00,2_2_2_,1_1_1_1_2_,0,000000,-,-,36,12,0.0000,-,欣新網,-,0,otc,-,13:30:00,66.8000,0,54.8000,欣新網股份有限公司,60.8000,-,0,TPEX,
3064.tw,-,-,20.otc.tw|1397094,-,0,,0.0000,18.9000,000000,20260907,otc_3064.tw_20260907,20.5000_20.6000_20.8000_,17.2000_17.1500_17.1000_,3064,13.otc.tw|1645,20260907,14:30:00,3064.tw,1788762600000,14:30:00,1_1_1_,1_2_1_,0,000000,-,-,32,12,0.0000,-,泰偉,-,0,otc,-,13:30:00,20.8000,0,17.1000,泰偉電子股份有限公司,18.9500,-,0,TPEX,
3066.tw,39,39,9.otc.tw|234,24.0000,0,2,24.0500,24.0000,000000,20260907,otc_3066.tw_20260907,24.0500_24.1000_24.2000_24.2500_24.3000_,24.0000_23.9500_23.9000_23.8500_23.8000_,3066,13.otc.tw|1813,20260907,14:30:00,3066.tw,1788762600000,14:30:00,6_2_16_6_6_,2_4_45_4_14_,0,000000,130,25.0000,26,12,24.0500,24.0000,李洲,25.0000,0,otc,39,13:30:00,27.1500,673,22.2500,李洲科技股份有限公司,24.7000,24.0000,0,TPEX,
3067.tw,-,-,20.otc.tw|1397096,-,0,0,16.5500,16.3000,000000,20260907,otc_3067.tw_20260907,17.2000_17.5000_18.0000_18.8000_,16.5000_16.4500_16.4000_16.3500_16.3000_,3067,13.otc.tw|1981,20260907,14:30:00,3067.tw,1788762600000,14:30:00,1_1_1_4_,1_1_5_5_1_,0,000000,65,17.0000,38,12,16.5500,16.1500,全域,16.1500,0,otc,-,13:30:00,18.8500,23,15.4500,全域股份有限公司,17.1500,-,0,TPEX,
3071.tw,10,10,20.otc.tw|1397097,24.7000,0,0,24.8000,24.7500,000000,20260907,otc_3071.tw_20260907,24.7000_24.7500_24.8500_24.9000_24.9500_,24.6000_24.5500_24.5000_24.4500_24.4000_,3071,13.otc.tw|2149,20260907,14:30:00,3071.tw,1788762600000,14:30:00,1_2_2_1_2_,2_3_1_6_28_,0,000000,20,25.0000,25,12,24.7500,24.5000,協禧,25.0000,0,otc,10,13:30:00,27.6000,195,22.6000,協禧電機股份有限公司,25.1000,24.7000,0,TPEX,
3073.tw,1,1,20.otc.tw|1397098,22.3000,0,0,22.4000,22.0000,000000,20260907,otc_3073.tw_20260907,22.3000_22.5000_22.7000_22.9000_22.9500_,22.2000_22.1500_22.0500_22.0000_21.9000_,3073,13.otc.tw|2317,20260907,14:30:00,3073.tw,1788762600000,14:30:00,1_1_3_1_1_,2_3_4_5_3_,0,000000,161,22.6000,35,12,22.0000,22.0000,天方能源,22.6000,0,otc,1,13:30:00,24.8500,48,20.3500,天方能源科技股份有限公司,22.6000,22.3000,0,TPEX,
3078.tw,23,22,20.otc.tw|1397099,44.9500,0,0,45.6000,45.0500,000000,20260907,otc_3078.tw_20260907,44.9500_45.0000_45.1000_45.1500_45.2000_,44.8500_44.8000_44.7500_44.7000_44.6500_,3078,13.otc.tw|1394,20260907,14:30:00,3078.tw,1788762600000,14:30:00,1_2_4_4_15_,1_1_2_10_25_,0,000000,100,46.0000,28,12,45.6000,44.5000,僑威,45.9000,0,otc,23,13:30:00,50.7000,960,41.5000,僑威科技股份有限公司,46.1000,44.9500,0,TPEX,
3081.tw,131,127,9.otc.tw|239,3070.0000,0,11,3095.0000,3090.0000,000000,20260907,otc_3081.tw_20260907,3080.0000_3085.0000_3090.0000_3095.0000_3100.0000_,3070.0000_3065.0000_3060.0000_3055.0000_3050.0000_,3081,13.otc.tw|1562,20260907,14:30:00,3081.tw,1788762600000,14:30:00,4_10_13_18_14_,14_9_20_11_35_,0,000000,2604,3220.0000,27,12,3090.0000,3000.0000,聯亞,3220.0000,1,otc,131,13:30:00,3485.0000,3448,2855.0000,聯亞光電工業股份有限公司,3170.0000,3070.0000,0,TPEX,
3083.tw,11,11,20.otc.tw|1397103,22.8000,0,0,23.5000,22.9000,000000,20260907,otc_3083.tw_20260907,22.9000_22.9500_23.0000_23.1000_23.1500_,22.8000_22.7500_22.7000_22.6500_22.6000_,3083,13.otc.tw|1730,20260907,14:30:00,3083.tw,1788762600000,14:30:00,1_1_3_2_1_,19_4_3_4_3_,0,000000,20,22.9500,32,12,22.9000,22.8000,網龍,22.9500,0,otc,11,13:30:00,25.1500,51,20.6500,中華網龍股份有限公司,22.9000,22.8000,0,TPEX,
3085.tw,-,-,20.otc.tw|1397104,-,0,0,11.5500,11.4500,000000,20260907,otc_3085.tw_20260907,11.5000_11.5500_11.6000_11.6500_11.7000_,11.2000_11.1500_11.0500_11.0000_10.9500_,3085,13.otc.tw|1898,20260907,14:30:00,3085.tw,1788762600000,14:30:00,1_1_1_1_12_,1_3_4_3_4_,0,000000,-,11.5000,36,12,0.0000,11.5000,新零售,11.5000,0,otc,-,13:30:00,12.6500,1,10.3500,台鋼新零售股份有限公司,11.5000,-,0,TPEX,
3086.tw,5,5,20.otc.tw|1397105,30.4000,0,0,30.5000,30.4000,000000,20260907,otc_3086.tw_20260907,30.4000_30.5000_30.5500_30.7000_30.9000_,30.1000_29.9000_29.8500_29.8000_29.7500_,3086,13.otc.tw|2066,20260907,14:30:00,3086.tw,1788762600000,14:30:00,5_1_2_2_1_,3_1_1_2_1_,0,000000,390,32.0000,32,12,30.4000,29.6000,華義*,29.6000,0,otc,5,13:30:00,32.5500,190,26.6500,華義國際數位娛樂股份有限公司,29.6000,30.4000,0,TPEX,
3088.tw,52,51,9.otc.tw|245,124.0000,0,2,125.5000,125.0000,000000,20260907,otc_3088.tw_20260907,124.0000_124.5000_125.0000_125.5000_126.0000_,123.5000_123.0000_122.5000_122.0000_121.5000_,3088,13.otc.tw|2234,20260907,14:30:00,3088.tw,1788762600000,14:30:00,4_19_12_31_16_,34_58_33_45_21_,0,000000,132,129.0000,25,12,125.0000,123.0000,艾訊,129.0000,0,otc,52,13:30:00,139.5000,817,114.5000,艾訊股份有限公司,127.0000,124.0000,0,TPEX,
3093.tw,8,5,20.otc.tw|1397107,45.6500,0,0,45.7000,45.6000,000000,20260907,otc_3093.tw_20260907,45.7500_45.8000_45.8500_45.9000_45.9500_,45.3000_45.2000_45.1500_45.1000_45.0500_,3093,13.otc.tw|1478,20260907,14:30:00,3093.tw,1788762600000,14:30:00,3_1_2_1_3_,2_2_1_4_1_,0,000000,160,46.2500,31,12,45.7000,43.6500,港建*,46.2500,0,otc,8,13:30:00,49.7000,216,40.7000,台灣港建股份有限公司,45.2000,45.6000,0,TPEX,
3095.tw,1,-,20.otc.tw|1397108,-,0,0,36.4500,35.9000,000000,20260907,otc_3095.tw_20260907,36.1500_36.2000_36.3000_36.3500_36.4500_,34.9000_34.8000_34.5500_34.0000_,3095,13.otc.tw|1646,20260907,14:30:00,3095.tw,1788762600000,14:30:00,1_1_1_1_1_,1_1_1_1_,0,000000,251,37.8500,27,12,35.9000,35.4000,及成,35.4500,0,otc,1,13:30:00,38.6500,12,31.6500,及成企業股份有限公司,35.1500,35.7500,0,TPEX,
3105.tw,1567,1491,9.otc.tw|249,450.0000,0,36,451.5000,451.0000,000000,20260907,otc_3105.tw_20260907,450.5000_451.0000_451.5000_452.0000_452.5000_,450.0000_449.5000_449.0000_448.5000_448.0000_,3105,13.otc.tw|1814,20260907,14:30:00,3105.tw,1788762600000,14:30:00,143_72_52_75_98_,106_59_47_49_111_,0,000000,4793,463.0000,24,12,451.0000,446.5000,穩懋,453.5000,0,otc,1567,13:30:00,494.0000,19322,405.0000,穩懋半導體股份有限公司,449.5000,450.5000,0,TPEX,
3114.tw,4,4,20.otc.tw|1397111,31.1500,0,0,31.8000,31.5500,000000,20260907,otc_3114.tw_20260907,31.0500_31.1500_31.2500_31.3000_31.3500_,31.0000_30.9500_30.9000_30.8500_30.8000_,3114,13.otc.tw|1982,20260907,14:30:00,3114.tw,1788762600000,14:30:00,1_1_2_12_1_,2_5_1_10_6_,0,000000,116,31.8000,28,12,31.8000,30.8500,好德,31.8000,0,otc,4,13:30:00,34.9500,189,28.6500,好德科技股份有限公司,31.8000,31.0500,0,TPEX,
3115.tw,-,-,20.otc.tw|1396917,-,0,0,9.0500,9.0200,000000,20260907,otc_3115.tw_20260907,9.1600_9.1700_9.1900_9.2500_9.2600_,8.4500_8.4300_8.4200_8.3900_8.2800_,3115,13.otc.tw|2150,20260907,14:30:00,3115.tw,1788762600000,14:30:00,1_1_3_3_1_,1_1_3_1_2_,0,000000,99,9.2500,28,12,9.0500,8.4100,富榮綱,8.4100,0,otc,-,13:30:00,9.6300,4,7.8900,富育榮綱股份有限公司,8.7600,-,0,TPEX,
3118.tw,2,2,20.otc.tw|1396918,31.4000,0,0,31.5000,31.4000,000000,20260907,otc_3118.tw_20260907,31.6000_31.8000_31.8500_31.9500_32.0000_,31.4000_31.3500_31.3000_31.2500_31.2000_,3118,13.otc.tw|2318,20260907,14:30:00,3118.tw,1788762600000,14:30:00,1_1_2_1_5_,2_1_2_1_13_,0,000000,100,32.0500,22,12,31.5000,31.4000,進階,32.0500,0,otc,2,13:30:00,34.5000,14,28.3000,進階生物科技股份有限公司,31.4000,31.4000,0,TPEX,
3122.tw,2,2,20.otc.tw|1396919,25.0000,0,0,26.5000,25.0500,000000,20260907,otc_3122.tw_20260907,25.2000_25.3500_25.4000_25.4500_25.5000_,25.0000_24.9500_24.8500_24.8000_24.6000_,3122,13.otc.tw|1395,20260907,14:30:00,3122.tw,1788762600000,14:30:00,3_1_2_2_2_,3_2_1_2_5_,0,000000,-,25.4000,24,12,0.0000,25.0000,笙泉,25.2500,0,otc,2,13:30:00,27.7000,40,22.7000,笙泉科技股份有限公司,25.2000,25.0000,0,TPEX,
3128.tw,2,2,20.otc.tw|1396921,19.9000,0,0,19.8500,19.8000,000000,20260907,otc_3128.tw_20260907,19.9500_20.1000_20.1500_20.2000_20.5000_,19.8500_19.8000_19.7500_19.7000_19.6500_,3128,13.otc.tw|1563,20260907,14:30:00,3128.tw,1788762600000,14:30:00,1_7_5_10_3_,6_4_3_9_6_,0,000000,12,20.1000,26,12,19.8500,19.7000,昇銳,20.1000,0,otc,2,13:30:00,22.1000,107,18.1000,昇銳智慧科技股份有限公司,20.1000,19.9000,0,TPEX,
3131.tw,29,29,9.otc.tw|255,2555.0000,0,3,2545.0000,2540.0000,000000,20260907,otc_3131.tw_20260907,2555.0000_2560.0000_2565.0000_2570.0000_2575.0000_,2550.0000_2545.0000_2540.0000_2535.0000_2530.0000_,3131,13.otc.tw|1731,20260907,14:30:00,3131.tw,1788762600000,14:30:00,2_1_9_5_10_,36_4_5_5_5_,0,000000,818,2585.0000,24,12,2540.0000,2390.0000,弘塑,2400.0000,0,otc,29,13:30:00,2620.0000,650,2150.0000,弘塑科技股份有限公司,2385.0000,2555.0000,0,TPEX,
3141.tw,529,529,9.otc.tw|259,102.0000,0,13,105.5000,103.0000,000000,20260907,otc_3141.tw_20260907,102.0000_102.5000_103.0000_103.5000_104.0000_,101.5000_101.0000_100.5000_100.0000_99.9000_,3141,13.otc.tw|1899,20260907,14:30:00,3141.tw,1788762600000,14:30:00,74_89_140_28_60_,72_52_155_42_4_,0,000000,419,105.0000,24,12,103.0000,98.2000,晶宏,103.5000,1,otc,529,13:30:00,112.5000,8308,92.3000,晶宏半導體股份有限公司,102.5000,102.0000,0,TPEX,
3147.tw,22,21,20.otc.tw|1396929,221.5000,0,0,223.0000,222.5000,000000,20260907,otc_3147.tw_20260907,221.5000_222.0000_222.5000_223.0000_223.5000_,221.0000_220.5000_220.0000_219.5000_219.0000_,3147,13.otc.tw|2067,20260907,14:30:00,3147.tw,1788762600000,14:30:00,1_3_1_5_4_,6_6_17_6_25_,0,000000,51,226.5000,30,12,222.5000,218.5000,大綜,226.0000,0,otc,22,13:30:00,245.5000,359,201.5000,大綜電腦系統股份有限公司,223.5000,221.5000,0,TPEX,
3152.tw,4,4,20.otc.tw|1396931,233.5000,0,0,234.5000,234.0000,000000,20260907,otc_3152.tw_20260907,234.5000_235.0000_235.5000_236.0000_237.0000_,233.5000_233.0000_232.5000_232.0000_231.5000_,3152,13.otc.tw|2235,20260907,14:30:00,3152.tw,1788762600000,14:30:00,1_5_1_2_1_,4_6_3_3_2_,0,000000,565,238.0000,27,12,234.0000,233.5000,璟德,238.0000,0,otc,4,13:30:00,261.5000,70,214.5000,璟德電子工業股份有限公司,238.0000,233.5000,0,TPEX,
3158.tw,-,-,20.otc.tw|1396932,-,0,0,83.7000,83.6000,000000,20260907,otc_3158.tw_20260907,84.4000_84.5000_84.9000_85.0000_85.5000_,83.5000_83.4000_83.3000_83.2000_83.1000_,3158,13.otc.tw|1479,20260907,14:30:00,3158.tw,1788762600000,14:30:00,2_2_1_1_1_,3_2_3_2_1_,0,000000,21,84.5000,30,12,83.7000,83.4000,嘉實,84.0000,0,otc,-,13:30:00,91.6000,15,75.0000,嘉實資訊股份有限公司,83.3000,-,0,TPEX,
3162.tw,35,32,20.otc.tw|1396933,70.5000,0,0,72.7000,70.7000,000000,20260907,otc_3162.tw_20260907,70.5000_70.6000_70.7000_70.8000_70.9000_,70.3000_70.2000_70.1000_70.0000_69.9000_,3162,13.otc.tw|1647,20260907,14:30:00,3162.tw,1788762600000,14:30:00,5_3_2_1_7_,3_16_20_27_3_,0,000000,30,71.6000,05,12,70.7000,70.2000,精確,71.4000,0,otc,35,13:30:00,77.8000,554,63.8000,精確實業股份有限公司,70.8000,70.4000,0,TPEX,
3163.tw,278,277,9.otc.tw|267,752.0000,0,8,756.0000,755.0000,000000,20260907,otc_3163.tw_20260907,755.0000_756.0000_757.0000_759.0000_760.0000_,752.0000_751.0000_750.0000_749.0000_748.0000_,3163,13.otc.tw|1815,20260907,14:30:00,3163.tw,1788762600000,14:30:00,9_1_8_2_3_,2_18_49_12_35_,0,000000,7273,790.0000,27,12,755.0000,752.0000,波若威,784.0000,0,otc,278,13:30:00,852.0000,4449,698.0000,波若威科技股份有限公司,775.0000,752.0000,0,TPEX,
3169.tw,30,30,9.otc.tw|269,107.5000,0,4,111.0000,109.0000,000000,20260907,otc_3169.tw_20260907,109.0000_109.5000_110.0000_110.5000_111.0000_,107.5000_107.0000_106.5000_106.0000_105.5000_,3169,13.otc.tw|1983,20260907,14:30:00,3169.tw,1788762600000,14:30:00,14_1_3_7_15_,8_11_3_16_7_,0,000000,86,112.0000,24,12,109.0000,105.0000,亞信,107.5000,0,otc,30,13:30:00,114.5000,616,94.1000,亞信電子股份有限公司,104.5000,107.5000,0,TPEX,
3171.tw,3,3,20.otc.tw|1396937,62.5000,0,0,62.7000,62.5000,000000,20260907,otc_3171.tw_20260907,62.9000_63.0000_63.3000_63.5000_63.7000_,62.4000_62.3000_62.2000_62.1000_62.0000_,3171,13.otc.tw|2151,20260907,14:30:00,3171.tw,1788762600000,14:30:00,1_4_1_3_1_,1_1_2_1_7_,0,000000,93,63.8000,38,12,62.5000,62.5000,炎洲流通,63.4000,0,otc,3,13:30:00,68.9000,13,56.5000,炎洲流通股份有限公司,62.7000,62.5000,0,TPEX,
3176.tw,37,37,20.otc.tw|1396938,34.7500,0,0,36.8000,34.8500,000000,20260907,otc_3176.tw_20260907,34.9500_35.0000_35.0500_35.1500_35.2000_,34.7500_34.7000_34.6500_34.6000_34.5500_,3176,13.otc.tw|2319,20260907,14:30:00,3176.tw,1788762600000,14:30:00,4_31_5_1_1_,9_12_2_14_2_,0,000000,1,35.2000,22,12,35.0000,34.5000,基亞,35.1000,0,otc,37,13:30:00,38.5000,434,31.5000,基亞生物科技股份有限公司,35.0000,34.7500,0,TPEX,
3178.tw,1,1,20.otc.tw|1396939,61.9000,0,0,63.8000,61.9000,000000,20260907,otc_3178.tw_20260907,61.9000_62.3000_62.8000_62.9000_63.0000_,61.1000_61.0000_60.7000_60.5000_60.3000_,3178,13.otc.tw|1396,20260907,14:30:00,3178.tw,1788762600000,14:30:00,2_2_1_1_1_,1_13_2_1_2_,0,000000,-,62.3000,24,12,0.0000,61.0000,公準,62.3000,0,otc,1,13:30:00,68.5000,17,56.1000,公準精密工業股份有限公司,62.3000,61.9000,0,TPEX,
3188.tw,3,2,20.otc.tw|1396940,24.6500,0,0,24.7000,24.6000,000000,20260907,otc_3188.tw_20260907,24.7000_24.7500_24.8000_24.8500_24.9000_,24.6000_24.5500_24.5000_24.4500_24.4000_,3188,13.otc.tw|1564,20260907,14:30:00,3188.tw,1788762600000,14:30:00,1_6_7_7_12_,3_7_13_23_11_,0,000000,-,25.1000,14,12,0.0000,24.5000,鑫龍騰,24.9000,0,otc,3,13:30:00,27.3500,216,22.4500,鑫龍騰開發股份有限公司,24.9000,24.6500,0,TPEX,
3191.tw,1,-,20.otc.tw|1396744,-,0,0,17.3000,17.0500,000000,20260907,otc_3191.tw_20260907,17.3500_17.4000_17.6000_17.9000_17.9500_,17.2000_17.1500_17.1000_17.0500_16.8500_,3191,13.otc.tw|1732,20260907,14:30:00,3191.tw,1788762600000,14:30:00,1_1_1_1_1_,3_5_3_2_1_,0,000000,99,17.3000,28,12,17.0500,17.1500,雲嘉南,17.3000,0,otc,1,13:30:00,19.0000,27,15.6000,雲嘉南科技股份有限公司,17.3000,17.2000,0,TPEX,
3205.tw,1,1,20.otc.tw|1396745,46.8000,0,0,46.9500,46.3000,000000,20260907,otc_3205.tw_20260907,46.9500_47.0000_47.1000_47.2000_47.2500_,46.6000_46.3500_46.2500_46.2000_46.1000_,3205,13.otc.tw|1900,20260907,14:30:00,3205.tw,1788762600000,14:30:00,1_2_10_2_3_,1_1_1_2_1_,0,000000,101,47.2000,22,12,46.3000,46.5000,佰研,47.2000,0,otc,1,13:30:00,50.8000,8,41.6000,佰研生化科技股份有限公司,46.2000,46.8000,0,TPEX,
3206.tw,-,-,20.otc.tw|1396746,-,0,0,35.1000,34.7500,000000,20260907,otc_3206.tw_20260907,35.0000_35.0500_35.1500_35.2000_35.2500_,34.9500_34.9000_34.8000_34.5500_34.5000_,3206,13.otc.tw|2068,20260907,14:30:00,3206.tw,1788762600000,14:30:00,4_14_3_8_1_,1_1_1_4_3_,0,000000,1,35.5000,28,12,34.7500,34.0000,志豐,34.4500,0,otc,-,13:30:00,37.8500,65,31.0500,志豐電子股份有限公司,34.4500,-,0,TPEX,
3207.tw,7,7,20.otc.tw|1396747,39.1000,0,0,39.5000,39.2500,000000,20260907,otc_3207.tw_20260907,39.2000_39.3000_39.4000_39.4500_39.5000_,39.1000_39.0500_39.0000_38.9000_38.8000_,3207,13.otc.tw|2236,20260907,14:30:00,3207.tw,1788762600000,14:30:00,1_15_1_1_1_,2_3_3_3_31_,0,000000,16,39.8500,28,12,39.2500,38.9000,耀勝,39.8500,0,otc,7,13:30:00,44.0000,141,36.0000,耀勝電子股份有限公司,40.0000,39.1000,0,TPEX,
3211.tw,261,261,9.otc.tw|279,384.0000,0,5,387.0000,386.5000,000000,20260907,otc_3211.tw_20260907,384.5000_385.0000_385.5000_386.0000_386.5000_,384.0000_383.5000_383.0000_382.5000_382.0000_,3211,13.otc.tw|1480,20260907,14:30:00,3211.tw,1788762600000,14:30:00,8_3_2_7_7_,20_18_31_4_29_,0,000000,1663,398.0000,25,12,387.0000,383.5000,順達,398.0000,0,otc,261,13:30:00,424.5000,3200,347.5000,順達科技股份有限公司,386.0000,384.0000,0,TPEX,
3213.tw,22,22,9.otc.tw|280,126.0000,0,1,125.5000,125.0000,000000,20260907,otc_3213.tw_20260907,126.0000_126.5000_127.0000_127.5000_128.0000_,125.5000_125.0000_124.5000_124.0000_123.5000_,3213,13.otc.tw|1648,20260907,14:30:00,3213.tw,1788762600000,14:30:00,20_8_12_10_13_,5_30_55_79_23_,0,000000,316,129.5000,25,12,125.5000,124.5000,茂訊,129.5000,0,otc,22,13:30:00,141.5000,716,116.5000,茂訊電腦股份有限公司,129.0000,126.0000,0,TPEX,
3217.tw,12,12,20.otc.tw|1396751,136.0000,0,0,138.0000,137.0000,000000,20260907,otc_3217.tw_20260907,136.0000_136.5000_137.0000_137.5000_138.0000_,135.5000_135.0000_134.5000_134.0000_133.5000_,3217,13.otc.tw|1816,20260907,14:30:00,3217.tw,1788762600000,14:30:00,20_15_24_5_8_,4_12_25_34_22_,0,000000,437,136.0000,28,12,137.0000,133.0000,優群,134.0000,0,otc,12,13:30:00,147.0000,295,121.0000,優群科技股份有限公司,134.0000,136.0000,0,TPEX,
3218.tw,7,7,20.otc.tw|1396752,137.0000,0,0,138.5000,137.5000,000000,20260907,otc_3218.tw_20260907,137.5000_138.0000_138.5000_139.0000_139.5000_,137.0000_136.5000_136.0000_135.5000_135.0000_,3218,13.otc.tw|1984,20260907,14:30:00,3218.tw,1788762600000,14:30:00,2_5_5_6_6_,3_10_41_25_47_,0,000000,200,139.5000,22,12,138.5000,136.0000,大學光,139.5000,0,otc,7,13:30:00,152.0000,164,125.0000,大學光學科技股份有限公司,138.5000,137.0000,0,TPEX,
3219.tw,34,34,20.otc.tw|1396753,93.3000,0,0,93.3000,93.0000,000000,20260907,otc_3219.tw_20260907,93.4000_93.5000_93.6000_93.7000_93.8000_,93.3000_93.1000_93.0000_92.8000_92.6000_,3219,13.otc.tw|2152,20260907,14:30:00,3219.tw,1788762600000,14:30:00,10_4_5_1_3_,1_4_1_1_1_,0,000000,175,95.0000,31,12,93.0000,91.4000,倚強科,92.3000,0,otc,34,13:30:00,100.0000,702,82.2000,倚強科技股份有限公司,91.3000,93.3000,0,TPEX,
3221.tw,174,174,9.otc.tw|285,51.2000,0,9,51.7000,51.6000,000000,20260907,otc_3221.tw_20260907,51.2000_51.3000_51.4000_51.5000_51.6000_,51.1000_51.0000_50.9000_50.8000_50.7000_,3221,13.otc.tw|2320,20260907,14:30:00,3221.tw,1788762600000,14:30:00,67_19_15_60_14_,46_112_14_28_27_,0,000000,377,52.4000,27,12,51.6000,48.9500,台嘉碩,49.9500,0,otc,174,13:30:00,54.3000,3931,44.5000,台灣嘉碩科技股份有限公司,49.4000,51.2000,0,TPEX,
3224.tw,2,2,20.otc.tw|1396756,33.2500,0,0,33.3500,33.0000,000000,20260907,otc_3224.tw_20260907,33.3000_33.3500_33.4000_33.6500_33.9000_,33.1000_33.0500_33.0000_32.9000_32.8000_,3224,13.otc.tw|1397,20260907,14:30:00,3224.tw,1788762600000,14:30:00,1_2_1_1_1_,1_1_20_1_1_,0,000000,-,33.4000,29,12,0.0000,33.0000,三顧,33.4000,0,otc,2,13:30:00,36.6000,31,30.0000,三顧股份有限公司,33.3000,33.2500,0,TPEX,
3226.tw,5,5,20.otc.tw|1396757,55.1000,0,0,55.1000,53.0000,000000,20260907,otc_3226.tw_20260907,55.1000_55.2000_55.3000_55.4000_55.5000_,53.0000_,3226,13.otc.tw|1565,20260907,14:30:00,3226.tw,1788762600000,14:30:00,1_2_1_1_2_,1_,0,000000,-,56.0000,05,12,0.0000,54.5000,龍鋒,54.9000,0,otc,5,13:30:00,60.5000,23,49.5000,龍鋒科技股份有限公司,55.0000,55.1000,0,TPEX,
3227.tw,22,22,20.otc.tw|1396758,190.5000,0,0,193.5000,192.5000,000000,20260907,otc_3227.tw_20260907,190.5000_191.0000_191.5000_192.0000_192.5000_,190.0000_189.5000_189.0000_188.5000_188.0000_,3227,13.otc.tw|1733,20260907,14:30:00,3227.tw,1788762600000,14:30:00,5_5_12_9_17_,110_26_45_38_94_,0,000000,54,193.0000,24,12,192.5000,190.0000,原相,192.5000,0,otc,22,13:30:00,211.0000,684,173.0000,原相科技股份有限公司,192.0000,190.5000,0,TPEX,
3228.tw,12,12,9.otc.tw|289,177.0000,0,1,178.0000,177.0000,000000,20260907,otc_3228.tw_20260907,177.5000_178.0000_178.5000_179.0000_179.5000_,176.5000_176.0000_175.5000_175.0000_174.5000_,3228,13.otc.tw|1901,20260907,14:30:00,3228.tw,1788762600000,14:30:00,1_1_2_9_11_,7_7_3_10_9_,0,000000,155,180.0000,24,12,177.0000,174.0000,金麗科,178.0000,0,otc,12,13:30:00,191.0000,196,157.0000,金麗科技股份有限公司,174.0000,177.0000,0,TPEX,
3230.tw,21,21,9.otc.tw|290,42.1500,0,1,0.0000,42.4500,000000,20260907,otc_3230.tw_20260907,42.3000_42.3500_42.4000_42.4500_42.5000_,42.2000_42.1500_42.1000_42.0500_42.0000_,3230,13.otc.tw|2069,20260907,14:30:00,3230.tw,1788762600000,14:30:00,1_1_1_2_5_,2_25_10_12_35_,0,000000,-,43.3000,26,12,0.0000,42.0500,錦明,42.6000,0,otc,21,13:30:00,46.5500,248,38.1500,錦明實業股份有限公司,42.3500,42.2000,0,TPEX,
3232.tw,-,-,20.otc.tw|1396761,-,0,0,19.7500,19.6500,000000,20260907,otc_3232.tw_20260907,19.7000_19.8000_19.8500_19.9000_20.1500_,19.6500_19.5500_19.2000_19.1500_19.1000_,3232,13.otc.tw|2237,20260907,14:30:00,3232.tw,1788762600000,14:30:00,6_3_1_3_1_,1_10_1_1_3_,0,000000,1,19.7000,29,12,19.6500,19.6500,昱捷,19.7000,0,otc,-,13:30:00,21.5500,6,17.6500,昱捷股份有限公司,19.6000,-,0,TPEX,
3234.tw,109,109,9.otc.tw|292,199.5000,0,6,200.5000,200.0000,000000,20260907,otc_3234.tw_20260907,200.0000_200.5000_201.0000_201.5000_202.0000_,199.5000_199.0000_198.5000_198.0000_197.5000_,3234,13.otc.tw|1481,20260907,14:30:00,3234.tw,1788762600000,14:30:00,14_3_5_25_30_,36_57_41_92_25_,0,000000,3267,205.5000,27,12,200.0000,196.0000,光環,202.0000,0,otc,109,13:30:00,226.5000,4173,185.5000,光環科技股份有限公司,206.0000,199.5000,0,TPEX,
3236.tw,209,200,9.otc.tw|293,45.9000,0,7,45.9500,45.9000,000000,20260907,otc_3236.tw_20260907,46.0000_46.0500_46.1000_46.1500_46.2000_,45.9500_45.9000_45.8500_45.8000_45.7500_,3236,13.otc.tw|1649,20260907,14:30:00,3236.tw,1788762600000,14:30:00,18_1_2_1_6_,4_14_5_14_4_,0,000000,809,47.1500,28,12,45.9500,44.5500,千如,45.0500,0,otc,209,13:30:00,48.8500,5318,40.0500,千如電機工業股份有限公司,44.4500,45.9500,0,TPEX,
3252.tw,-,-,20.otc.tw|1396764,-,0,0,15.4000,15.3500,000000,20260907,otc_3252.tw_20260907,15.3000_15.4000_15.4500_15.5000_15.6000_,15.2000_15.1000_15.0500_15.0000_14.8000_,3252,13.otc.tw|1817,20260907,14:30:00,3252.tw,1788762600000,14:30:00,1_3_1_5_6_,1_1_2_2_3_,0,000000,6,15.6500,16,12,15.3500,15.3000,海灣,15.4500,0,otc,-,13:30:00,17.0500,15,13.9500,海灣國際科技股份有限公司,15.5000,-,0,TPEX,
3259.tw,10,10,20.otc.tw|1396766,11.1000,0,0,11.1000,10.9500,000000,20260907,otc_3259.tw_20260907,11.8000_11.8500_11.9000_12.0000_12.1000_,11.0500_11.0000_10.9500_,3259,13.otc.tw|1985,20260907,14:30:00,3259.tw,1788762600000,14:30:00,1_1_5_4_5_,2_7_18_,0,000000,665,12.1500,24,12,10.9500,11.1000,鑫創,12.1500,0,otc,10,13:30:00,13.3500,33,10.9500,鑫創科技股份有限公司,12.1500,11.1000,0,TPEX,
3260.tw,343,320,9.otc.tw|296,412.0000,0,6,413.0000,412.5000,000000,20260907,otc_3260.tw_20260907,412.5000_413.0000_413.5000_414.0000_414.5000_,412.0000_411.5000_411.0000_410.5000_410.0000_,3260,13.otc.tw|2153,20260907,14:30:00,3260.tw,1788762600000,14:30:00,10_61_30_68_68_,99_90_96_79_153_,0,000000,1815,419.0000,24,12,412.5000,410.0000,威剛,410.0000,0,otc,343,13:30:00,440.5000,6263,360.5000,威剛科技股份有限公司,400.5000,412.0000,0,TPEX,
3264.tw,170,156,9.otc.tw|297,227.5000,0,12,228.5000,227.5000,000000,20260907,otc_3264.tw_20260907,227.5000_228.0000_228.5000_229.0000_229.5000_,227.0000_226.5000_226.0000_225.5000_225.0000_,3264,13.otc.tw|2321,20260907,14:30:00,3264.tw,1788762600000,14:30:00,6_9_25_23_42_,76_16_69_48_81_,0,000000,1164,233.0000,24,12,227.5000,227.0000,欣銓,230.0000,0,otc,170,13:30:00,249.5000,3079,204.5000,欣銓科技股份有限公司,227.0000,227.0000,0,TPEX,
3265.tw,39,38,9.otc.tw|298,176.5000,0,1,176.0000,175.0000,000000,20260907,otc_3265.tw_20260907,176.5000_177.0000_177.5000_178.0000_178.5000_,176.0000_175.5000_175.0000_174.5000_174.0000_,3265,13.otc.tw|1398,20260907,14:30:00,3265.tw,1788762600000,14:30:00,5_5_6_30_36_,65_12_23_18_19_,0,000000,1388,179.5000,24,12,175.0000,176.0000,台星科,179.0000,0,otc,39,13:30:00,194.0000,814,159.0000,台星科股份有限公司,176.5000,176.0000,0,TPEX,
3268.tw,1,1,20.otc.tw|1397870,18.3000,0,0,18.4000,18.3000,000000,20260907,otc_3268.tw_20260907,18.4500_18.5000_18.5500_18.6000_18.6500_,18.1000_18.0500_18.0000_17.8000_17.7000_,3268,13.otc.tw|1566,20260907,14:30:00,3268.tw,1788762600000,14:30:00,2_1_2_2_2_,3_1_3_2_1_,0,000000,-,18.8000,24,12,0.0000,17.3000,海德威,17.4000,0,otc,1,13:30:00,19.1000,74,15.7000,海德威電子工業股份有限公司,17.4000,18.3000,0,TPEX,
3272.tw,1,1,20.otc.tw|1397871,14.5500,0,0,14.6000,14.4000,000000,20260907,otc_3272.tw_20260907,14.5500_14.6000_14.7000_14.8000_14.8500_,14.5000_14.4500_14.4000_14.3500_14.2500_,3272,13.otc.tw|1734,20260907,14:30:00,3272.tw,1788762600000,14:30:00,2_5_1_1_6_,1_1_3_3_1_,0,000000,720,14.6000,25,12,14.4000,14.4000,東碩,14.5500,0,otc,1,13:30:00,16.0500,36,13.1500,東碩資訊股份有限公司,14.6000,14.5500,0,TPEX,
3276.tw,6,6,20.otc.tw|1397873,14.0500,0,0,0.0000,14.1000,000000,20260907,otc_3276.tw_20260907,14.1500_14.2000_14.2500_14.3000_14.3500_,14.0500_14.0000_13.9500_13.9000_13.8500_,3276,13.otc.tw|1902,20260907,14:30:00,3276.tw,1788762600000,14:30:00,23_7_5_7_5_,5_128_43_10_5_,0,000000,4,14.1500,28,12,14.1000,13.9500,宇環,14.1500,0,otc,6,13:30:00,15.6000,162,12.8000,宇環科技股份有限公司,14.2000,14.0500,0,TPEX,
3284.tw,17,17,20.otc.tw|1397874,20.2000,0,0,20.2000,20.0500,000000,20260907,otc_3284.tw_20260907,20.2000_20.2500_20.3000_20.3500_20.4000_,20.1500_20.1000_20.0000_19.9500_19.9000_,3284,13.otc.tw|2070,20260907,14:30:00,3284.tw,1788762600000,14:30:00,11_1_3_1_3_,5_2_33_9_20_,0,000000,-,20.5500,20,12,0.0000,20.0000,太普高,20.4500,0,otc,17,13:30:00,22.9000,262,18.8000,太普高精密影像股份有限公司,20.8500,20.2000,0,TPEX,
3285.tw,1,1,20.otc.tw|1397876,41.1000,0,0,41.1000,40.8500,000000,20260907,otc_3285.tw_20260907,41.7000_42.4000_42.8000_42.8500_42.9000_,41.1000_41.0500_41.0000_40.1500_40.1000_,3285,13.otc.tw|2238,20260907,14:30:00,3285.tw,1788762600000,14:30:00,1_2_1_1_2_,3_1_1_1_1_,0,000000,200,42.9500,31,12,41.1000,41.1000,微端,42.9500,0,otc,1,13:30:00,45.1000,4,36.9000,微端科技股份有限公司,41.0000,41.1000,0,TPEX,
3287.tw,14,14,9.otc.tw|304,35.4500,0,1,0.0000,35.6500,000000,20260907,otc_3287.tw_20260907,35.7000_35.7500_35.8000_35.8500_35.9000_,35.4000_35.3500_35.2500_35.2000_35.1000_,3287,13.otc.tw|1482,20260907,14:30:00,3287.tw,1788762600000,14:30:00,2_3_7_1_4_,4_2_2_18_1_,0,000000,-,36.3000,25,12,0.0000,35.4500,廣寰科,36.3000,0,otc,14,13:30:00,40.2500,260,32.9500,廣寰科技股份有限公司,36.6000,35.4500,0,TPEX,
3288.tw,2,2,20.otc.tw|1397878,20.3000,0,0,22.0000,20.3500,000000,20260907,otc_3288.tw_20260907,20.3500_20.4000_20.4500_20.6500_20.7000_,20.0000_19.9000_19.2500_19.2000_18.8000_,3288,13.otc.tw|1650,20260907,14:30:00,3288.tw,1788762600000,14:30:00,1_1_2_2_1_,1_1_2_5_1_,0,000000,43,20.4500,28,12,20.3500,20.3000,點晶,20.4000,0,otc,2,13:30:00,22.8500,20,18.7500,點晶科技股份有限公司,20.8000,20.3000,0,TPEX,
3289.tw,25,25,20.otc.tw|1397879,140.5000,0,0,141.5000,141.0000,000000,20260907,otc_3289.tw_20260907,141.0000_141.5000_142.0000_142.5000_143.0000_,140.5000_140.0000_139.5000_139.0000_138.5000_,3289,13.otc.tw|1818,20260907,14:30:00,3289.tw,1788762600000,14:30:00,2_7_22_23_24_,2_23_13_28_18_,0,000000,465,143.0000,31,12,141.0000,140.0000,宜特,143.0000,0,otc,25,13:30:00,154.0000,485,126.0000,宜特科技股份有限公司,140.0000,140.5000,0,TPEX,
3290.tw,21,21,9.otc.tw|307,46.2500,0,1,46.4000,46.1000,000000,20260907,otc_3290.tw_20260907,46.2500_46.3000_46.3500_46.6000_46.6500_,46.2000_46.1500_46.0500_46.0000_45.9500_,3290,13.otc.tw|1986,20260907,14:30:00,3290.tw,1788762600000,14:30:00,3_4_1_5_5_,1_11_2_15_4_,0,000000,400,46.6500,28,12,46.1000,44.6500,東浦,45.5500,0,otc,21,13:30:00,50.0000,849,40.9500,東浦精密光電股份有限公司,45.5000,46.2500,0,TPEX,
3293.tw,129,123,9.otc.tw|308,709.0000,0,2,712.0000,711.0000,000000,20260907,otc_3293.tw_20260907,711.0000_712.0000_713.0000_714.0000_715.0000_,710.0000_709.0000_708.0000_707.0000_706.0000_,3293,13.otc.tw|2154,20260907,14:30:00,3293.tw,1788762600000,14:30:00,10_9_36_32_36_,8_67_23_47_26_,0,000000,1433,714.0000,32,12,712.0000,707.0000,鈊象,714.0000,0,otc,129,13:30:00,779.0000,1066,639.0000,鈊象電子股份有限公司,709.0000,710.0000,0,TPEX,
3294.tw,8,8,9.otc.tw|309,29.8500,0,2,29.9500,29.8500,000000,20260907,otc_3294.tw_20260907,29.9000_29.9500_30.0000_30.0500_30.1000_,29.8000_29.7500_29.7000_29.6500_29.6000_,3294,13.otc.tw|2322,20260907,14:30:00,3294.tw,1788762600000,14:30:00,2_3_22_2_4_,26_10_12_5_10_,0,000000,7,30.2000,28,12,29.9500,29.7500,英濟,30.0500,0,otc,8,13:30:00,33.0000,155,27.0000,英濟股份有限公司,30.0000,29.8500,0,TPEX,
3297.tw,-,-,20.otc.tw|1397884,-,0,0,28.4000,27.3000,000000,20260907,otc_3297.tw_20260907,27.2000_27.3000_27.3500_27.5000_27.5500_,27.1500_27.0500_27.0000_26.9000_26.7000_,3297,13.otc.tw|1399,20260907,14:30:00,3297.tw,1788762600000,14:30:00,1_1_4_3_1_,1_7_5_10_2_,0,000000,-,27.6000,26,12,0.0000,27.0500,杭特,27.3000,0,otc,-,13:30:00,30.0000,30,24.6000,杭特電子股份有限公司,27.3000,-,0,TPEX,
3303.tw,5,5,20.otc.tw|1397885,51.2000,0,0,51.3000,51.2000,000000,20260907,otc_3303.tw_20260907,51.5000_51.6000_51.7000_51.8000_51.9000_,51.2000_51.1000_51.0000_50.9000_50.8000_,3303,13.otc.tw|1567,20260907,14:30:00,3303.tw,1788762600000,14:30:00,2_10_4_4_3_,13_10_30_19_7_,0,000000,45,51.6000,31,12,51.3000,51.1000,岱稜,51.6000,0,otc,5,13:30:00,56.4000,193,46.2000,岱稜科技股份有限公司,51.3000,51.2000,0,TPEX,
3306.tw,3,3,20.otc.tw|1397888,44.6500,0,0,44.8000,44.5500,000000,20260907,otc_3306.tw_20260907,44.8500_44.9500_45.0000_45.1000_45.1500_,44.6500_44.6000_44.5000_44.2500_44.2000_,3306,13.otc.tw|1735,20260907,14:30:00,3306.tw,1788762600000,14:30:00,1_1_32_1_2_,4_2_4_2_2_,0,000000,1,46.4500,27,12,44.5500,44.6500,鼎天,45.0500,0,otc,3,13:30:00,49.4000,50,40.5000,鼎天國際股份有限公司,44.9500,44.6500,0,TPEX,
3310.tw,3,3,20.otc.tw|1397889,67.2000,0,0,67.5000,66.5000,000000,20260907,otc_3310.tw_20260907,67.4000_68.0000_68.5000_68.7000_69.2000_,67.2000_67.1000_67.0000_66.5000_66.0000_,3310,13.otc.tw|1903,20260907,14:30:00,3310.tw,1788762600000,14:30:00,1_3_1_1_1_,3_1_3_1_2_,0,000000,64,68.8000,28,12,67.5000,67.2000,佳穎,68.8000,0,otc,3,13:30:00,75.6000,24,62.0000,佳穎精密企業股份有限公司,68.8000,67.2000,0,TPEX,
3313.tw,11,10,20.otc.tw|1397891,10.7500,0,0,10.7500,10.7000,000000,20260907,otc_3313.tw_20260907,10.7500_10.8000_10.8500_10.9000_10.9500_,10.7000_10.6500_10.6000_10.5500_10.5000_,3313,13.otc.tw|2071,20260907,14:30:00,3313.tw,1788762600000,14:30:00,1_9_4_2_3_,10_18_27_31_23_,0,000000,40,11.6000,14,12,10.7500,10.6500,斐成,10.7500,0,otc,11,13:30:00,11.8500,499,9.7200,斐成開發科技股份有限公司,10.8000,10.7000,0,TPEX,
3317.tw,25,25,20.otc.tw|1397893,62.2000,0,0,62.4000,62.2000,000000,20260907,otc_3317.tw_20260907,62.3000_62.4000_62.5000_62.6000_62.7000_,62.2000_62.1000_62.0000_61.9000_61.8000_,3317,13.otc.tw|2239,20260907,14:30:00,3317.tw,1788762600000,14:30:00,3_2_3_16_2_,17_6_14_2_6_,0,000000,663,63.8000,24,12,62.2000,62.1000,尼克森,63.4000,0,otc,25,13:30:00,68.8000,415,56.4000,尼克森微電子股份有限公司,62.6000,62.2000,0,TPEX,
3322.tw,9,10,20.otc.tw|1397527,11.0500,0,0,11.1000,11.0500,000000,20260907,otc_3322.tw_20260907,11.1500_11.2000_11.2500_11.3000_11.3500_,11.0500_11.0000_10.9500_10.9000_10.8500_,3322,13.otc.tw|1483,20260907,14:30:00,3322.tw,1788762600000,14:30:00,7_18_12_7_9_,21_91_34_44_44_,0,000000,-,11.2000,28,12,0.0000,11.0000,建舜電,11.1500,0,otc,9,13:30:00,12.2000,164,9.9900,建舜電子製造股份有限公司,11.1000,11.0500,0,TPEX,
3323.tw,4,4,20.otc.tw|1397529,28.6500,0,0,28.7500,28.5000,000000,20260907,otc_3323.tw_20260907,28.6500_28.7500_28.8000_28.9000_28.9500_,28.6000_28.5500_28.5000_28.4500_28.4000_,3323,13.otc.tw|1651,20260907,14:30:00,3323.tw,1788762600000,14:30:00,1_6_2_2_8_,3_14_10_8_41_,0,000000,200,29.0000,25,12,28.5000,28.4000,加百裕,29.0000,0,otc,4,13:30:00,31.7500,219,26.0500,加百裕工業股份有限公司,28.9000,28.6500,0,TPEX,
3324.tw,142,136,9.otc.tw|321,1440.0000,0,24,1445.0000,1440.0000,000000,20260907,otc_3324.tw_20260907,1440.0000_1445.0000_1450.0000_1455.0000_1460.0000_,1435.0000_1430.0000_1425.0000_1420.0000_1415.0000_,3324,13.otc.tw|1819,20260907,14:30:00,3324.tw,1788762600000,14:30:00,10_25_21_22_7_,27_25_45_69_28_,0,000000,2982,1505.0000,31,12,1440.0000,1425.0000,雙鴻,1505.0000,3,otc,142,13:30:00,1630.0000,1960,1340.0000,雙鴻科技股份有限公司,1485.0000,1440.0000,0,TPEX,
3325.tw,-,-,20.otc.tw|1397534,-,0,0,11.4500,11.2000,000000,20260907,otc_3325.tw_20260907,11.4000_11.4500_11.5000_11.5500_11.6000_,11.2500_11.2000_11.1500_11.1000_11.0500_,3325,13.otc.tw|1987,20260907,14:30:00,3325.tw,1788762600000,14:30:00,2_7_9_3_4_,11_6_11_9_15_,0,000000,-,11.4500,25,12,0.0000,11.2500,旭品,11.3000,0,otc,-,13:30:00,12.3000,41,10.1000,旭品科技股份有限公司,11.2000,-,0,TPEX,
3332.tw,1,1,20.otc.tw|1397535,60.8000,0,0,60.8000,58.9000,000000,20260907,otc_3332.tw_20260907,61.7000_62.5000_62.6000_62.8000_63.0000_,60.8000_60.2000_60.1000_60.0000_59.6000_,3332,13.otc.tw|2155,20260907,14:30:00,3332.tw,1788762600000,14:30:00,1_1_1_2_1_,1_1_1_2_1_,0,000000,-,61.1000,28,12,0.0000,60.8000,幸康,61.1000,0,otc,1,13:30:00,67.1000,7,54.9000,幸康電子股份有限公司,61.0000,60.8000,0,TPEX,
3339.tw,135,135,9.otc.tw|327,44.3000,0,2,44.2500,43.8500,000000,20260907,otc_3339.tw_20260907,44.3000_44.3500_44.4000_44.4500_44.5000_,43.6000_43.5000_43.2000_43.1500_43.1000_,3339,13.otc.tw|2323,20260907,14:30:00,3339.tw,1788762600000,14:30:00,5_3_15_1_11_,1_1_3_7_18_,0,000000,220,45.0500,26,12,44.2500,42.8000,泰谷,45.0000,0,otc,135,13:30:00,48.1500,1656,39.4500,泰谷光電科技股份有限公司,43.8000,44.3000,0,TPEX,
3349.tw,100,100,20.otc.tw|1397538,22.5000,0,0,22.4500,21.3500,000000,20260907,otc_3349.tw_20260907,22.5000_22.5500_22.6000_22.6500_22.8000_,21.0000_20.3000_20.2500_,3349,13.otc.tw|1400,20260907,14:30:00,3349.tw,1788762600000,14:30:00,6_1_1_3_1_,1_5_16_,0,000000,5,22.5000,25,12,22.4500,20.3000,寶德,22.5000,0,otc,100,13:30:00,24.6500,356,20.2500,寶德科技股份有限公司,22.4500,22.5000,0,TPEX,
3354.tw,3,3,20.otc.tw|1397539,26.4000,0,0,0.0000,26.4000,000000,20260907,otc_3354.tw_20260907,-,26.4000_26.3500_26.3000_26.2000_26.0500_,3354,13.otc.tw|1568,20260907,14:30:00,3354.tw,1788762600000,14:30:00,-,314_2_8_2_1_,0,000000,101,26.4000,28,12,26.4000,23.9500,律勝,24.1000,0,otc,3,13:30:00,26.4000,1391,21.6000,律勝科技股份有限公司,24.0000,26.4000,0,TPEX,
3357.tw,113,113,9.otc.tw|331,213.5000,0,2,216.5000,214.5000,000000,20260907,otc_3357.tw_20260907,214.0000_214.5000_215.0000_215.5000_216.0000_,213.5000_213.0000_212.5000_212.0000_211.5000_,3357,13.otc.tw|1736,20260907,14:30:00,3357.tw,1788762600000,14:30:00,8_11_15_14_31_,3_67_9_16_26_,0,000000,232,221.0000,28,12,214.5000,213.5000,臺慶科,221.0000,0,otc,113,13:30:00,235.0000,1957,193.0000,西北臺慶科技股份有限公司,214.0000,213.5000,0,TPEX,
3360.tw,15,15,20.otc.tw|1397542,14.9000,0,0,15.8000,14.9000,000000,20260907,otc_3360.tw_20260907,14.9000_14.9500_15.0000_15.1000_15.1500_,14.8500_14.8000_14.7500_14.7000_14.6500_,3360,13.otc.tw|1904,20260907,14:30:00,3360.tw,1788762600000,14:30:00,5_8_17_3_3_,3_7_38_64_10_,0,000000,1160,15.1500,29,12,14.9000,14.7000,尚立,15.1500,0,otc,15,13:30:00,16.3500,167,13.4500,尚立股份有限公司,14.9000,14.9000,0,TPEX,
3362.tw,185,185,9.otc.tw|334,190.0000,0,31,197.5000,192.0000,000000,20260907,otc_3362.tw_20260907,190.5000_191.0000_191.5000_192.0000_192.5000_,190.0000_189.5000_189.0000_,3362,13.otc.tw|2072,20260907,14:30:00,3362.tw,1788762600000,14:30:00,20_16_8_21_5_,19_66_343_,0,000000,1482,205.0000,26,12,192.0000,189.0000,先進光,199.5000,0,otc,185,13:30:00,231.0000,8845,189.0000,先進光電科技股份有限公司,210.0000,190.0000,0,TPEX,
3363.tw,229,210,9.otc.tw|336,721.0000,0,3,725.0000,724.0000,000000,20260907,otc_3363.tw_20260907,723.0000_724.0000_725.0000_726.0000_727.0000_,722.0000_721.0000_720.0000_719.0000_718.0000_,3363,13.otc.tw|2240,20260907,14:30:00,3363.tw,1788762600000,14:30:00,2_9_8_20_9_,2_4_28_10_16_,0,000000,1871,750.0000,27,12,725.0000,717.0000,上詮,740.0000,0,otc,229,13:30:00,808.0000,4008,662.0000,上詮光纖通信股份有限公司,735.0000,723.0000,0,TPEX,
3372.tw,30,30,9.otc.tw|337,14.5000,0,2,14.5500,14.5000,000000,20260907,otc_3372.tw_20260907,14.5500_14.6000_14.6500_14.7000_14.7500_,14.5000_14.4500_14.4000_14.3500_14.3000_,3372,13.otc.tw|1484,20260907,14:30:00,3372.tw,1788762600000,14:30:00,1_3_3_17_8_,21_38_41_26_27_,0,000000,530,14.7000,24,12,14.5000,14.5000,典範,14.7000,0,otc,30,13:30:00,16.1500,375,13.2500,台灣典範半導體股份有限公司,14.7000,14.5000,0,TPEX,
3373.tw,7,7,20.otc.tw|1397547,16.0000,0,0,17.0000,16.1000,000000,20260907,otc_3373.tw_20260907,16.0500_16.1500_16.2500_16.3000_16.3500_,16.0000_15.9500_15.9000_15.8500_15.8000_,3373,13.otc.tw|1652,20260907,14:30:00,3373.tw,1788762600000,14:30:00,2_2_2_9_5_,3_6_8_17_13_,0,000000,1,16.4500,31,12,16.1000,16.0000,熱映,16.4500,0,otc,7,13:30:00,17.9500,219,14.7500,熱映光電股份有限公司,16.3500,16.0000,0,TPEX,
3374.tw,155,151,9.otc.tw|339,469.5000,0,18,469.0000,468.5000,000000,20260907,otc_3374.tw_20260907,469.5000_470.0000_470.5000_471.0000_471.5000_,469.0000_468.5000_468.0000_467.5000_467.0000_,3374,13.otc.tw|1820,20260907,14:30:00,3374.tw,1788762600000,14:30:00,4_61_2_63_7_,12_8_11_1_3_,0,000000,2787,472.5000,24,12,468.5000,436.0000,精材,448.0000,2,otc,155,13:30:00,473.0000,4538,387.0000,精材科技股份有限公司,430.0000,469.5000,0,TPEX,
3379.tw,5,5,20.otc.tw|1397550,28.1000,0,0,28.2500,28.0000,000000,20260907,otc_3379.tw_20260907,28.3000_28.4000_28.5000_28.6500_28.7000_,28.1000_28.0500_28.0000_27.8500_27.8000_,3379,13.otc.tw|1988,20260907,14:30:00,3379.tw,1788762600000,14:30:00,1_1_1_4_4_,2_1_12_1_1_,0,000000,-,28.7000,05,12,0.0000,28.0000,彬台,28.3500,0,otc,5,13:30:00,30.9500,85,25.3500,彬台科技股份有限公司,28.1500,28.1500,0,TPEX,
3388.tw,32,30,9.otc.tw|342,90.0000,0,6,95.0000,91.0000,000000,20260907,otc_3388.tw_20260907,90.2000_90.3000_90.4000_90.5000_90.6000_,90.0000_89.9000_89.8000_89.7000_89.6000_,3388,13.otc.tw|2156,20260907,14:30:00,3388.tw,1788762600000,14:30:00,1_3_3_5_6_,1_1_12_10_2_,0,000000,21,91.1000,28,12,91.0000,89.3000,崇越電,91.1000,0,otc,32,13:30:00,99.5000,504,81.5000,崇越電通股份有限公司,90.5000,90.0000,0,TPEX,
3390.tw,1,1,9.otc.tw|344,22.0000,0,1,22.0000,21.9500,000000,20260907,otc_3390.tw_20260907,22.0500_22.1000_22.1500_22.2500_22.3000_,22.0000_21.9500_21.9000_21.8500_21.8000_,3390,13.otc.tw|2324,20260907,14:30:00,3390.tw,1788762600000,14:30:00,11_5_22_1_1_,10_27_9_1_12_,0,000000,-,22.2000,28,12,0.0000,21.9500,旭軟,22.0000,0,otc,1,13:30:00,24.4000,112,20.0000,旭軟電子科技股份有限公司,22.2000,22.0000,0,TPEX,
3402.tw,13,13,20.otc.tw|1397896,125.0000,0,0,125.0000,124.5000,000000,20260907,otc_3402.tw_20260907,125.0000_125.5000_126.0000_126.5000_127.0000_,124.5000_124.0000_123.5000_123.0000_122.5000_,3402,13.otc.tw|1401,20260907,14:30:00,3402.tw,1788762600000,14:30:00,16_18_44_24_16_,4_27_5_30_19_,0,000000,214,126.5000,31,12,125.0000,122.0000,漢科,122.0000,0,otc,13,13:30:00,133.5000,359,109.5000,漢科系統科技股份有限公司,121.5000,125.0000,0,TPEX,
3430.tw,12,12,20.otc.tw|1397898,111.5000,0,0,0.0000,112.0000,000000,20260907,otc_3430.tw_20260907,111.5000_112.0000_112.5000_113.0000_113.5000_,111.0000_110.5000_110.0000_109.5000_109.0000_,3430,13.otc.tw|1569,20260907,14:30:00,3430.tw,1788762600000,14:30:00,4_4_1_4_1_,17_43_8_12_9_,0,000000,50,114.0000,21,12,112.0000,105.0000,奇鈦科,105.5000,0,otc,12,13:30:00,116.0000,575,95.0000,奇鈦科技股份有限公司,105.5000,111.5000,0,TPEX,
3434.tw,1,1,20.otc.tw|1397899,29.4000,0,0,29.5000,29.1000,000000,20260907,otc_3434.tw_20260907,29.5000_29.7000_29.8000_29.9000_29.9500_,29.4000_29.3000_29.2500_29.2000_29.1000_,3434,13.otc.tw|1737,20260907,14:30:00,3434.tw,1788762600000,14:30:00,1_1_1_1_1_,1_1_14_5_7_,0,000000,1,29.5500,26,12,29.5000,29.0500,哲固,29.5500,0,otc,1,13:30:00,32.5500,43,26.6500,哲固資訊科技股份有限公司,29.6000,29.4000,0,TPEX,
3438.tw,3,3,20.otc.tw|1397900,64.0000,0,0,64.4000,63.7000,000000,20260907,otc_3438.tw_20260907,64.6000_64.9000_65.0000_65.2000_65.3000_,63.9000_63.8000_63.7000_63.5000_63.4000_,3438,13.otc.tw|1905,20260907,14:30:00,3438.tw,1788762600000,14:30:00,1_1_1_1_2_,2_8_2_5_2_,0,000000,81,65.3000,24,12,64.4000,63.5000,類比科,65.3000,0,otc,3,13:30:00,70.9000,64,58.1000,台灣類比科技股份有限公司,64.5000,64.0000,0,TPEX,
3441.tw,403,403,9.otc.tw|349,131.0000,0,28,132.0000,131.5000,000000,20260907,otc_3441.tw_20260907,131.5000_132.0000_132.5000_133.0000_133.5000_,131.0000_130.5000_130.0000_129.5000_129.0000_,3441,13.otc.tw|2073,20260907,14:30:00,3441.tw,1788762600000,14:30:00,41_28_13_31_6_,88_41_112_97_657_,0,000000,3609,141.5000,26,12,132.0000,129.0000,聯一光,140.0000,0,otc,403,13:30:00,157.0000,13589,129.0000,聯一光電股份有限公司,143.0000,131.0000,0,TPEX,
3444.tw,16,16,20.otc.tw|1397902,82.2000,0,0,84.6000,82.2000,000000,20260907,otc_3444.tw_20260907,82.2000_82.3000_82.4000_82.5000_82.6000_,82.0000_81.9000_81.8000_81.7000_81.6000_,3444,13.otc.tw|2241,20260907,14:30:00,3444.tw,1788762600000,14:30:00,1_2_2_2_5_,2_15_23_41_15_,0,000000,19,84.7000,29,12,82.2000,81.7000,利機,84.2000,0,otc,16,13:30:00,92.0000,255,75.4000,利機企業股份有限公司,83.7000,82.1000,0,TPEX,
3455.tw,62,62,9.otc.tw|351,235.0000,0,6,236.0000,235.0000,000000,20260907,otc_3455.tw_20260907,235.5000_236.0000_236.5000_237.0000_237.5000_,235.0000_234.5000_234.0000_233.5000_233.0000_,3455,13.otc.tw|1485,20260907,14:30:00,3455.tw,1788762600000,14:30:00,3_2_6_11_5_,18_9_11_5_43_,0,000000,1004,242.5000,26,12,235.0000,233.0000,由田,242.5000,0,otc,62,13:30:00,260.0000,1402,213.0000,由田新技股份有限公司,236.5000,235.0000,0,TPEX,
3465.tw,10,10,20.otc.tw|1397904,29.4500,0,0,31.2000,29.0000,000000,20260907,otc_3465.tw_20260907,29.5000_29.7000_29.8000_29.9000_30.0000_,29.0500_29.0000_28.9500_28.9000_28.8500_,3465,13.otc.tw|1653,20260907,14:30:00,3465.tw,1788762600000,14:30:00,3_3_2_2_1_,14_34_26_34_39_,0,000000,1,29.4500,31,12,29.0000,29.0000,進泰電子,29.0500,0,otc,10,13:30:00,31.9500,15,26.1500,進泰電子科技股份有限公司,29.0500,29.4500,0,TPEX,
3466.tw,32,32,20.otc.tw|1397905,24.2000,0,0,25.8000,24.3000,000000,20260907,otc_3466.tw_20260907,24.2500_24.3000_24.3500_24.4000_24.5500_,24.2000_24.1500_24.1000_24.0500_24.0000_,3466,13.otc.tw|1821,20260907,14:30:00,3466.tw,1788762600000,14:30:00,5_3_1_3_3_,5_1_6_1_15_,0,000000,119,24.8000,27,12,24.3000,24.1500,德晉,24.2000,0,otc,32,13:30:00,26.7500,144,21.9500,德晉科技股份有限公司,24.3500,24.2000,0,TPEX,
3467.tw,3,3,20.otc.tw|1397906,50.5000,0,0,50.5000,50.2000,000000,20260907,otc_3467.tw_20260907,50.5000_50.9000_51.1000_51.3000_51.4000_,50.3000_50.2000_50.1000_50.0000_49.7000_,3467,13.otc.tw|1989,20260907,14:30:00,3467.tw,1788762600000,14:30:00,1_1_1_4_1_,2_1_2_2_1_,0,000000,-,51.2000,24,12,0.0000,50.0000,台灣精材,51.0000,0,otc,3,13:30:00,56.2000,91,46.0000,台灣精材股份有限公司,51.1000,50.5000,0,TPEX,
3479.tw,12,11,20.otc.tw|1397907,125.5000,0,0,126.5000,126.0000,000000,20260907,otc_3479.tw_20260907,126.0000_126.5000_127.0000_127.5000_128.0000_,125.5000_125.0000_124.5000_124.0000_123.5000_,3479,13.otc.tw|2157,20260907,14:30:00,3479.tw,1788762600000,14:30:00,9_10_21_9_23_,1_45_9_26_19_,0,000000,414,128.0000,25,12,126.0000,125.0000,安勤,128.0000,0,otc,12,13:30:00,139.5000,285,114.5000,安勤科技股份有限公司,127.0000,125.5000,0,TPEX,
3483.tw,17,17,9.otc.tw|357,78.5000,0,2,78.4000,78.3000,000000,20260907,otc_3483.tw_20260907,78.6000_78.7000_78.8000_78.9000_79.0000_,78.4000_78.3000_78.2000_78.1000_78.0000_,3483,13.otc.tw|2325,20260907,14:30:00,3483.tw,1788762600000,14:30:00,1_3_1_5_2_,3_12_7_9_34_,0,000000,397,81.0000,25,12,78.4000,78.3000,力致,81.0000,0,otc,17,13:30:00,88.0000,344,72.0000,力致科技股份有限公司,80.0000,78.5000,0,TPEX,
3484.tw,21,21,9.otc.tw|358,45.5000,0,4,46.1000,45.5500,000000,20260907,otc_3484.tw_20260907,45.6000_45.7000_45.7500_45.8000_45.9000_,45.5000_45.3500_45.3000_45.2000_45.1000_,3484,13.otc.tw|1402,20260907,14:30:00,3484.tw,1788762600000,14:30:00,4_8_3_10_4_,1_2_3_8_1_,0,000000,-,46.8000,28,12,0.0000,45.5000,崧騰,46.8000,0,otc,21,13:33:00,51.1000,271,41.8500,崧騰企業股份有限公司,46.5000,45.5000,0,TPEX,
3485.tw,5,5,20.otc.tw|1397912,210.0000,0,0,212.0000,211.0000,000000,20260907,otc_3485.tw_20260907,210.0000_210.5000_211.5000_212.0000_212.5000_,209.0000_208.5000_208.0000_207.5000_207.0000_,3485,13.otc.tw|1570,20260907,14:30:00,3485.tw,1788762600000,14:30:00,2_1_1_3_2_,2_2_3_1_2_,0,000000,182,212.0000,28,12,212.0000,208.5000,敘豐,211.0000,0,otc,5,13:30:00,231.0000,99,189.0000,敘豐企業股份有限公司,210.0000,210.0000,0,TPEX,
3489.tw,2,2,20.otc.tw|1397913,22.6500,0,0,22.7500,22.6500,000000,20260907,otc_3489.tw_20260907,22.7500_22.8000_22.9000_22.9500_23.0000_,22.6000_22.5500_22.5000_22.4500_22.4000_,3489,13.otc.tw|1738,20260907,14:30:00,3489.tw,1788762600000,14:30:00,8_20_5_12_21_,20_11_39_22_12_,0,000000,-,22.9500,14,12,0.0000,22.6500,森寶,22.8500,0,otc,2,13:30:00,25.1000,167,20.6000,森寶開發股份有限公司,22.8500,22.6500,0,TPEX,
3490.tw,131,131,9.otc.tw|361,46.1500,0,2,46.1000,46.0500,000000,20260907,otc_3490.tw_20260907,46.3000_46.3500_46.4000_46.4500_46.5000_,46.1500_46.1000_46.0500_46.0000_45.9500_,3490,13.otc.tw|1906,20260907,14:30:00,3490.tw,1788762600000,14:30:00,1_3_15_11_2_,32_29_17_32_1_,0,000000,1046,47.2000,26,12,46.0500,45.1000,單井,46.2500,0,otc,131,13:30:00,50.6000,3131,41.4000,單井工業股份有限公司,46.0000,46.1500,0,TPEX,
3491.tw,68,65,9.otc.tw|362,1510.0000,0,4,1530.0000,1525.0000,000000,20260907,otc_3491.tw_20260907,1510.0000_1515.0000_1520.0000_1525.0000_1530.0000_,1505.0000_1500.0000_1495.0000_1490.0000_1485.0000_,3491,13.otc.tw|2074,20260907,14:30:00,3491.tw,1788762600000,14:30:00,3_18_7_9_10_,49_137_5_15_5_,0,000000,1346,1540.0000,27,12,1525.0000,1465.0000,昇達科,1515.0000,0,otc,68,13:30:00,1655.0000,1430,1355.0000,昇達科技股份有限公司,1505.0000,1510.0000,0,TPEX,
3492.tw,1,1,20.otc.tw|1397552,19.1500,0,0,19.2500,19.1500,000000,20260907,otc_3492.tw_20260907,19.2000_19.8000_19.9500_20.0000_20.1500_,19.1000_19.0500_19.0000_18.9500_18.9000_,3492,13.otc.tw|2242,20260907,14:30:00,3492.tw,1788762600000,14:30:00,7_2_1_2_1_,6_7_25_14_13_,0,000000,-,19.2000,28,12,0.0000,19.1000,長盛,19.2000,0,otc,1,13:30:00,21.0500,40,17.2500,長盛科技股份有限公司,19.1500,19.1500,0,TPEX,
3498.tw,101,99,9.otc.tw|365,189.0000,0,1,190.0000,189.5000,000000,20260907,otc_3498.tw_20260907,189.5000_190.0000_190.5000_191.0000_191.5000_,189.0000_188.5000_188.0000_187.5000_187.0000_,3498,13.otc.tw|1486,20260907,14:30:00,3498.tw,1788762600000,14:30:00,7_6_9_4_6_,22_13_30_15_37_,0,000000,906,196.0000,31,12,189.5000,188.5000,陽程,194.0000,0,otc,101,13:30:00,213.0000,1324,175.0000,陽程科技股份有限公司,194.0000,189.5000,0,TPEX,
3499.tw,19,19,20.otc.tw|1397554,14.6000,0,0,0.0000,14.6000,000000,20260907,otc_3499.tw_20260907,14.6000_14.7000_14.8000_14.8500_14.9000_,14.5000_14.4500_14.4000_14.3500_14.3000_,3499,13.otc.tw|1654,20260907,14:30:00,3499.tw,1788762600000,14:30:00,3_11_13_18_43_,6_1_1_5_10_,0,000000,-,14.9000,27,12,0.0000,13.3000,環天科,13.6000,0,otc,19,13:30:00,14.9500,647,12.2500,環天世通科技股份有限公司,13.6000,14.6000,0,TPEX,
3508.tw,7,7,9.otc.tw|367,21.1000,0,1,0.0000,21.0000,000000,20260907,otc_3508.tw_20260907,21.1000_21.1500_21.3500_21.4000_21.8000_,21.0500_20.8500_20.8000_20.7500_20.7000_,3508,13.otc.tw|1822,20260907,14:30:00,3508.tw,1788762600000,14:30:00,1_10_1_1_1_,1_1_7_10_20_,0,000000,-,21.1500,31,12,0.0000,20.7000,位速,20.8000,0,otc,7,13:30:00,23.0000,118,18.9000,位速科技股份有限公司,20.9500,21.1000,0,TPEX,
3511.tw,5,5,9.otc.tw|368,19.3000,0,5,19.3500,19.2000,000000,20260907,otc_3511.tw_20260907,19.4000_19.4500_19.5000_19.6000_19.6500_,19.3000_19.2500_19.2000_19.1500_19.1000_,3511,13.otc.tw|1990,20260907,14:30:00,3511.tw,1788762600000,14:30:00,9_3_4_2_1_,35_5_8_3_6_,0,000000,15,19.5500,28,12,19.3500,19.3000,矽瑪,19.5000,0,otc,5,13:30:00,21.6500,101,17.7500,矽瑪科技股份有限公司,19.7000,19.3000,0,TPEX,
3512.tw,4,4,20.otc.tw|1397557,19.2000,0,0,21.3000,19.3000,000000,20260907,otc_3512.tw_20260907,19.2500_19.3500_19.4500_19.5000_19.5500_,19.1500_19.1000_19.0000_18.9500_18.9000_,3512,13.otc.tw|2158,20260907,14:30:00,3512.tw,1788762600000,14:30:00,1_13_1_1_1_,9_25_22_4_2_,0,000000,-,19.4000,14,12,0.0000,19.2000,皇龍,19.4000,0,otc,4,13:30:00,21.3000,56,17.5000,皇龍開發股份有限公司,19.4000,19.2000,0,TPEX,
3516.tw,1,1,20.otc.tw|1397559,26.3000,0,0,26.4000,26.1500,000000,20260907,otc_3516.tw_20260907,26.4500_26.5000_26.7000_26.8000_26.8500_,26.3000_26.2500_26.1500_26.1000_26.0500_,3516,13.otc.tw|2326,20260907,14:30:00,3516.tw,1788762600000,14:30:00,1_4_1_1_3_,1_19_12_2_1_,0,000000,56,27.3000,26,12,26.1500,26.2500,亞帝歐,27.3000,0,otc,1,13:30:00,29.1500,122,23.8500,亞帝歐光電股份有限公司,26.5000,26.3000,0,TPEX,
3520.tw,2,2,20.otc.tw|1397562,17.4000,0,0,17.5000,17.4000,000000,20260907,otc_3520.tw_20260907,17.7000_17.7500_17.8000_17.8500_17.9000_,17.4000_17.3500_17.3000_17.2500_17.2000_,3520,13.otc.tw|1403,20260907,14:30:00,3520.tw,1788762600000,14:30:00,2_2_9_4_4_,10_29_11_11_6_,0,000000,138,17.8000,28,12,17.4000,17.3500,華盈,17.8000,0,otc,2,13:30:00,19.3500,95,15.8500,華盈電子股份有限公司,17.6000,17.4000,0,TPEX,
3521.tw,-,-,20.otc.tw|1397563,-,0,0,0.0000,12.1500,000000,20260907,otc_3521.tw_20260907,12.1500_12.3000_12.4000_12.4500_12.5000_,12.0500_12.0000_11.9500_11.9000_11.8500_,3521,13.otc.tw|1571,20260907,14:30:00,3521.tw,1788762600000,14:30:00,1_3_1_2_52_,3_28_6_8_4_,0,000000,-,12.2500,14,12,0.0000,11.9500,台鋼建設,12.1000,0,otc,-,13:30:00,13.3000,142,10.9000,台鋼建設事業股份有限公司,12.1000,-,0,TPEX,
3522.tw,2,2,20.otc.tw|1397564,12.0000,0,0,12.0500,11.9000,000000,20260907,otc_3522.tw_20260907,12.0000_12.0500_12.1000_12.1500_12.2000_,11.9500_11.9000_11.8500_11.8000_11.7500_,3522,13.otc.tw|1739,20260907,14:30:00,3522.tw,1788762600000,14:30:00,10_16_4_7_7_,6_25_12_8_6_,0,000000,-,12.1500,16,12,0.0000,11.9000,御嵿,12.0000,0,otc,2,13:30:00,13.0000,108,10.7000,御嵿國際股份有限公司,11.8500,12.0000,0,TPEX,
3523.tw,-,-,20.otc.tw|1397566,-,0,0,14.8500,14.6500,000000,20260907,otc_3523.tw_20260907,15.1500_15.2000_15.3000_15.5000_15.8000_,14.8000_14.7500_14.7000_14.6000_14.5000_,3523,13.otc.tw|1907,20260907,14:30:00,3523.tw,1788762600000,14:30:00,1_4_3_10_3_,2_2_2_2_1_,0,000000,200,15.5000,26,12,14.6500,14.7500,迎輝,15.5000,0,otc,-,13:30:00,16.5000,26,13.5000,迎輝科技股份有限公司,15.0000,-,0,TPEX,
3526.tw,9,9,20.otc.tw|1397567,281.0000,0,0,282.0000,281.0000,000000,20260907,otc_3526.tw_20260907,281.0000_281.5000_282.0000_282.5000_283.0000_,280.5000_280.0000_279.5000_279.0000_278.5000_,3526,13.otc.tw|2075,20260907,14:30:00,3526.tw,1788762600000,14:30:00,3_2_1_2_2_,5_13_2_7_8_,0,000000,206,284.0000,28,12,282.0000,280.0000,凡甲,284.0000,0,otc,9,13:30:00,311.0000,144,255.0000,凡甲科技股份有限公司,283.0000,281.0000,0,TPEX,
3527.tw,4,4,20.otc.tw|1397571,50.4000,0,0,50.6000,50.5000,000000,20260907,otc_3527.tw_20260907,50.7000_50.8000_50.9000_51.0000_51.1000_,50.4000_50.3000_50.2000_50.1000_50.0000_,3527,13.otc.tw|2243,20260907,14:30:00,3527.tw,1788762600000,14:30:00,1_4_3_1_1_,11_5_5_1_8_,0,000000,50,51.2000,24,12,50.6000,50.4000,聚積,51.2000,0,otc,4,13:30:00,56.3000,77,46.1000,聚積科技股份有限公司,51.2000,50.4000,0,TPEX,
3529.tw,53,48,9.otc.tw|378,2570.0000,0,3,2580.0000,2575.0000,000000,20260907,otc_3529.tw_20260907,2570.0000_2575.0000_2580.0000_2585.0000_2590.0000_,2565.0000_2560.0000_2555.0000_2550.0000_2545.0000_,3529,13.otc.tw|1487,20260907,14:30:00,3529.tw,1788762600000,14:30:00,22_1_3_15_12_,7_7_6_12_6_,0,000000,1321,2590.0000,24,12,2580.0000,2385.0000,力旺,2435.0000,0,otc,53,13:30:00,2620.0000,2428,2150.0000,力旺電子股份有限公司,2385.0000,2570.0000,0,TPEX,
3531.tw,1,1,20.otc.tw|1397573,21.4000,0,0,0.0000,20.4000,000000,20260907,otc_3531.tw_20260907,21.4000_21.5000_21.6000_21.7500_21.8000_,21.1000_21.0500_21.0000_20.6000_20.5000_,3531,13.otc.tw|1655,20260907,14:30:00,3531.tw,1788762600000,14:30:00,3_1_2_3_3_,1_2_2_1_2_,0,000000,-,21.4000,26,12,0.0000,21.3500,先益,21.3500,0,otc,1,13:30:00,23.4500,3,19.2500,先益電子工業股份有限公司,21.3500,21.4000,0,TPEX,
3537.tw,31,31,20.otc.tw|1397574,55.0000,0,0,55.2000,54.9000,000000,20260907,otc_3537.tw_20260907,55.6000_55.7000_55.8000_55.9000_56.0000_,55.0000_54.9000_54.8000_54.7000_54.6000_,3537,13.otc.tw|1823,20260907,14:30:00,3537.tw,1788762600000,14:30:00,1_1_2_4_2_,13_7_5_1_9_,0,000000,500,57.0000,28,12,54.9000,55.0000,堡達,56.0000,0,otc,31,13:30:00,60.9000,468,49.9000,堡達實業股份有限公司,55.4000,55.0000,0,TPEX,
3540.tw,9,9,20.otc.tw|1397575,23.3000,0,0,23.9000,23.3500,000000,20260907,otc_3540.tw_20260907,23.3500_23.4000_23.4500_23.5000_23.5500_,23.3000_23.2500_23.2000_23.1500_23.1000_,3540,13.otc.tw|1991,20260907,14:30:00,3540.tw,1788762600000,14:30:00,3_2_2_3_1_,3_3_18_35_17_,0,000000,39,23.8000,25,12,23.9000,23.1500,曜越,23.8000,0,otc,9,13:30:00,26.0000,203,21.3000,曜越科技股份有限公司,23.6500,23.3000,0,TPEX,
3541.tw,1,1,20.otc.tw|1397576,21.6500,0,0,21.7500,21.4000,000000,20260907,otc_3541.tw_20260907,21.6500_21.8000_21.8500_21.9000_21.9500_,21.5500_21.5000_21.4500_21.4000_21.3500_,3541,13.otc.tw|2159,20260907,14:30:00,3541.tw,1788762600000,14:30:00,3_1_2_2_1_,13_11_9_8_7_,0,000000,100,21.6500,31,12,21.4000,21.5000,西柏,21.6500,0,otc,1,13:30:00,23.8000,30,19.5000,西柏科技股份有限公司,21.6500,21.6500,0,TPEX,
3546.tw,5,5,20.otc.tw|1397287,72.5000,0,0,72.5000,72.3000,000000,20260907,otc_3546.tw_20260907,73.0000_73.1000_73.2000_73.3000_73.4000_,72.4000_72.3000_72.2000_72.1000_72.0000_,3546,13.otc.tw|2327,20260907,14:30:00,3546.tw,1788762600000,14:30:00,40_1_1_1_8_,6_8_3_8_5_,0,000000,757,73.0000,32,12,72.3000,71.5000,宇峻,71.5000,0,otc,5,13:30:00,78.6000,221,64.4000,宇峻奧汀科技股份有限公司,71.5000,72.5000,0,TPEX,
3548.tw,6,5,20.otc.tw|1397288,83.4000,0,0,86.3000,83.4000,000000,20260907,otc_3548.tw_20260907,83.7000_83.8000_83.9000_84.0000_84.2000_,83.3000_83.0000_82.8000_82.7000_82.6000_,3548,13.otc.tw|1404,20260907,14:30:00,3548.tw,1788762600000,14:30:00,1_1_1_5_2_,3_1_2_7_2_,0,000000,20,84.5000,28,12,83.4000,82.5000,兆利,84.5000,0,otc,6,13:30:00,91.5000,168,74.9000,兆利科技工業股份有限公司,83.2000,83.4000,0,TPEX,
3551.tw,14,14,9.otc.tw|385,180.5000,0,1,183.0000,181.5000,000000,20260907,otc_3551.tw_20260907,181.0000_181.5000_182.0000_182.5000_183.0000_,180.5000_180.0000_179.5000_179.0000_178.5000_,3551,13.otc.tw|1572,20260907,14:30:00,3551.tw,1788762600000,14:30:00,1_6_6_8_46_,11_15_4_12_18_,0,000000,4,183.5000,35,12,181.5000,180.0000,世禾,183.0000,0,otc,14,13:30:00,200.0000,277,164.0000,世禾科技股份有限公司,182.0000,180.5000,0,TPEX,
3552.tw,3,3,20.otc.tw|1397293,42.9000,0,0,43.0500,42.8500,000000,20260907,otc_3552.tw_20260907,43.0000_43.1000_43.1500_43.2000_43.3000_,42.7500_42.7000_42.6500_42.6000_42.5500_,3552,13.otc.tw|1740,20260907,14:30:00,3552.tw,1788762600000,14:30:00,7_5_3_13_2_,5_2_2_7_3_,0,000000,331,43.2000,31,12,42.8500,42.7500,同致,43.2000,0,otc,3,13:30:00,47.3000,37,38.7000,同致電子企業股份有限公司,43.0000,42.9000,0,TPEX,
3555.tw,11,10,9.otc.tw|387,207.0000,0,2,207.0000,206.5000,000000,20260907,otc_3555.tw_20260907,207.5000_208.0000_208.5000_209.0000_209.5000_,207.0000_206.5000_206.0000_205.5000_205.0000_,3555,13.otc.tw|1908,20260907,14:30:00,3555.tw,1788762600000,14:30:00,1_2_4_16_2_,2_2_2_1_1_,0,000000,188,209.5000,24,12,206.5000,192.5000,博士旺,193.5000,0,otc,11,13:30:00,212.5000,185,174.5000,博士旺創新股份有限公司,193.5000,207.0000,0,TPEX,
3556.tw,7,7,9.otc.tw|388,58.0000,0,1,58.1000,58.0000,000000,20260907,otc_3556.tw_20260907,58.3000_58.4000_58.5000_58.6000_58.7000_,58.0000_57.9000_57.8000_57.7000_57.6000_,3556,13.otc.tw|2076,20260907,14:30:00,3556.tw,1788762600000,14:30:00,2_5_4_9_12_,9_4_7_15_9_,0,000000,276,58.7000,24,12,58.0000,57.7000,禾瑞亞,58.0000,0,otc,7,13:30:00,63.9000,196,52.3000,禾瑞亞科技股份有限公司,58.1000,58.0000,0,TPEX,
3558.tw,7,7,20.otc.tw|1397296,118.5000,0,0,119.5000,118.5000,000000,20260907,otc_3558.tw_20260907,119.5000_120.0000_120.5000_121.0000_121.5000_,118.5000_118.0000_117.0000_116.5000_116.0000_,3558,13.otc.tw|2244,20260907,14:30:00,3558.tw,1788762600000,14:30:00,1_3_1_3_2_,4_12_5_3_4_,0,000000,300,120.5000,27,12,118.5000,118.5000,神準,120.0000,0,otc,7,13:30:00,131.0000,45,108.0000,神準科技股份有限公司,119.5000,118.5000,0,TPEX,
3564.tw,27,27,20.otc.tw|1397297,49.2000,0,0,50.6000,49.4500,000000,20260907,otc_3564.tw_20260907,49.4000_49.4500_49.5000_49.5500_49.6000_,49.1000_49.0000_48.9000_48.8500_48.8000_,3564,13.otc.tw|1488,20260907,14:30:00,3564.tw,1788762600000,14:30:00,3_3_2_2_1_,3_14_2_2_15_,0,000000,-,50.8000,27,12,0.0000,49.0000,其陽,50.8000,0,otc,27,13:30:00,55.2000,352,45.2000,其陽科技股份有限公司,50.2000,49.2000,0,TPEX,
3567.tw,1,1,20.otc.tw|1397299,25.3500,0,0,25.4500,25.0000,000000,20260907,otc_3567.tw_20260907,25.4500_25.5000_25.5500_25.6000_25.7500_,25.3000_25.2500_25.2000_25.1000_25.0000_,3567,13.otc.tw|1656,20260907,14:30:00,3567.tw,1788762600000,14:30:00,10_21_2_1_1_,1_2_5_1_1_,0,000000,-,25.6000,24,12,0.0000,25.3500,逸昌,25.6000,0,otc,1,13:30:00,28.0500,16,22.9500,逸昌科技股份有限公司,25.5000,25.3500,0,TPEX,
3570.tw,1,1,20.otc.tw|1397300,163.5000,0,0,164.0000,162.0000,000000,20260907,otc_3570.tw_20260907,164.0000_164.5000_165.0000_165.5000_166.0000_,163.0000_162.5000_162.0000_161.5000_161.0000_,3570,13.otc.tw|1824,20260907,14:30:00,3570.tw,1788762600000,14:30:00,3_2_3_2_7_,2_5_8_2_2_,0,000000,-,163.5000,30,12,0.0000,163.0000,大塚,163.5000,0,otc,1,13:30:00,179.5000,12,147.5000,大塚資訊科技股份有限公司,163.5000,163.5000,0,TPEX,
3577.tw,12,12,20.otc.tw|1397301,113.5000,0,0,117.0000,113.5000,000000,20260907,otc_3577.tw_20260907,113.5000_114.0000_114.5000_115.0000_115.5000_,112.5000_112.0000_111.5000_111.0000_110.5000_,3577,13.otc.tw|1992,20260907,14:30:00,3577.tw,1788762600000,14:30:00,4_9_4_5_3_,4_25_16_13_10_,0,000000,-,113.5000,25,12,0.0000,111.0000,泓格,112.0000,0,otc,12,13:30:00,123.5000,117,101.5000,泓格科技股份有限公司,112.5000,113.5000,0,TPEX,
3580.tw,12,11,20.otc.tw|1397302,86.8000,0,0,87.0000,86.8000,000000,20260907,otc_3580.tw_20260907,86.9000_87.0000_87.1000_87.2000_87.5000_,86.7000_86.6000_86.5000_86.4000_86.3000_,3580,13.otc.tw|2160,20260907,14:30:00,3580.tw,1788762600000,14:30:00,3_2_2_2_2_,1_1_1_1_2_,0,000000,78,88.9000,31,12,87.0000,86.0000,友威科,88.8000,0,otc,12,13:30:00,96.9000,217,79.3000,友威科技股份有限公司,88.1000,86.8000,0,TPEX,
3581.tw,25,25,9.otc.tw|395,108.0000,0,1,112.0000,108.0000,000000,20260907,otc_3581.tw_20260907,109.0000_109.5000_110.0000_110.5000_111.0000_,108.0000_107.5000_107.0000_106.5000_106.0000_,3581,13.otc.tw|2328,20260907,14:30:00,3581.tw,1788762600000,14:30:00,3_1_3_5_6_,12_4_21_7_8_,0,000000,280,114.0000,24,12,108.0000,108.0000,博磊,114.0000,0,otc,25,13:30:00,122.5000,368,100.5000,博磊科技股份有限公司,111.5000,108.0000,0,TPEX,
3587.tw,21,21,20.otc.tw|1397305,252.5000,0,0,253.0000,252.5000,000000,20260907,otc_3587.tw_20260907,253.5000_254.0000_254.5000_255.0000_255.5000_,252.0000_251.5000_251.0000_250.5000_250.0000_,3587,13.otc.tw|1405,20260907,14:30:00,3587.tw,1788762600000,14:30:00,1_4_7_6_4_,18_2_6_17_21_,0,000000,182,258.5000,31,12,253.0000,252.0000,閎康,258.5000,0,otc,21,13:30:00,280.5000,332,229.5000,閎康科技股份有限公司,255.0000,252.5000,0,TPEX,
3594.tw,20,20,20.otc.tw|1397308,48.3000,0,0,48.4500,48.3500,000000,20260907,otc_3594.tw_20260907,48.5000_48.5500_48.6500_48.7000_48.7500_,48.3000_48.2500_48.2000_48.1500_48.1000_,3594,13.otc.tw|1573,20260907,14:30:00,3594.tw,1788762600000,14:30:00,1_4_5_11_1_,6_11_4_1_7_,0,000000,150,49.5000,25,12,48.4500,48.3000,磐儀,49.3000,0,otc,20,13:30:00,54.0000,457,44.2500,磐儀科技股份有限公司,49.1500,48.3000,0,TPEX,
3597.tw,-,-,20.otc.tw|1398687,-,0,0,26.8000,26.4000,000000,20260907,otc_3597.tw_20260907,26.7500_26.9000_26.9500_27.0000_27.0500_,26.7000_26.6500_26.6000_26.5500_26.5000_,3597,13.otc.tw|1741,20260907,14:30:00,3597.tw,1788762600000,14:30:00,1_4_6_5_1_,1_1_1_3_12_,0,000000,-,27.4000,28,12,0.0000,26.7000,映興,27.4000,0,otc,-,13:33:00,29.4000,82,24.1000,映興電子股份有限公司,26.7500,-,0,TPEX,
3609.tw,8,8,20.otc.tw|1397113,19.1000,0,0,19.4500,18.9500,000000,20260907,otc_3609.tw_20260907,19.1000_19.2000_19.2500_19.3000_19.3500_,19.0500_18.9500_18.9000_18.8500_18.7500_,3609,13.otc.tw|1909,20260907,14:30:00,3609.tw,1788762600000,14:30:00,3_3_4_7_2_,1_2_5_20_9_,0,000000,1,19.1500,28,12,18.9500,18.2500,三一東林,18.6000,0,otc,8,13:30:00,20.6000,94,16.9000,三一東林科技股份有限公司,18.7500,19.1000,0,TPEX,
3611.tw,-,-,20.otc.tw|1397114,-,0,0,185.5000,183.5000,000000,20260907,otc_3611.tw_20260907,182.5000_183.5000_184.0000_184.5000_185.0000_,182.0000_181.5000_181.0000_180.5000_180.0000_,3611,13.otc.tw|2077,20260907,14:30:00,3611.tw,1788762600000,14:30:00,1_1_3_2_4_,1_9_20_8_29_,0,000000,50,183.0000,25,12,183.5000,181.5000,鼎翰,183.0000,0,otc,-,13:30:00,201.0000,74,165.0000,鼎翰科技股份有限公司,183.0000,-,0,TPEX,
3615.tw,12,12,9.otc.tw|404,36.3500,0,3,36.4500,36.4000,000000,20260907,otc_3615.tw_20260907,36.6000_36.6500_36.7000_36.7500_36.8000_,36.3500_36.3000_36.2500_36.2000_36.1500_,3615,13.otc.tw|2245,20260907,14:30:00,3615.tw,1788762600000,14:30:00,2_9_4_2_2_,14_5_4_1_2_,0,000000,76,37.3000,26,12,36.4500,36.3500,安可,36.7000,0,otc,12,13:30:00,40.1500,296,32.8500,安可光電股份有限公司,36.5000,36.4000,0,TPEX,
3623.tw,7,7,20.otc.tw|1397117,24.3000,0,0,24.3500,24.3000,000000,20260907,otc_3623.tw_20260907,24.3500_24.4000_24.5000_24.5500_24.6000_,24.3000_24.2500_24.2000_24.1500_24.1000_,3623,13.otc.tw|1489,20260907,14:30:00,3623.tw,1788762600000,14:30:00,1_5_2_3_1_,9_9_3_1_14_,0,000000,8,24.5000,26,12,24.3000,24.0000,富晶通,24.2000,0,otc,7,13:30:00,26.2500,126,21.5500,富晶通科技股份有限公司,23.9000,24.3000,0,TPEX,
3624.tw,452,452,9.otc.tw|407,96.9000,0,46,97.2000,97.1000,000000,20260907,otc_3624.tw_20260907,97.0000_97.1000_97.2000_97.3000_97.4000_,96.9000_96.8000_96.7000_96.6000_96.5000_,3624,13.otc.tw|1657,20260907,14:30:00,3624.tw,1788762600000,14:30:00,8_8_15_10_4_,29_233_17_10_50_,0,000000,1201,102.0000,28,12,97.1000,93.8000,光頡,95.1000,0,otc,452,13:30:00,102.5000,19857,83.9000,光頡科技股份有限公司,93.2000,96.9000,0,TPEX,
3625.tw,1,1,20.otc.tw|1397119,12.1000,0,0,12.4000,12.1500,000000,20260907,otc_3625.tw_20260907,12.1500_12.3500_12.4000_12.4500_12.5000_,12.1000_12.0500_12.0000_11.9500_11.9000_,3625,13.otc.tw|1825,20260907,14:30:00,3625.tw,1788762600000,14:30:00,1_1_5_6_10_,11_1_69_2_52_,0,000000,97,12.6000,25,12,12.1500,12.0000,西勝,12.3500,0,otc,1,13:30:00,13.5500,186,11.1500,西勝國際股份有限公司,12.3500,12.1000,0,TPEX,
3628.tw,1,1,20.otc.tw|1397120,68.4000,0,0,68.7000,68.4000,000000,20260907,otc_3628.tw_20260907,69.4000_69.5000_69.6000_69.7000_69.8000_,68.4000_68.3000_68.2000_68.1000_68.0000_,3628,13.otc.tw|1993,20260907,14:30:00,3628.tw,1788762600000,14:30:00,1_4_1_3_5_,1_13_7_4_1_,0,000000,15,69.7000,31,12,68.7000,68.1000,盈正,68.9000,0,otc,1,13:30:00,76.2000,57,62.4000,盈正豫順電子股份有限公司,69.3000,68.4000,0,TPEX,
3629.tw,-,-,20.otc.tw|1397121,-,0,0,0.0000,19.2000,000000,20260907,otc_3629.tw_20260907,21.3500_21.5000_21.7000_21.7500_,19.3000_19.0000_18.9500_18.8000_17.8500_,3629,13.otc.tw|2161,20260907,14:30:00,3629.tw,1788762600000,14:30:00,1_1_3_5_,1_1_1_1_1_,0,000000,-,19.8500,32,12,0.0000,19.8000,地心引力,19.8000,2,otc,-,13:30:00,21.7500,7,17.8500,地心引力股份有限公司,19.8000,-,0,TPEX,
3630.tw,86,86,20.otc.tw|1397122,27.2500,0,0,28.2500,27.3500,000000,20260907,otc_3630.tw_20260907,27.3500_27.4500_27.5000_27.6000_27.6500_,27.2500_27.2000_27.1500_27.1000_27.0500_,3630,13.otc.tw|2329,20260907,14:30:00,3630.tw,1788762600000,14:30:00,2_17_10_8_1_,21_43_7_11_8_,0,000000,13,28.4000,26,12,27.3500,27.2500,新鉅科,28.3000,0,otc,86,13:30:00,31.2000,1200,25.6000,新鉅科技股份有限公司,28.4000,27.2500,0,TPEX,
3631.tw,8,8,20.otc.tw|1397123,37.9000,0,0,38.0000,37.6000,000000,20260907,otc_3631.tw_20260907,37.9000_38.0000_38.0500_38.1000_38.5500_,37.8500_37.8000_37.7500_37.6000_37.5500_,3631,13.otc.tw|1406,20260907,14:30:00,3631.tw,1788762600000,14:30:00,5_10_1_1_2_,1_1_1_4_4_,0,000000,164,38.9000,28,12,37.6000,37.6000,晟楠,38.5000,0,otc,8,13:30:00,42.3500,110,34.6500,晟楠科技股份有限公司,38.5000,37.8500,0,TPEX,
3632.tw,4,4,20.otc.tw|1397124,7.3000,0,0,0.0000,7.3300,000000,20260907,otc_3632.tw_20260907,7.3100_7.5500_8.0100_8.0200_8.0300_,7.2900_7.2800_7.2700_7.2000_7.1200_,3632,13.otc.tw|1574,20260907,14:30:00,3632.tw,1788762600000,14:30:00,1_1_2_4_1_,4_1_1_1_2_,0,000000,57,7.3100,27,12,7.3300,7.3000,研勤,7.3100,0,otc,4,13:30:00,8.0800,11,6.6200,研勤科技股份有限公司,7.3500,7.3000,0,TPEX,
3646.tw,2,2,20.otc.tw|1397125,23.8500,0,0,23.9500,23.8500,000000,20260907,otc_3646.tw_20260907,23.8500_23.9000_23.9500_24.1500_24.2000_,23.6500_23.5000_23.4500_23.3500_23.2500_,3646,13.otc.tw|1742,20260907,14:30:00,3646.tw,1788762600000,14:30:00,3_8_8_1_10_,2_1_1_1_1_,0,000000,-,24.2000,28,12,0.0000,23.7000,艾恩特,24.2000,0,otc,2,13:30:00,26.2000,24,21.5000,艾恩特精密工業股份有限公司,23.8500,23.8500,0,TPEX,
3663.tw,12,12,20.otc.tw|1397126,62.1000,0,0,62.1000,61.7000,000000,20260907,otc_3663.tw_20260907,62.3000_62.4000_62.5000_62.7000_62.8000_,62.1000_62.0000_61.8000_61.7000_61.6000_,3663,13.otc.tw|1910,20260907,14:30:00,3663.tw,1788762600000,14:30:00,4_6_9_2_7_,2_9_4_1_9_,0,000000,500,62.6000,31,12,61.7000,61.0000,鑫科,62.2000,0,otc,12,13:30:00,68.3000,342,55.9000,鑫科材料科技股份有限公司,62.1000,62.1000,0,TPEX,
3664.tw,11,11,20.otc.tw|1397127,7.3800,0,0,7.4100,0.0000,000000,20260907,otc_3664.tw_20260907,7.3800_7.8300_8.0700_8.1000_8.7000_,-,3664,13.otc.tw|2078,20260907,14:30:00,3664.tw,1788762600000,14:30:00,37_6_5_5_6_,-,0,000000,1,8.1000,27,12,7.4100,7.3800,安瑞-KY,8.1000,3,otc,11,13:30:00,9.0000,80,7.3800,安瑞科技股份有限公司,8.1900,7.3800,0,TPEX,RR
3666.tw,9,9,20.otc.tw|1397128,25.0000,0,0,25.0000,24.8000,000000,20260907,otc_3666.tw_20260907,25.0000_25.0500_25.1000_25.1500_25.2000_,24.9500_24.7500_24.7000_24.6500_24.6000_,3666,13.otc.tw|2246,20260907,14:30:00,3666.tw,1788762600000,14:30:00,2_6_4_2_4_,1_2_6_1_1_,0,000000,-,25.1000,26,12,0.0000,24.8000,光耀,25.1000,0,otc,9,13:30:00,27.5000,15,22.5000,光耀科技股份有限公司,25.0000,25.0000,0,TPEX,
3672.tw,4,4,20.otc.tw|1397129,11.8500,0,0,11.9000,11.7000,000000,20260907,otc_3672.tw_20260907,12.2500_12.3000_12.4500_12.5000_12.6000_,11.8000_11.7500_11.7000_11.6500_11.6000_,3672,13.otc.tw|1490,20260907,14:30:00,3672.tw,1788762600000,14:30:00,3_1_1_1_2_,4_3_3_2_3_,0,000000,1,12.5000,27,12,11.7000,11.5000,康聯訊,11.5500,0,otc,4,13:30:00,13.0500,56,10.7500,康聯訊科技股份有限公司,11.9000,11.8500,0,TPEX,
3675.tw,33,33,9.otc.tw|419,282.0000,0,2,284.5000,283.0000,000000,20260907,otc_3675.tw_20260907,282.5000_283.0000_283.5000_284.0000_284.5000_,282.0000_281.5000_281.0000_280.5000_280.0000_,3675,13.otc.tw|1658,20260907,14:30:00,3675.tw,1788762600000,14:30:00,3_4_3_9_7_,61_1_2_3_12_,0,000000,2,290.0000,24,12,284.5000,279.5000,德微,283.5000,0,otc,33,13:30:00,310.0000,986,254.0000,德微科技股份有限公司,282.0000,282.0000,0,TPEX,
3680.tw,47,47,9.otc.tw|420,529.0000,0,3,530.0000,529.0000,000000,20260907,otc_3680.tw_20260907,529.0000_530.0000_531.0000_532.0000_533.0000_,528.0000_527.0000_526.0000_525.0000_524.0000_,3680,13.otc.tw|1826,20260907,14:30:00,3680.tw,1788762600000,14:30:00,2_10_2_33_24_,10_19_16_31_16_,0,000000,558,535.0000,24,12,529.0000,524.0000,家登,528.0000,0,otc,47,13:30:00,569.0000,1196,466.5000,家登精密工業股份有限公司,518.0000,529.0000,0,TPEX,
3684.tw,1,1,20.otc.tw|1397135,54.2000,0,0,53.8000,53.7000,000000,20260907,otc_3684.tw_20260907,54.3000_55.0000_55.2000_56.0000_56.5000_,54.0000_53.4000_53.3000_53.1000_52.8000_,3684,13.otc.tw|1994,20260907,14:30:00,3684.tw,1788762600000,14:30:00,1_5_2_1_2_,68_1_1_1_1_,0,000000,102,54.2000,27,12,53.8000,53.4000,榮昌,53.5000,0,otc,1,13:30:00,59.7000,36,48.9000,榮昌科技股份有限公司,54.3000,54.2000,0,TPEX,
3685.tw,35,35,20.otc.tw|1396942,36.9500,0,0,36.9500,36.9000,000000,20260907,otc_3685.tw_20260907,36.9500_37.0000_37.0500_37.1000_37.1500_,36.9000_36.8000_36.7500_36.3500_36.3000_,3685,13.otc.tw|2162,20260907,14:30:00,3685.tw,1788762600000,14:30:00,3_39_5_5_1_,3_3_5_1_8_,0,000000,-,37.0500,05,12,0.0000,36.3000,元創精密,36.9500,0,otc,35,13:30:00,40.5500,569,33.2500,元創精密車業股份有限公司,36.9000,36.9500,0,TPEX,
3687.tw,9,9,20.otc.tw|1396943,62.6000,0,0,65.0000,62.9000,000000,20260907,otc_3687.tw_20260907,63.0000_63.1000_63.4000_63.7000_63.8000_,62.6000_62.5000_62.3000_62.0000_61.8000_,3687,13.otc.tw|2330,20260907,14:30:00,3687.tw,1788762600000,14:30:00,1_1_3_3_3_,1_3_2_3_3_,0,000000,24,63.4000,36,12,62.9000,62.6000,歐買尬,62.9000,0,otc,9,13:30:00,69.1000,33,56.7000,茂為歐買尬數位科技股份有限公司,62.9000,62.6000,0,TPEX,
3689.tw,66,66,9.otc.tw|427,113.0000,0,1,114.5000,114.0000,000000,20260907,otc_3689.tw_20260907,113.5000_114.0000_114.5000_115.0000_115.5000_,113.0000_112.5000_112.0000_111.5000_111.0000_,3689,13.otc.tw|1407,20260907,14:30:00,3689.tw,1788762600000,14:30:00,43_69_32_39_13_,26_57_157_98_108_,0,000000,110,114.0000,28,12,114.0000,112.0000,湧德,114.0000,0,otc,66,13:30:00,128.0000,1564,105.0000,湧德電子股份有限公司,116.5000,113.0000,0,TPEX,
3691.tw,7,7,9.otc.tw|428,98.6000,0,2,102.0000,98.1000,000000,20260907,otc_3691.tw_20260907,98.8000_99.0000_99.1000_99.2000_99.5000_,98.6000_98.5000_98.4000_98.3000_98.2000_,3691,13.otc.tw|1575,20260907,14:30:00,3691.tw,1788762600000,14:30:00,1_8_1_3_3_,7_3_1_4_10_,0,000000,794,100.5000,26,12,98.1000,98.0000,碩禾,100.5000,0,otc,7,13:30:00,108.5000,187,89.1000,碩禾電子材料股份有限公司,99.0000,98.6000,0,TPEX,
3693.tw,122,116,9.otc.tw|429,683.0000,0,6,681.0000,680.0000,000000,20260907,otc_3693.tw_20260907,683.0000_684.0000_685.0000_686.0000_687.0000_,682.0000_681.0000_680.0000_679.0000_678.0000_,3693,13.otc.tw|1743,20260907,14:30:00,3693.tw,1788762600000,14:30:00,3_2_12_6_15_,12_16_41_12_8_,0,000000,844,700.0000,25,12,680.0000,665.0000,營邦,669.0000,0,otc,122,13:30:00,729.0000,2280,597.0000,營邦企業股份有限公司,663.0000,682.0000,0,TPEX,
3707.tw,165,171,9.otc.tw|430,61.2000,0,5,63.3000,61.4000,000000,20260907,otc_3707.tw_20260907,61.3000_61.4000_61.5000_61.6000_61.7000_,61.2000_61.1000_61.0000_60.9000_60.8000_,3707,13.otc.tw|1911,20260907,14:30:00,3707.tw,1788762600000,14:30:00,20_11_16_21_53_,22_92_91_22_50_,0,000000,1253,63.1000,24,12,61.4000,61.1000,漢磊,62.8000,0,otc,165,13:30:00,68.2000,2232,55.8000,漢磊科技股份有限公司,62.0000,61.2000,0,TPEX,
3709.tw,26,26,20.otc.tw|1396955,66.0000,0,0,68.2000,66.6000,000000,20260907,otc_3709.tw_20260907,66.1000_66.2000_66.3000_66.4000_66.5000_,66.0000_65.9000_65.8000_65.7000_65.6000_,3709,13.otc.tw|2079,20260907,14:30:00,3709.tw,1788762600000,14:30:00,2_4_6_7_8_,5_9_12_13_15_,0,000000,19,66.7000,25,12,66.6000,66.0000,鑫聯大投控,66.2000,0,otc,26,13:30:00,72.2000,302,59.2000,鑫聯大投資控股股份有限公司,65.7000,66.0000,0,TPEX,
3710.tw,5,5,20.otc.tw|1396956,5.0000,0,0,5.0000,4.9600,000000,20260907,otc_3710.tw_20260907,5.0100_5.0400_5.0500_5.0600_5.0700_,5.0000_4.9900_4.9800_4.9700_4.9600_,3710,13.otc.tw|2247,20260907,14:30:00,3710.tw,1788762600000,14:30:00,1_7_12_187_41_,13_36_39_2_1_,0,000000,384,5.0700,28,12,4.9600,4.9900,連展投控,5.0100,0,otc,5,13:30:00,5.5700,235,4.5700,連展投資控股股份有限公司,5.0700,5.0000,0,TPEX,
3713.tw,3,3,20.otc.tw|1396957,14.3000,0,0,14.2500,14.1000,000000,20260907,otc_3713.tw_20260907,14.3000_14.3500_14.6500_14.7000_14.7500_,14.2000_14.1500_14.1000_14.0500_14.0000_,3713,13.otc.tw|1491,20260907,14:30:00,3713.tw,1788762600000,14:30:00,9_6_3_3_22_,1_3_10_3_8_,0,000000,100,14.3000,35,12,14.2500,14.0000,新晶投控,14.1500,0,otc,3,13:30:00,15.7500,24,12.9500,新晶投資控股股份有限公司,14.3500,14.3000,0,TPEX,
3718.tw,205,203,9.otc.tw|438,70.9000,0,15,71.3000,71.1000,000000,20260907,otc_3718.tw_20260907,71.0000_71.1000_71.2000_71.3000_71.4000_,70.9000_70.8000_70.7000_70.6000_70.5000_,3718,13.otc.tw|1659,20260907,14:30:00,3718.tw,1788762600000,14:30:00,11_11_9_20_5_,56_64_52_42_121_,0,000000,1120,75.1000,26,12,71.1000,70.1000,中光電投控,75.1000,0,otc,205,13:30:00,83.0000,6283,68.0000,中光電投資控股股份有限公司,75.5000,70.9000,0,TPEX,
4102.tw,5,4,20.otc.tw|1396962,19.1000,0,0,19.0000,18.9000,000000,20260907,otc_4102.tw_20260907,19.1000_19.1500_19.2000_19.3000_19.3500_,19.0500_19.0000_18.9000_18.7500_18.3000_,4102,13.otc.tw|1827,20260907,14:30:00,4102.tw,1788762600000,14:30:00,5_2_2_5_6_,4_2_1_1_3_,0,000000,100,19.3000,22,12,19.0000,18.8000,永日,19.3000,0,otc,5,13:30:00,21.1000,20,17.3000,永日化學工業股份有限公司,19.2000,19.1000,0,TPEX,
4105.tw,37,35,9.otc.tw|440,76.5000,0,1,77.3000,76.9000,000000,20260907,otc_4105.tw_20260907,76.6000_76.8000_76.9000_77.0000_77.1000_,76.5000_76.4000_76.3000_76.2000_76.1000_,4105,13.otc.tw|1995,20260907,14:30:00,4105.tw,1788762600000,14:30:00,1_4_9_6_8_,6_40_40_32_29_,0,000000,50,77.2000,22,12,77.3000,76.3000,東洋,77.2000,0,otc,37,13:30:00,84.7000,365,69.3000,台灣東洋藥品工業股份有限公司,77.0000,76.5000,0,TPEX,
4107.tw,1,1,20.otc.tw|1396964,113.0000,0,0,113.5000,113.0000,000000,20260907,otc_4107.tw_20260907,113.5000_114.0000_114.5000_115.0000_116.0000_,112.5000_112.0000_111.5000_111.0000_110.5000_,4107,13.otc.tw|2163,20260907,14:30:00,4107.tw,1788762600000,14:30:00,8_24_5_20_4_,14_13_16_9_9_,0,000000,1,113.0000,22,12,113.0000,112.5000,邦特,113.0000,0,otc,1,13:30:00,124.0000,24,102.0000,邦特生物科技股份有限公司,113.0000,113.0000,0,TPEX,
4109.tw,2,2,20.otc.tw|1396965,11.0000,0,0,11.0500,11.0000,000000,20260907,otc_4109.tw_20260907,11.0500_11.1000_11.1500_11.2000_11.2500_,11.0000_10.9500_10.9000_10.8500_10.8000_,4109,13.otc.tw|2331,20260907,14:30:00,4109.tw,1788762600000,14:30:00,9_7_21_6_2_,21_19_33_27_35_,0,000000,1,11.1500,22,12,11.0000,10.9500,加捷生醫,11.1500,0,otc,2,13:30:00,12.2500,163,10.0500,加捷生醫股份有限公司,11.1500,11.0000,0,TPEX,
4111.tw,-,-,20.otc.tw|1396966,-,0,0,28.8000,28.6000,000000,20260907,otc_4111.tw_20260907,28.7000_28.8000_28.9000_28.9500_29.0000_,28.6500_28.6000_28.5500_28.5000_28.4500_,4111,13.otc.tw|1408,20260907,14:30:00,4111.tw,1788762600000,14:30:00,1_2_4_4_21_,14_17_3_20_5_,0,000000,193,28.9500,22,12,28.6000,28.6500,濟生,28.7000,0,otc,-,13:30:00,31.5500,38,25.8500,濟生醫藥生技股份有限公司,28.7000,-,0,TPEX,
4113.tw,5,5,20.otc.tw|1396772,15.2000,0,0,15.2000,15.1000,000000,20260907,otc_4113.tw_20260907,15.2000_15.2500_15.3000_15.3500_15.4000_,15.1000_15.0500_15.0000_14.9500_14.9000_,4113,13.otc.tw|1576,20260907,14:30:00,4113.tw,1788762600000,14:30:00,12_2_3_20_1_,1_5_19_58_13_,0,000000,140,15.2000,14,12,15.1000,15.0000,聯上,15.0000,0,otc,5,13:30:00,16.4000,102,13.5000,聯上實業股份有限公司,14.9500,15.2000,0,TPEX,
4114.tw,21,19,9.otc.tw|445,29.6500,0,2,29.7500,29.6500,000000,20260907,otc_4114.tw_20260907,29.6500_29.7000_29.7500_29.8000_29.8500_,29.6000_29.5500_29.5000_29.4500_29.4000_,4114,13.otc.tw|1744,20260907,14:30:00,4114.tw,1788762600000,14:30:00,5_7_19_18_22_,6_39_96_16_40_,0,000000,3437,29.8000,22,12,29.6500,29.5000,健喬,29.8000,0,otc,21,13:30:00,32.7500,566,26.8500,健喬信元醫藥生技股份有限公司,29.8000,29.6500,0,TPEX,
4116.tw,2,2,20.otc.tw|1396776,40.2500,0,0,40.4000,39.8000,000000,20260907,otc_4116.tw_20260907,40.2500_40.9000_40.9500_41.0000_41.1000_,40.2000_39.9000_39.7500_39.7000_39.5000_,4116,13.otc.tw|1912,20260907,14:30:00,4116.tw,1788762600000,14:30:00,5_1_2_3_1_,2_4_2_2_4_,0,000000,-,40.2500,22,12,0.0000,39.8000,明基醫,39.9500,0,otc,2,13:30:00,44.2500,20,36.2500,明基三豐醫療器材股份有限公司,40.2500,40.2500,0,TPEX,
4120.tw,2,2,20.otc.tw|1396777,46.0000,0,0,46.1500,45.0500,000000,20260907,otc_4120.tw_20260907,46.0000_46.1000_46.2000_46.3000_47.3000_,45.6000_45.5000_45.2500_45.2000_45.0000_,4120,13.otc.tw|2080,20260907,14:30:00,4120.tw,1788762600000,14:30:00,8_1_1_1_1_,1_2_2_2_2_,0,000000,50,46.0000,22,12,45.0500,45.1000,友華,45.1000,0,otc,2,13:30:00,50.2000,6,41.1500,友華生技醫藥股份有限公司,45.7000,46.0000,0,TPEX,
4121.tw,3,3,20.otc.tw|1396778,12.8000,0,0,0.0000,12.8500,000000,20260907,otc_4121.tw_20260907,12.8000_12.8500_12.9500_13.0000_13.1000_,12.7500_12.7000_12.6500_12.6000_12.5500_,4121,13.otc.tw|2248,20260907,14:30:00,4121.tw,1788762600000,14:30:00,2_1_6_11_1_,11_15_1_1_1_,0,000000,205,13.0000,22,12,12.8500,12.7500,優盛,13.0000,0,otc,3,13:30:00,14.1500,64,11.6500,優盛醫學科技股份有限公司,12.9000,12.8000,0,TPEX,
4123.tw,95,95,9.otc.tw|449,29.5500,0,4,29.7500,29.6000,000000,20260907,otc_4123.tw_20260907,29.6000_29.6500_29.7000_29.7500_29.8000_,29.5500_29.5000_29.4500_29.4000_29.3500_,4123,13.otc.tw|1492,20260907,14:30:00,4123.tw,1788762600000,14:30:00,46_20_30_5_47_,7_203_100_57_66_,0,000000,2355,30.0500,22,12,29.6000,29.5000,晟德,30.0500,0,otc,95,13:30:00,33.1500,2243,27.1500,晟德大藥廠股份有限公司,30.1500,29.5500,0,TPEX,
4126.tw,1,1,20.otc.tw|1396784,77.9000,0,0,78.2000,77.5000,000000,20260907,otc_4126.tw_20260907,78.0000_78.1000_78.2000_78.3000_78.4000_,77.9000_77.8000_77.7000_77.6000_77.5000_,4126,13.otc.tw|1660,20260907,14:30:00,4126.tw,1788762600000,14:30:00,1_3_7_3_2_,2_1_3_3_4_,0,000000,5,78.3000,22,12,78.2000,77.8000,太醫,77.8000,0,otc,1,13:30:00,85.8000,18,70.2000,太平洋醫材股份有限公司,78.0000,77.9000,0,TPEX,
4127.tw,9,9,20.otc.tw|1396785,62.0000,0,0,62.0000,61.6000,000000,20260907,otc_4127.tw_20260907,62.2000_62.4000_62.5000_62.7000_62.8000_,62.0000_61.9000_61.8000_61.7000_61.6000_,4127,13.otc.tw|1828,20260907,14:30:00,4127.tw,1788762600000,14:30:00,2_3_2_1_4_,7_9_5_6_4_,0,000000,-,63.7000,22,12,0.0000,60.7000,天良,62.0000,1,otc,9,13:30:00,67.4000,251,55.2000,天良生物科技企業股份有限公司,61.3000,62.0000,0,TPEX,
4128.tw,25,25,9.otc.tw|456,14.6500,0,1,14.6500,14.5500,000000,20260907,otc_4128.tw_20260907,14.7000_14.7500_14.8000_14.8500_14.9000_,14.6500_14.6000_14.5500_14.5000_14.4500_,4128,13.otc.tw|1996,20260907,14:30:00,4128.tw,1788762600000,14:30:00,7_3_19_22_26_,31_52_66_88_31_,0,000000,269,14.8500,22,12,14.5500,14.5000,中天,14.6500,0,otc,25,13:30:00,16.1000,710,13.2000,中天生物科技股份有限公司,14.6500,14.6500,0,TPEX,
4129.tw,6,6,20.otc.tw|1396787,82.4000,0,0,0.0000,82.3000,000000,20260907,otc_4129.tw_20260907,82.8000_82.9000_83.0000_83.1000_83.2000_,82.4000_82.3000_82.2000_82.1000_82.0000_,4129,13.otc.tw|2164,20260907,14:30:00,4129.tw,1788762600000,14:30:00,1_2_1_1_3_,3_4_8_7_23_,0,000000,444,83.1000,22,12,82.3000,81.6000,聯合,81.6000,0,otc,6,13:30:00,89.6000,160,73.4000,聯合骨科器材股份有限公司,81.5000,82.4000,0,TPEX,
4131.tw,1,1,20.otc.tw|1396789,30.5000,0,0,30.6000,30.2000,000000,20260907,otc_4131.tw_20260907,30.8000_31.0000_32.1500_32.2000_32.3000_,30.2000_30.1000_29.9000_29.7500_29.7000_,4131,13.otc.tw|2332,20260907,14:30:00,4131.tw,1788762600000,14:30:00,3_1_1_2_1_,1_3_1_2_1_,0,000000,-,31.5000,22,12,0.0000,30.1000,浩泰,30.5000,0,otc,1,13:30:00,34.0000,216,27.9000,浩泰精準股份有限公司,30.9500,30.5000,0,TPEX,
4138.tw,4,4,20.otc.tw|1396791,53.6000,0,0,53.8000,53.6000,000000,20260907,otc_4138.tw_20260907,53.8000_53.9000_54.0000_54.1000_54.2000_,53.5000_53.4000_53.3000_53.2000_53.1000_,4138,13.otc.tw|1409,20260907,14:30:00,4138.tw,1788762600000,14:30:00,1_1_3_3_2_,1_1_1_1_2_,0,000000,139,53.8000,22,12,53.6000,52.4000,曜亞,53.1000,0,otc,4,13:30:00,58.4000,53,47.8000,曜亞國際股份有限公司,53.1000,53.6000,0,TPEX,
4139.tw,1,1,20.otc.tw|1396792,41.5000,0,0,41.6500,41.5000,000000,20260907,otc_4139.tw_20260907,42.9000_43.0000_43.5000_43.6500_43.7000_,41.3000_41.2500_41.2000_41.1000_41.0500_,4139,13.otc.tw|1577,20260907,14:30:00,4139.tw,1788762600000,14:30:00,7_5_9_1_1_,1_2_5_1_1_,0,000000,-,42.9000,22,12,0.0000,41.5000,馬光-KY,42.0500,0,otc,1,13:30:00,46.1000,16,37.8000,馬光保健控股股份有限公司,41.9500,41.5000,0,TPEX,RR
4147.tw,35,35,20.otc.tw|1396793,62.7000,0,0,62.9000,62.8000,000000,20260907,otc_4147.tw_20260907,62.8000_62.9000_63.0000_63.1000_63.2000_,62.7000_62.6000_62.5000_62.4000_62.3000_,4147,13.otc.tw|1745,20260907,14:30:00,4147.tw,1788762600000,14:30:00,2_3_10_12_1_,1_21_23_21_32_,0,000000,200,63.3000,22,12,62.9000,62.2000,中裕,63.3000,0,otc,35,13:30:00,69.9000,610,57.3000,中裕新藥股份有限公司,63.6000,62.7000,0,TPEX,
4153.tw,1,1,20.otc.tw|1396794,32.1500,0,0,32.1500,31.5500,000000,20260907,otc_4153.tw_20260907,32.4000_32.5500_32.6000_32.6500_32.8000_,32.1000_32.0000_31.9000_31.3000_31.0500_,4153,13.otc.tw|1913,20260907,14:30:00,4153.tw,1788762600000,14:30:00,1_2_2_3_1_,1_2_1_2_1_,0,000000,200,32.9000,22,12,32.1500,32.1500,鈺緯,32.9000,0,otc,1,13:30:00,35.8500,4,29.3500,鈺緯科技開發股份有限公司,32.6000,32.1500,0,TPEX,
4154.tw,-,-,20.otc.tw|1396795,-,0,,12.4000,0.0000,000000,20260907,otc_4154.tw_20260907,12.3500_12.4000_12.4500_12.5000_12.7500_,11.6500_,4154,13.otc.tw|2081,20260907,14:30:00,4154.tw,1788762600000,14:30:00,1_1_1_8_1_,1_,0,000000,-,-,20,12,0.0000,-,樂威科-KY,-,0,otc,-,13:30:00,13.7500,0,11.2500,樂威科股份有限公司,12.5000,-,0,TPEX,RR
4157.tw,22,22,9.otc.tw|463,9.1700,0,6,9.1700,9.1100,000000,20260907,otc_4157.tw_20260907,9.1700_9.1800_9.1900_9.2000_9.2100_,9.1600_9.1500_9.1400_9.1100_9.1000_,4157,13.otc.tw|2249,20260907,14:30:00,4157.tw,1788762600000,14:30:00,40_32_14_30_13_,19_4_18_10_5_,0,000000,282,9.2800,22,12,9.1700,8.9000,太景*-KY,8.9700,0,otc,22,13:30:00,9.6200,1913,7.8800,太景醫藥研發控股股份有限公司,8.7500,9.1700,0,TPEX,RR
4160.tw,1,1,20.otc.tw|1397917,39.7500,0,0,40.0000,39.7500,000000,20260907,otc_4160.tw_20260907,39.8000_39.8500_39.9000_40.0000_40.2000_,39.7500_39.6500_39.5500_39.5000_39.4000_,4160,13.otc.tw|1493,20260907,14:30:00,4160.tw,1788762600000,14:30:00,1_1_2_1_2_,1_1_2_1_2_,0,000000,99,39.9000,22,12,39.7500,39.4500,訊聯基因,39.4500,0,otc,1,13:30:00,43.3000,22,35.5000,訊聯基因數位股份有限公司,39.4000,39.7500,0,TPEX,
4161.tw,-,-,20.otc.tw|1397918,-,0,0,22.6500,22.4000,000000,20260907,otc_4161.tw_20260907,22.7000_22.8000_22.8500_22.9000_22.9500_,22.6000_22.5500_22.5000_22.4500_22.3000_,4161,13.otc.tw|1661,20260907,14:30:00,4161.tw,1788762600000,14:30:00,1_8_3_5_5_,4_5_5_1_1_,0,000000,100,22.7500,22,12,22.4000,22.5500,聿新科,22.7000,0,otc,-,13:30:00,25.0500,33,20.5500,聿新生物科技股份有限公司,22.8000,-,0,TPEX,
4162.tw,20,20,9.otc.tw|466,57.0000,0,1,57.5000,57.4000,000000,20260907,otc_4162.tw_20260907,57.1000_57.2000_57.3000_57.4000_57.5000_,57.0000_56.9000_56.8000_56.7000_56.6000_,4162,13.otc.tw|1829,20260907,14:30:00,4162.tw,1788762600000,14:30:00,4_3_7_1_2_,5_24_7_1_5_,0,000000,11,58.2000,22,12,57.4000,56.9000,智擎,58.2000,0,otc,20,13:30:00,63.5000,211,52.1000,智擎生技製藥股份有限公司,57.8000,57.0000,0,TPEX,
4163.tw,5,4,20.otc.tw|1397920,137.5000,0,0,138.0000,136.5000,000000,20260907,otc_4163.tw_20260907,138.0000_138.5000_139.5000_141.0000_144.0000_,137.0000_136.5000_136.0000_135.5000_135.0000_,4163,13.otc.tw|1997,20260907,14:30:00,4163.tw,1788762600000,14:30:00,8_1_1_4_4_,1_4_12_2_5_,0,000000,24,137.5000,22,12,138.0000,136.0000,鐿鈦,137.0000,0,otc,5,13:30:00,150.5000,23,123.5000,鐿鈦科技股份有限公司,137.0000,137.5000,0,TPEX,
4166.tw,1,1,20.otc.tw|1397922,25.0500,0,0,25.1500,24.7500,000000,20260907,otc_4166.tw_20260907,25.1000_25.2500_25.3000_25.3500_25.4000_,25.0500_25.0000_24.9000_24.8000_24.7000_,4166,13.otc.tw|2165,20260907,14:30:00,4166.tw,1788762600000,14:30:00,4_13_4_3_5_,1_7_6_3_4_,0,000000,417,25.4000,22,12,25.1000,25.0500,友霖,25.3500,0,otc,1,13:30:00,27.7000,57,22.7000,友霖生技醫藥股份有限公司,25.2000,25.0500,0,TPEX,
4167.tw,27,27,20.otc.tw|1397923,18.9000,0,0,19.0000,18.9500,000000,20260907,otc_4167.tw_20260907,19.0000_19.0500_19.1000_19.1500_19.2000_,18.9000_18.8500_18.8000_18.7500_18.7000_,4167,13.otc.tw|2333,20260907,14:30:00,4167.tw,1788762600000,14:30:00,1_4_13_21_22_,39_88_109_29_34_,0,000000,1604,19.2000,22,12,19.0000,18.8000,松瑞藥,19.2000,0,otc,27,13:30:00,21.0500,543,17.2500,松瑞製藥股份有限公司,19.1500,18.9000,0,TPEX,
4168.tw,3,3,9.otc.tw|470,22.1500,0,1,22.2500,21.9000,000000,20260907,otc_4168.tw_20260907,22.2000_22.2500_22.3000_22.4000_22.4500_,22.1500_21.9000_21.8500_21.8000_21.7500_,4168,13.otc.tw|1410,20260907,14:30:00,4168.tw,1788762600000,14:30:00,1_4_1_4_1_,7_20_5_13_17_,0,000000,100,22.1500,22,12,21.9000,21.7500,醣聯,21.9500,0,otc,3,13:30:00,24.3000,95,19.9000,台灣醣聯生技醫藥股份有限公司,22.1000,22.1500,0,TPEX,
4171.tw,3,3,20.otc.tw|1397926,16.8000,0,0,16.8500,16.8000,000000,20260907,otc_4171.tw_20260907,16.9000_17.0000_17.1000_17.2000_17.2500_,16.6000_16.5500_16.5000_16.4500_16.4000_,4171,13.otc.tw|1578,20260907,14:30:00,4171.tw,1788762600000,14:30:00,1_16_2_5_4_,6_11_17_24_12_,0,000000,-,16.9000,33,12,0.0000,16.5500,瑞基,16.8000,0,otc,3,13:30:00,18.4500,68,15.1500,瑞基海洋生物科技股份有限公司,16.8000,16.8000,0,TPEX,
4173.tw,2,2,20.otc.tw|1397927,17.1000,0,0,17.1500,17.1000,000000,20260907,otc_4173.tw_20260907,17.1000_17.2500_17.3000_17.3500_17.4500_,17.0500_17.0000_16.9500_16.9000_16.8000_,4173,13.otc.tw|1746,20260907,14:30:00,4173.tw,1788762600000,14:30:00,3_1_3_3_6_,18_49_8_11_8_,0,000000,80,17.1500,22,12,17.1500,17.0000,久裕,17.1500,0,otc,2,13:30:00,18.8500,54,15.4500,久裕企業股份有限公司,17.1500,17.1000,0,TPEX,
4174.tw,17,17,20.otc.tw|1397928,24.9500,0,0,25.0500,24.8000,000000,20260907,otc_4174.tw_20260907,25.1000_25.1500_25.2000_25.2500_25.3000_,24.9500_24.9000_24.8500_24.8000_24.7500_,4174,13.otc.tw|1914,20260907,14:30:00,4174.tw,1788762600000,14:30:00,1_2_10_10_23_,5_6_4_9_5_,0,000000,1092,25.3000,22,12,24.8000,24.9000,浩鼎,25.1000,0,otc,17,13:30:00,27.5500,304,22.5500,台灣浩鼎生技股份有限公司,25.0500,24.9500,0,TPEX,
4175.tw,1,1,20.otc.tw|1397929,51.6000,0,0,51.8000,51.7000,000000,20260907,otc_4175.tw_20260907,51.6000_51.8000_51.9000_52.0000_52.2000_,51.3000_51.1000_51.0000_50.8000_50.6000_,4175,13.otc.tw|2082,20260907,14:30:00,4175.tw,1788762600000,14:30:00,1_1_1_3_3_,1_1_2_3_1_,0,000000,-,52.0000,22,12,0.0000,51.5000,杏一,51.8000,0,otc,1,13:30:00,56.9000,10,46.6500,杏一醫療用品股份有限公司,51.8000,51.6000,0,TPEX,
4183.tw,-,-,20.otc.tw|1397930,-,0,,14.0500,12.9000,000000,20260907,otc_4183.tw_20260907,14.0000_14.1000_14.2000_14.4000_14.4500_,13.4500_13.4000_13.3500_13.3000_13.1000_,4183,13.otc.tw|2250,20260907,14:30:00,4183.tw,1788762600000,14:30:00,3_2_2_3_2_,1_2_2_1_1_,0,000000,-,-,22,12,0.0000,-,福永生技,-,0,otc,-,13:30:00,15.6000,0,12.8000,福永生物科技股份有限公司,14.2000,-,0,TPEX,
4188.tw,17,17,9.otc.tw|476,13.7000,0,1,13.6500,13.6000,000000,20260907,otc_4188.tw_20260907,13.9000_13.9500_14.0500_14.1000_14.1500_,13.7000_13.6500_13.5000_13.4500_13.4000_,4188,13.otc.tw|1494,20260907,14:30:00,4188.tw,1788762600000,14:30:00,1_2_3_1_1_,1_39_21_7_3_,0,000000,558,14.5000,22,12,13.6500,13.0500,安克,14.1000,0,otc,17,13:30:00,15.8500,320,13.0500,安克生醫股份有限公司,14.4500,13.7000,0,TPEX,
4192.tw,1,1,20.otc.tw|1398686,18.9000,0,0,18.9500,18.2500,000000,20260907,otc_4192.tw_20260907,18.9000_19.1500_20.3000_20.3500_20.4000_,18.5000_18.4500_18.4000_18.2500_18.1500_,4192,13.otc.tw|1662,20260907,14:30:00,4192.tw,1788762600000,14:30:00,1_3_1_1_1_,1_2_4_3_2_,0,000000,1205,18.8500,22,12,18.2500,18.4000,杏國,18.6500,0,otc,1,13:33:00,20.7500,11,17.0500,杏國新藥股份有限公司,18.9000,18.8500,0,TPEX,
4198.tw,-,-,20.otc.tw|1397934,-,0,0,47.9000,46.2500,000000,20260907,otc_4198.tw_20260907,47.9000_47.9500_48.0000_49.9000_50.4000_,46.2500_46.0500_45.9000_45.7500_45.7000_,4198,13.otc.tw|1830,20260907,14:30:00,4198.tw,1788762600000,14:30:00,1_7_10_1_2_,1_1_2_2_1_,0,000000,273,50.9000,22,12,47.9000,48.0000,欣大健康,50.9000,0,otc,-,13:30:00,53.3000,3,43.6500,欣大健康投資控股股份有限公司,48.5000,-,0,TPEX,
4205.tw,-,-,20.otc.tw|1397935,-,0,0,70.2000,69.9000,000000,20260907,otc_4205.tw_20260907,69.9000_70.0000_70.1000_70.2000_70.3000_,69.8000_69.7000_69.5000_69.4000_69.1000_,4205,13.otc.tw|1998,20260907,14:30:00,4205.tw,1788762600000,14:30:00,5_5_6_3_2_,1_2_3_5_6_,0,000000,43,69.9000,02,12,70.2000,69.7000,中華食,69.9000,0,otc,-,13:30:00,76.7000,12,62.9000,中華食品實業股份有限公司,69.8000,-,0,TPEX,
4207.tw,1,1,20.otc.tw|1397577,20.2500,0,0,20.3500,20.2000,000000,20260907,otc_4207.tw_20260907,20.3500_20.4000_20.4500_20.5000_20.5500_,20.2500_20.1000_20.0500_20.0000_19.8000_,4207,13.otc.tw|2166,20260907,14:30:00,4207.tw,1788762600000,14:30:00,1_18_1_2_1_,4_5_3_6_8_,0,000000,374,20.6000,02,12,20.2000,20.1500,環泰,20.3000,0,otc,1,13:30:00,22.5500,49,18.4500,環泰企業股份有限公司,20.5000,20.2500,0,TPEX,
4303.tw,58,52,20.otc.tw|1397578,35.1000,0,0,35.2500,35.2000,000000,20260907,otc_4303.tw_20260907,35.1500_35.2000_35.2500_35.3000_35.3500_,35.1000_35.0500_35.0000_34.9000_34.8500_,4303,13.otc.tw|2334,20260907,14:30:00,4303.tw,1788762600000,14:30:00,1_4_4_1_2_,1_26_19_9_3_,0,000000,400,35.9500,03,12,35.2500,34.2500,信立,34.8000,0,otc,58,13:30:00,38.1500,938,31.2500,信立化學工業股份有限公司,34.7000,35.1000,0,TPEX,
4304.tw,1,1,20.otc.tw|1397579,17.3000,0,0,17.9500,17.3000,000000,20260907,otc_4304.tw_20260907,17.4500_17.5000_17.6000_17.6500_17.7000_,17.2500_,4304,13.otc.tw|1411,20260907,14:30:00,4304.tw,1788762600000,14:30:00,2_3_4_5_11_,1_,0,000000,81,18.5000,03,12,17.3000,17.2500,勝昱,18.5000,0,otc,1,13:30:00,21.0500,165,17.2500,勝昱科技股份有限公司,19.1500,17.3000,0,TPEX,
4305.tw,1,1,20.otc.tw|1397580,43.4000,0,0,43.5500,43.4000,000000,20260907,otc_4305.tw_20260907,43.7000_43.9000_43.9500_44.5000_45.0000_,43.1000_43.0000_42.6500_42.5000_42.2000_,4305,13.otc.tw|1579,20260907,14:30:00,4305.tw,1788762600000,14:30:00,2_3_2_1_2_,1_1_2_1_1_,0,000000,-,43.4000,03,12,0.0000,43.4000,世坤,43.4000,0,otc,1,13:30:00,48.2500,1,39.5500,世坤塑膠股份有限公司,43.9000,43.4000,0,TPEX,
4401.tw,2,2,20.otc.tw|1397581,14.0000,0,0,14.0500,13.9000,000000,20260907,otc_4401.tw_20260907,14.0000_14.1000_14.2000_14.3000_14.3500_,13.9500_13.9000_13.8500_13.8000_13.7500_,4401,13.otc.tw|1747,20260907,14:30:00,4401.tw,1788762600000,14:30:00,15_2_11_12_7_,1_1_1_2_8_,0,000000,1,14.0000,04,12,13.9000,13.7500,東隆興,14.0000,0,otc,2,13:30:00,15.6000,39,12.8000,東隆興業股份有限公司,14.2000,14.0000,0,TPEX,
4402.tw,3,3,20.otc.tw|1398685,14.1500,0,0,14.2000,14.0500,000000,20260907,otc_4402.tw_20260907,14.2000_14.3500_14.5000_14.8000_14.8500_,14.1500_13.8500_13.8000_13.7500_13.7000_,4402,13.otc.tw|1915,20260907,14:30:00,4402.tw,1788762600000,14:30:00,1_14_1_18_5_,1_1_1_4_6_,0,000000,34,14.3500,04,12,14.0500,13.6000,郡都開發,14.3500,0,otc,3,13:33:00,16.3000,27,13.4000,郡都開發股份有限公司,14.8500,14.1500,0,TPEX,
4406.tw,1,-,20.otc.tw|1397583,-,0,0,10.1000,9.5000,000000,20260907,otc_4406.tw_20260907,10.1000_10.2000_10.3000_10.3500_10.5000_,9.8600_9.8500_9.8000_9.7600_9.7500_,4406,13.otc.tw|2083,20260907,14:30:00,4406.tw,1788762600000,14:30:00,5_1_4_3_1_,1_2_3_3_1_,0,000000,-,10.0500,04,12,0.0000,10.0500,新昕纖,10.0500,0,otc,1,13:30:00,10.8500,1,8.9100,新昕纖維股份有限公司,9.9000,10.0500,0,TPEX,
4413.tw,1,1,20.otc.tw|1397584,19.5500,0,0,19.6500,19.3000,000000,20260907,otc_4413.tw_20260907,20.8000_20.8500_20.9500_21.0000_21.1500_,19.5000_19.4500_19.4000_19.3000_19.2000_,4413,13.otc.tw|2251,20260907,14:30:00,4413.tw,1788762600000,14:30:00,3_1_1_8_3_,1_1_1_3_7_,0,000000,-,19.7000,04,12,0.0000,19.5500,飛寶企業,19.7000,0,otc,1,13:30:00,21.6500,4,17.7500,飛寶企業股份有限公司,19.7000,19.5500,0,TPEX,
4416.tw,15,15,20.otc.tw|1397585,12.3500,0,0,12.9000,12.4000,000000,20260907,otc_4416.tw_20260907,12.4000_12.4500_12.5000_12.5500_12.6000_,12.3500_12.3000_12.2500_12.2000_12.1500_,4416,13.otc.tw|1495,20260907,14:30:00,4416.tw,1788762600000,14:30:00,5_3_29_5_5_,57_138_58_34_29_,0,000000,-,13.1500,14,12,0.0000,12.3500,三圓,12.7500,0,otc,15,13:30:00,14.0000,666,11.5000,三圓建設股份有限公司,12.7500,12.3500,0,TPEX,
4417.tw,-,-,20.otc.tw|1397587,-,0,0,47.3500,46.8000,000000,20260907,otc_4417.tw_20260907,47.2000_47.4000_47.5000_47.8500_47.9500_,47.1000_47.0500_47.0000_46.9500_46.9000_,4417,13.otc.tw|1663,20260907,14:30:00,4417.tw,1788762600000,14:30:00,2_2_5_1_1_,3_2_8_2_45_,0,000000,10,47.2000,04,12,47.3500,47.0000,金洲,47.0000,0,otc,-,13:30:00,51.8000,53,42.4000,金洲海洋科技股份有限公司,47.1000,-,0,TPEX,
4419.tw,-,-,20.otc.tw|1397588,-,0,0,47.0000,46.1000,000000,20260907,otc_4419.tw_20260907,47.6000_47.6500_47.8000_47.9500_48.0000_,47.0500_46.1500_46.0500_45.8000_45.5500_,4419,13.otc.tw|1831,20260907,14:30:00,4419.tw,1788762600000,14:30:00,1_1_1_1_6_,1_1_1_1_1_,0,000000,1,47.9500,16,12,46.1000,46.9500,皇家美食,47.9500,0,otc,-,13:30:00,53.1000,3,43.5500,皇家國際美食股份有限公司,48.3500,-,0,TPEX,
4420.tw,2,2,20.otc.tw|1397589,38.7500,0,0,41.1000,40.5000,000000,20260907,otc_4420.tw_20260907,38.8000_38.8500_38.9000_39.0000_39.2000_,38.7500_38.7000_38.6000_38.5500_38.5000_,4420,13.otc.tw|1999,20260907,14:30:00,4420.tw,1788762600000,14:30:00,2_2_7_5_3_,3_1_1_2_2_,0,000000,100,38.9000,04,12,40.5000,38.6000,光明,38.9000,0,otc,2,13:30:00,42.4000,44,34.7000,光明絲織廠股份有限公司,38.5500,38.7500,0,TPEX,
4430.tw,1,1,20.otc.tw|1397590,17.4000,0,0,17.5000,17.4500,000000,20260907,otc_4430.tw_20260907,17.4000_17.4500_17.5000_17.6500_17.7000_,17.3500_17.3000_17.2500_17.2000_17.1500_,4430,13.otc.tw|2167,20260907,14:30:00,4430.tw,1788762600000,14:30:00,1_1_5_2_5_,4_3_1_4_2_,0,000000,-,17.9000,20,12,0.0000,17.3500,耀億,17.5000,0,otc,1,13:30:00,19.4500,19,15.9500,耀億工業股份有限公司,17.7000,17.4000,0,TPEX,
4432.tw,2,2,20.otc.tw|1397591,15.6500,0,0,15.7000,15.6500,000000,20260907,otc_4432.tw_20260907,15.8500_15.9000_16.0500_16.1000_16.1500_,15.6500_15.5500_15.5000_15.4500_15.4000_,4432,13.otc.tw|2335,20260907,14:30:00,4432.tw,1788762600000,14:30:00,3_4_1_4_5_,1_7_6_6_5_,0,000000,25,15.7000,04,12,15.7000,15.6000,銘旺實,15.7000,0,otc,2,13:30:00,17.4500,18,14.3500,銘旺實業股份有限公司,15.9000,15.6500,0,TPEX,
4433.tw,2,2,20.otc.tw|1397592,18.7500,0,0,18.8500,18.8000,000000,20260907,otc_4433.tw_20260907,18.8500_19.2000_19.2500_19.3000_19.7500_,18.7000_18.6500_18.6000_18.5500_18.5000_,4433,13.otc.tw|1412,20260907,14:30:00,4433.tw,1788762600000,14:30:00,4_1_1_1_1_,10_6_4_6_25_,0,000000,765,18.8000,04,12,18.8500,18.5000,興采,18.6000,0,otc,2,13:30:00,20.5500,71,16.8500,興采實業股份有限公司,18.7000,18.7500,0,TPEX,
4442.tw,30,28,20.otc.tw|1397595,52.7000,0,0,52.7000,52.4000,000000,20260907,otc_4442.tw_20260907,52.7000_52.8000_52.9000_53.0000_53.2000_,52.4000_52.3000_52.1000_52.0000_51.8000_,4442,13.otc.tw|1580,20260907,14:30:00,4442.tw,1788762600000,14:30:00,2_2_4_7_2_,1_1_5_7_11_,0,000000,6,52.7000,04,12,52.4000,50.3000,竣邦-KY,50.3000,0,otc,30,13:30:00,55.3000,126,45.3000,英屬開曼群島商竣邦國際股份有限公司,50.3000,52.7000,0,TPEX,RR
4502.tw,-,-,20.otc.tw|1397597,-,0,0,15.7000,15.2000,000000,20260907,otc_4502.tw_20260907,15.7000_15.8000_16.0000_16.2500_16.3000_,15.6500_15.6000_15.5500_15.5000_15.4500_,4502,13.otc.tw|1748,20260907,14:30:00,4502.tw,1788762600000,14:30:00,5_9_5_4_1_,1_2_5_4_3_,0,000000,100,15.6500,05,12,15.2000,15.5000,健信,15.6500,0,otc,-,13:30:00,17.2500,17,14.1500,健信科技工業股份有限公司,15.7000,-,0,TPEX,
4503.tw,3,3,20.otc.tw|1397598,23.7000,0,0,23.7500,23.7000,000000,20260907,otc_4503.tw_20260907,23.7000_23.9000_23.9500_24.0000_24.1000_,23.6500_23.6000_23.5500_23.5000_23.4500_,4503,13.otc.tw|1916,20260907,14:30:00,4503.tw,1788762600000,14:30:00,1_1_4_25_2_,1_8_2_3_4_,0,000000,1,24.2000,05,12,23.7000,23.6500,金雨,24.2000,0,otc,3,13:30:00,26.0500,90,21.3500,金雨企業股份有限公司,23.7000,23.7000,0,TPEX,
4506.tw,2,2,20.otc.tw|1397600,122.5000,0,0,123.0000,122.0000,000000,20260907,otc_4506.tw_20260907,123.0000_123.5000_124.0000_124.5000_125.0000_,122.0000_121.5000_121.0000_120.5000_120.0000_,4506,13.otc.tw|2084,20260907,14:30:00,4506.tw,1788762600000,14:30:00,6_12_11_1_6_,1_16_13_3_14_,0,000000,34,123.0000,05,12,123.0000,121.5000,崇友,121.5000,0,otc,2,13:30:00,133.5000,108,109.5000,崇友實業(股)公司,121.5000,122.5000,0,TPEX,
4510.tw,108,108,9.otc.tw|501,45.6500,0,8,46.3000,45.8000,000000,20260907,otc_4510.tw_20260907,45.8000_45.9000_45.9500_46.0000_46.1000_,45.6500_45.6000_45.5500_45.5000_45.4500_,4510,13.otc.tw|2252,20260907,14:30:00,4510.tw,1788762600000,14:30:00,1_4_2_11_1_,3_2_2_5_2_,0,000000,30,47.6000,05,12,46.3000,45.4000,高鋒,47.6000,0,otc,108,13:30:00,52.3000,2145,42.8000,高鋒工業股份有限公司,47.5500,45.6500,0,TPEX,
4513.tw,6,6,9.otc.tw|503,15.7500,0,1,15.7500,15.7000,000000,20260907,otc_4513.tw_20260907,15.7500_15.8000_15.8500_15.9000_15.9500_,15.7000_15.6500_15.6000_15.5500_15.5000_,4513,13.otc.tw|1496,20260907,14:30:00,4513.tw,1788762600000,14:30:00,4_5_7_2_1_,15_40_21_40_50_,0,000000,207,16.0000,05,12,15.7500,15.5500,福裕,16.0000,0,otc,6,13:30:00,17.6500,314,14.4500,福裕事業股份有限公司,16.0500,15.7000,0,TPEX,
4523.tw,2,2,20.otc.tw|1397313,23.6500,0,0,25.4000,23.6000,000000,20260907,otc_4523.tw_20260907,23.8000_23.8500_24.0000_24.2000_24.2500_,23.6500_23.6000_23.5500_23.5000_23.4500_,4523,13.otc.tw|1664,20260907,14:30:00,4523.tw,1788762600000,14:30:00,4_2_4_1_1_,2_2_1_3_8_,0,000000,1,23.8000,05,12,23.6000,23.5000,永彰,23.6500,0,otc,2,13:30:00,26.0500,32,21.3500,永彰科技股份有限公司,23.7000,23.6500,0,TPEX,
4527.tw,-,-,20.otc.tw|1397314,-,0,0,41.0000,39.8500,000000,20260907,otc_4527.tw_20260907,41.0000_41.2000_41.3500_41.4000_41.5000_,40.8500_40.8000_40.7500_40.6500_40.6000_,4527,13.otc.tw|1832,20260907,14:30:00,4527.tw,1788762600000,14:30:00,1_2_1_1_2_,1_3_3_2_3_,0,000000,-,40.9000,05,12,0.0000,40.9000,方土霖,40.9000,0,otc,-,13:30:00,44.8500,2,36.7500,霖冷凍機械股份有限公司,40.8000,-,0,TPEX,
4528.tw,1,1,20.otc.tw|1397315,14.9000,0,0,15.0000,14.9500,000000,20260907,otc_4528.tw_20260907,14.9500_15.0000_15.0500_15.1500_15.2000_,14.9000_14.8500_14.8000_14.7500_14.7000_,4528,13.otc.tw|2000,20260907,14:30:00,4528.tw,1788762600000,14:30:00,1_3_2_1_1_,10_11_23_3_2_,0,000000,100,14.9500,05,12,14.9500,14.9000,江興鍛,14.9500,0,otc,1,13:30:00,16.4000,17,13.5000,江興鍛壓工業股份有限公司,14.9500,14.9000,0,TPEX,
4529.tw,-,-,20.otc.tw|1397936,-,0,0,3.7100,3.6200,000000,20260907,otc_4529.tw_20260907,3.8000_3.8100_3.8300_3.8400_3.9400_,3.5200_3.5000_3.4800_3.4700_3.4600_,4529,13.otc.tw|2168,20260907,14:30:00,4529.tw,1788762600000,14:30:00,3_1_2_3_2_,3_5_6_14_5_,0,000000,300,3.6900,20,12,3.7100,3.6900,淳紳,3.6900,0,otc,-,13:30:00,4.0500,15,3.3300,淳紳股份有限公司,3.6900,-,0,TPEX,
4530.tw,-,-,20.otc.tw|1397937,-,0,0,28.0000,27.0500,000000,20260907,otc_4530.tw_20260907,27.8000_27.8500_27.9500_28.0000_28.8000_,26.2500_26.2000_26.1000_26.0000_25.9000_,4530,13.otc.tw|2336,20260907,14:30:00,4530.tw,1788762600000,14:30:00,1_1_6_3_1_,2_2_1_1_38_,0,000000,-,28.9000,16,12,0.0000,27.9000,天意能創,28.9000,0,otc,-,13:30:00,30.7000,12,25.2000,天意能創股份有限公司,27.9500,-,0,TPEX,
4533.tw,52,18,20.otc.tw|1397938,25.2500,0,0,27.7000,26.0000,000000,20260907,otc_4533.tw_20260907,26.0000_26.1500_26.2000_26.2500_26.3500_,25.4500_25.3500_25.3000_25.2500_25.2000_,4533,13.otc.tw|1413,20260907,14:30:00,4533.tw,1788762600000,14:30:00,3_1_10_1_5_,3_3_6_18_19_,0,000000,1,26.0000,05,12,26.0000,25.2500,協易機,25.9000,0,otc,52,13:30:00,28.2500,443,23.1500,協易機械工業股份有限公司,25.7000,26.0000,0,TPEX,
4534.tw,13,9,20.otc.tw|1397939,28.5000,0,0,30.0000,29.0000,000000,20260907,otc_4534.tw_20260907,28.5500_28.6500_28.7000_28.8500_29.0000_,28.5000_28.4500_28.4000_28.3500_28.3000_,4534,13.otc.tw|1581,20260907,14:30:00,4534.tw,1788762600000,14:30:00,2_6_10_6_11_,12_4_4_12_26_,0,000000,98,30.3500,05,12,29.0000,28.3000,慶騰,30.3500,0,otc,13,13:30:00,32.8500,1123,26.9500,慶騰精密科技股份有限公司,29.9000,28.5000,0,TPEX,
4535.tw,-,-,20.otc.tw|1397940,-,0,0,27.8000,26.9500,000000,20260907,otc_4535.tw_20260907,27.7000_28.0000_28.0500_28.1000_28.2000_,27.4000_27.3500_27.3000_27.2000_27.0500_,4535,13.otc.tw|1749,20260907,14:30:00,4535.tw,1788762600000,14:30:00,1_2_1_1_1_,1_2_2_4_4_,0,000000,1,27.8000,05,12,26.9500,27.3000,至興,27.7000,0,otc,-,13:30:00,30.4500,8,24.9500,至興精機股份有限公司,27.7000,-,0,TPEX,
4538.tw,2,2,20.otc.tw|1397941,17.5000,0,0,17.5000,16.9500,000000,20260907,otc_4538.tw_20260907,17.8000_17.8500_17.9000_17.9500_18.0000_,17.5000_17.4500_17.4000_17.3500_17.3000_,4538,13.otc.tw|1917,20260907,14:30:00,4538.tw,1788762600000,14:30:00,3_3_3_3_2_,3_3_3_2_3_,0,000000,-,17.7000,05,12,0.0000,17.5000,大詠城,17.5500,0,otc,2,13:30:00,19.5000,14,16.0000,大詠城機械股份有限公司,17.7500,17.5000,0,TPEX,
4541.tw,39,39,9.otc.tw|513,61.6000,0,1,63.6000,61.6000,000000,20260907,otc_4541.tw_20260907,61.6000_61.7000_61.8000_61.9000_62.0000_,61.5000_61.4000_61.3000_61.2000_61.1000_,4541,13.otc.tw|2085,20260907,14:30:00,4541.tw,1788762600000,14:30:00,2_2_6_6_22_,18_6_13_24_16_,0,000000,300,62.0000,20,12,63.6000,61.0000,晟田,61.6000,0,otc,39,13:30:00,67.3000,842,55.1000,晟田科技工業股份有限公司,61.2000,61.6000,0,TPEX,
4542.tw,25,25,20.otc.tw|1397943,288.0000,0,0,295.0000,290.0000,000000,20260907,otc_4542.tw_20260907,288.0000_288.5000_289.0000_290.0000_290.5000_,287.5000_287.0000_286.5000_286.0000_285.5000_,4542,13.otc.tw|2253,20260907,14:30:00,4542.tw,1788762600000,14:30:00,4_3_3_12_3_,1_6_10_3_2_,0,000000,153,291.0000,28,12,290.0000,278.5000,科嶠,284.5000,0,otc,25,13:30:00,311.5000,465,255.5000,科嶠工業股份有限公司,283.5000,288.0000,0,TPEX,
4543.tw,7,7,20.otc.tw|1397945,29.4000,0,0,29.5000,29.4000,000000,20260907,otc_4543.tw_20260907,29.4500_29.5000_29.6000_29.8000_29.8500_,29.4000_29.3500_29.3000_29.2500_29.2000_,4543,13.otc.tw|1497,20260907,14:30:00,4543.tw,1788762600000,14:30:00,1_2_1_1_2_,4_3_6_2_3_,0,000000,150,30.0000,05,12,29.4000,29.3500,萬在,29.7500,0,otc,7,13:30:00,32.9000,100,27.0000,萬在工業股份有限公司,29.9500,29.4000,0,TPEX,
4549.tw,2,2,20.otc.tw|1397946,103.5000,0,0,103.5000,102.5000,000000,20260907,otc_4549.tw_20260907,104.0000_104.5000_105.0000_105.5000_106.0000_,103.0000_102.5000_102.0000_101.5000_101.0000_,4549,13.otc.tw|1665,20260907,14:30:00,4549.tw,1788762600000,14:30:00,37_31_28_2_5_,2_7_7_29_12_,0,000000,180,104.5000,05,12,102.5000,102.0000,桓達,102.5000,0,otc,2,13:30:00,112.5000,79,92.3000,桓達科技股份有限公司,102.5000,103.5000,0,TPEX,
4550.tw,-,-,20.otc.tw|1397948,-,0,0,24.1000,24.0000,000000,20260907,otc_4550.tw_20260907,23.9500_24.0000_24.4000_24.4500_24.5000_,23.9000_23.8500_23.8000_23.7500_23.7000_,4550,13.otc.tw|1833,20260907,14:30:00,4550.tw,1788762600000,14:30:00,1_2_1_2_2_,1_2_1_9_2_,0,000000,-,24.0000,05,12,0.0000,23.6000,長佳,23.6000,0,otc,-,13:30:00,26.4000,21,21.6000,長佳機電工程股份有限公司,24.0000,-,0,TPEX,
4554.tw,1,1,20.otc.tw|1397949,29.6000,0,0,29.7000,29.6000,000000,20260907,otc_4554.tw_20260907,29.8000_29.8500_29.9000_29.9500_30.0000_,29.6000_29.5000_29.4500_29.4000_29.3500_,4554,13.otc.tw|2001,20260907,14:30:00,4554.tw,1788762600000,14:30:00,2_7_2_3_7_,2_1_1_1_2_,0,000000,-,30.0000,31,12,0.0000,29.6000,橙的,30.0000,0,otc,1,13:30:00,32.2000,14,26.4000,橙的電子股份有限公司,29.3000,29.6000,0,TPEX,
4556.tw,20,20,20.otc.tw|1397951,70.2000,0,0,0.0000,71.4000,000000,20260907,otc_4556.tw_20260907,71.1000_71.5000_71.7000_71.8000_72.0000_,70.5000_70.4000_70.3000_70.2000_70.1000_,4556,13.otc.tw|2169,20260907,14:30:00,4556.tw,1788762600000,14:30:00,1_8_6_1_2_,2_2_1_3_6_,0,000000,-,73.8000,20,12,0.0000,70.5000,旭然,73.2000,0,otc,20,13:30:00,80.1000,375,65.7000,旭然國際股份有限公司,72.9000,70.5000,0,TPEX,
4558.tw,3,3,20.otc.tw|1397952,17.1500,0,0,17.2500,16.9000,000000,20260907,otc_4558.tw_20260907,17.2500_17.3000_17.3500_17.4000_17.4500_,17.1000_17.0500_17.0000_16.7000_16.6500_,4558,13.otc.tw|2337,20260907,14:30:00,4558.tw,1788762600000,14:30:00,4_4_2_10_23_,6_23_17_1_1_,0,000000,-,17.5000,05,12,0.0000,17.0500,寶緯,17.4000,0,otc,3,13:30:00,19.1000,24,15.7000,寶緯工業股份有限公司,17.4000,17.1500,0,TPEX,
4561.tw,7,6,20.otc.tw|1397954,42.2500,0,0,42.3500,42.2500,000000,20260907,otc_4561.tw_20260907,42.5500_42.6000_42.7000_42.7500_42.8000_,42.2000_42.1500_42.1000_42.0500_42.0000_,4561,13.otc.tw|1414,20260907,14:30:00,4561.tw,1788762600000,14:30:00,1_4_3_1_1_,2_27_15_3_17_,0,000000,27,43.5500,05,12,42.3500,42.1500,健椿,43.5000,0,otc,7,13:30:00,47.8500,182,39.1500,健椿工業股份有限公司,43.5000,42.2000,0,TPEX,
4563.tw,3,3,20.otc.tw|1397955,45.1000,0,0,45.2500,44.8000,000000,20260907,otc_4563.tw_20260907,45.3000_45.3500_45.4000_45.5000_45.6000_,45.1000_45.0500_45.0000_44.9500_44.9000_,4563,13.otc.tw|1582,20260907,14:30:00,4563.tw,1788762600000,14:30:00,2_2_4_5_3_,1_2_2_1_1_,0,000000,18,45.7500,05,12,45.2500,43.5000,百德,44.5500,0,otc,3,13:30:00,48.2000,173,39.5000,百德機械股份有限公司,43.8500,45.1000,0,TPEX,
4568.tw,1,1,20.otc.tw|1397603,39.4000,0,0,39.5500,39.4000,000000,20260907,otc_4568.tw_20260907,39.6000_39.6500_39.7000_39.7500_39.8000_,39.2000_39.1500_39.0500_39.0000_38.5500_,4568,13.otc.tw|1750,20260907,14:30:00,4568.tw,1788762600000,14:30:00,1_2_1_1_1_,1_2_1_1_2_,0,000000,-,39.4000,05,12,0.0000,39.1500,科際精密,39.3000,0,otc,1,13:30:00,43.2000,4,35.4000,科際精密股份有限公司,39.3000,39.4000,0,TPEX,
4577.tw,28,25,9.otc.tw|528,89.6000,0,1,89.4000,89.2000,000000,20260907,otc_4577.tw_20260907,89.6000_89.8000_90.0000_90.2000_90.3000_,89.5000_88.8000_88.7000_88.6000_88.5000_,4577,13.otc.tw|1918,20260907,14:30:00,4577.tw,1788762600000,14:30:00,4_6_16_1_6_,1_6_3_5_2_,0,000000,175,89.6000,31,12,89.4000,85.4000,達航科技,86.0000,0,otc,28,13:30:00,95.7000,526,78.3000,達航科技股份有限公司,87.0000,89.6000,0,TPEX,
4580.tw,2,2,20.otc.tw|1397607,82.3000,0,0,83.9000,82.5000,000000,20260907,otc_4580.tw_20260907,82.3000_82.4000_82.8000_82.9000_83.0000_,82.1000_82.0000_81.9000_81.8000_81.7000_,4580,13.otc.tw|2086,20260907,14:30:00,4580.tw,1788762600000,14:30:00,1_2_3_3_5_,1_4_1_3_2_,0,000000,-,83.2000,05,12,0.0000,82.0000,捷流閥業,83.2000,0,otc,2,13:30:00,91.0000,92,74.6000,捷流閥業股份有限公司,82.8000,82.3000,0,TPEX,
4584.tw,-,-,20.otc.tw|1397609,-,0,0,38.8500,38.0000,000000,20260907,otc_4584.tw_20260907,39.0000_39.8000_39.9500_40.0000_41.7500_,38.5000_38.2500_38.2000_38.0500_38.0000_,4584,13.otc.tw|2254,20260907,14:30:00,4584.tw,1788762600000,14:30:00,1_1_1_5_5_,2_1_2_1_2_,0,000000,-,38.7500,05,12,0.0000,38.7000,君帆,38.7500,0,otc,-,13:30:00,42.5500,2,34.8500,君帆工業股份有限公司,38.7000,-,0,TPEX,
4609.tw,5,5,20.otc.tw|1397610,4.0300,0,0,0.0000,4.2600,000000,20260907,otc_4609.tw_20260907,4.2500_4.4900_4.6300_4.6400_4.6500_,4.0500_4.0300_4.0200_4.0000_3.9100_,4609,13.otc.tw|1498,20260907,14:30:00,4609.tw,1788762600000,14:30:00,8_2_1_2_1_,3_3_5_5_1_,0,000000,-,4.2500,38,12,0.0000,4.0500,唐鋒,4.2500,0,otc,5,13:30:00,4.6700,6,3.8300,唐鋒實業股份有限公司,4.2500,4.0500,0,TPEX,
4702.tw,5,5,20.otc.tw|1397611,9.3700,0,0,9.3800,9.3200,000000,20260907,otc_4702.tw_20260907,9.3800_9.3900_9.4000_9.4100_9.4600_,9.3600_9.3500_9.3400_9.3300_9.3000_,4702,13.otc.tw|1666,20260907,14:30:00,4702.tw,1788762600000,14:30:00,5_1_7_4_2_,1_1_1_2_2_,0,000000,-,9.4600,38,12,0.0000,9.2900,中美實,9.3600,0,otc,5,13:30:00,10.3000,70,8.4600,中美聯合實業股份有限公司,9.3900,9.3700,0,TPEX,
4706.tw,-,-,20.otc.tw|1397612,-,0,0,0.0000,39.1500,000000,20260907,otc_4706.tw_20260907,-,39.1500_38.8500_38.3000_36.0000_35.7000_,4706,13.otc.tw|1834,20260907,14:30:00,4706.tw,1788762600000,14:30:00,-,50_2_1_1_1_,0,000000,-,39.1500,21,12,0.0000,39.1500,大恭,39.1500,0,otc,-,13:30:00,39.1500,116,32.0500,大恭化學工業股份有限公司,35.6000,-,0,TPEX,
4707.tw,195,195,9.otc.tw|534,28.2500,0,8,28.3500,28.3000,000000,20260907,otc_4707.tw_20260907,28.3500_28.4000_28.4500_28.5000_28.6000_,28.3000_28.2500_28.2000_28.1500_28.1000_,4707,13.otc.tw|2002,20260907,14:30:00,4707.tw,1788762600000,14:30:00,10_14_11_28_20_,21_22_36_26_42_,0,000000,1852,30.8000,21,12,28.3000,28.2000,磐亞,30.8000,0,otc,195,13:30:00,33.1000,4113,27.1000,磐亞股份有限公司,30.1000,28.3000,0,TPEX,
4711.tw,2,2,20.otc.tw|1397614,16.5000,0,0,16.5500,16.5000,000000,20260907,otc_4711.tw_20260907,16.5500_16.6500_16.7000_16.7500_17.0000_,16.5000_16.4000_16.3500_16.3000_16.0000_,4711,13.otc.tw|2170,20260907,14:30:00,4711.tw,1788762600000,14:30:00,6_3_3_6_11_,2_3_14_13_5_,0,000000,41,16.7500,21,12,16.5000,16.4000,永純,16.6500,0,otc,2,13:30:00,18.2500,66,14.9500,永純化學工業股份有限公司,16.6000,16.5000,0,TPEX,
4714.tw,14,14,9.otc.tw|536,10.5500,0,1,10.8500,10.6500,000000,20260907,otc_4714.tw_20260907,10.6000_10.6500_10.7000_10.7500_10.8000_,10.5500_10.5000_10.4500_10.4000_10.3500_,4714,13.otc.tw|2338,20260907,14:30:00,4714.tw,1788762600000,14:30:00,20_15_13_13_10_,13_105_44_79_34_,0,000000,260,10.7000,21,12,10.8500,10.5500,永捷,10.7000,0,otc,14,13:30:00,11.7000,252,9.5900,永捷創新科技股份有限公司,10.6500,10.5500,0,TPEX,
4716.tw,33,33,20.otc.tw|1397617,17.1500,0,0,17.2500,17.1500,000000,20260907,otc_4716.tw_20260907,17.1500_17.2000_17.2500_17.3000_17.3500_,17.1000_17.0500_17.0000_16.9500_16.9000_,4716,13.otc.tw|1415,20260907,14:30:00,4716.tw,1788762600000,14:30:00,3_6_7_9_4_,77_117_72_50_75_,0,000000,210,17.7000,21,12,17.1500,17.1500,大立,17.5500,0,otc,33,13:30:00,19.0000,826,15.6000,大立高分子工業股份有限公司,17.3000,17.1500,0,TPEX,
4721.tw,14,14,20.otc.tw|1397618,71.3000,0,0,73.8000,71.7000,000000,20260907,otc_4721.tw_20260907,71.3000_71.5000_71.7000_71.8000_71.9000_,71.2000_71.1000_71.0000_70.9000_70.8000_,4721,13.otc.tw|1583,20260907,14:30:00,4721.tw,1788762600000,14:30:00,4_2_3_8_1_,4_5_7_4_9_,0,000000,43,72.7000,21,12,71.7000,68.9000,美琪瑪,72.7000,0,otc,14,13:30:00,78.9000,296,64.7000,美琪瑪國際股份有限公司,71.8000,71.3000,0,TPEX,
4726.tw,4,4,20.otc.tw|1397621,23.7000,0,0,23.7500,23.5500,000000,20260907,otc_4726.tw_20260907,23.7500_23.9000_24.0000_24.1000_24.1500_,23.7000_23.6500_23.6000_23.5500_23.5000_,4726,13.otc.tw|1751,20260907,14:30:00,4726.tw,1788762600000,14:30:00,18_8_6_1_4_,28_14_8_7_23_,0,000000,100,24.0000,22,12,23.7500,23.6000,永昕,24.0000,0,otc,4,13:30:00,26.3000,138,21.6000,永昕生物醫藥科技股份有限公司,23.9500,23.7000,0,TPEX,
4728.tw,-,-,20.otc.tw|1397622,-,0,0,395.5000,375.5000,000000,20260907,otc_4728.tw_20260907,397.0000_397.5000_402.0000_409.5000_437.5000_,394.0000_392.0000_391.5000_391.0000_390.0000_,4728,13.otc.tw|1919,20260907,14:30:00,4728.tw,1788762600000,14:30:00,1_1_1_1_2_,1_1_1_1_1_,0,000000,1,395.0000,22,12,375.5000,392.0000,雙美,392.0000,0,otc,-,13:30:00,437.5000,4,358.5000,雙美生物科技股份有限公司,398.0000,-,0,TPEX,
4729.tw,1,1,20.otc.tw|1397623,18.9000,0,0,18.8000,18.3500,000000,20260907,otc_4729.tw_20260907,18.9000_18.9500_19.0000_19.0500_19.1000_,18.8500_18.8000_18.7500_18.7000_18.6500_,4729,13.otc.tw|2087,20260907,14:30:00,4729.tw,1788762600000,14:30:00,1_2_5_5_2_,1_5_1_26_1_,0,000000,603,18.9500,26,12,18.3500,18.8000,熒茂,18.9000,0,otc,1,13:30:00,20.9000,57,17.1000,熒茂光學股份有限公司,19.0000,18.9000,0,TPEX,
4735.tw,7,7,20.otc.tw|1397624,36.6500,0,0,37.0000,36.5000,000000,20260907,otc_4735.tw_20260907,36.7500_37.5500_37.6000_37.9000_38.0000_,36.6000_36.5500_36.5000_36.0500_36.0000_,4735,13.otc.tw|2255,20260907,14:30:00,4735.tw,1788762600000,14:30:00,1_1_2_1_3_,4_2_2_13_5_,0,000000,36,37.8000,22,12,36.5000,36.6500,豪展,37.5500,0,otc,7,13:30:00,41.4000,56,33.9000,豪展醫療科技股份有限公司,37.6500,36.6500,0,TPEX,
4741.tw,1,1,9.otc.tw|546,40.9000,0,1,41.0500,40.9000,000000,20260907,otc_4741.tw_20260907,40.9000_40.9500_41.1000_41.2000_41.5500_,40.6000_40.3000_40.2500_40.2000_40.1000_,4741,13.otc.tw|1499,20260907,14:30:00,4741.tw,1788762600000,14:30:00,1_1_8_1_1_,3_1_2_11_1_,0,000000,-,41.6500,21,12,0.0000,40.0000,泓瀚,40.3500,0,otc,1,13:30:00,44.3500,177,36.3500,泓瀚科技股份有限公司,40.3500,40.9000,0,TPEX,
4743.tw,64,59,9.otc.tw|547,45.6000,0,1,45.7500,45.7000,000000,20260907,otc_4743.tw_20260907,45.6000_45.6500_45.7000_45.7500_45.8000_,45.5500_45.5000_45.4500_45.4000_45.3500_,4743,13.otc.tw|1667,20260907,14:30:00,4743.tw,1788762600000,14:30:00,1_3_7_2_17_,4_9_20_20_11_,0,000000,450,45.8500,22,12,45.7000,44.5500,合一,45.1000,0,otc,64,13:30:00,49.1000,934,40.2000,合一生技股份有限公司,44.6500,45.6000,0,TPEX,
4744.tw,-,-,20.otc.tw|1397319,-,0,0,27.2500,27.1500,000000,20260907,otc_4744.tw_20260907,27.2500_27.3500_27.8500_28.0000_28.6000_,27.1500_27.1000_27.0500_27.0000_26.9500_,4744,13.otc.tw|1835,20260907,14:30:00,4744.tw,1788762600000,14:30:00,1_5_1_2_4_,9_2_10_2_3_,0,000000,154,27.3000,22,12,27.1500,26.8000,皇將,26.8000,0,otc,-,13:30:00,30.0500,38,24.6500,皇將科技股份有限公司,27.3500,-,0,TPEX,
4745.tw,1,1,20.otc.tw|1397320,11.8500,0,0,11.9000,11.7000,000000,20260907,otc_4745.tw_20260907,11.8500_11.9000_12.0000_12.0500_12.1000_,11.8000_11.7000_11.6500_11.6000_11.5000_,4745,13.otc.tw|2003,20260907,14:30:00,4745.tw,1788762600000,14:30:00,2_4_5_2_2_,1_8_2_2_2_,0,000000,-,11.9000,22,12,0.0000,11.7000,合富-KY,11.8500,0,otc,1,13:30:00,13.0000,36,10.7000,COWEALTH MEDICAL HOLDING CO. LTD.,11.8500,11.8500,0,TPEX,RR
4747.tw,11,11,20.otc.tw|1397321,24.8500,0,0,24.8500,24.4000,000000,20260907,otc_4747.tw_20260907,24.8500_25.3000_25.7000_25.8000_25.9000_,24.3500_24.3000_24.1500_24.0500_24.0000_,4747,13.otc.tw|2171,20260907,14:30:00,4747.tw,1788762600000,14:30:00,4_3_2_1_3_,3_4_3_2_5_,0,000000,-,24.7500,22,12,0.0000,24.2000,強生*,24.6000,0,otc,11,13:30:00,27.3000,49,22.4000,強生化學製藥廠股份有限公司,24.8500,24.7500,0,TPEX,
4749.tw,29,24,9.otc.tw|551,789.0000,0,1,794.0000,793.0000,000000,20260907,otc_4749.tw_20260907,788.0000_789.0000_790.0000_791.0000_792.0000_,787.0000_786.0000_785.0000_784.0000_783.0000_,4749,13.otc.tw|2339,20260907,14:30:00,4749.tw,1788762600000,14:30:00,1_2_1_3_1_,12_1_5_6_3_,0,000000,565,825.0000,24,12,793.0000,784.0000,新應材,794.0000,0,otc,29,13:30:00,853.0000,1072,699.0000,新應材股份有限公司,776.0000,787.0000,0,TPEX,
4754.tw,-,-,20.otc.tw|1397324,-,0,0,38.8000,38.6000,000000,20260907,otc_4754.tw_20260907,38.7000_38.8000_38.8500_38.9000_38.9500_,38.6000_38.5500_38.5000_38.4000_38.3500_,4754,13.otc.tw|1416,20260907,14:30:00,4754.tw,1788762600000,14:30:00,1_2_2_2_8_,5_13_14_7_2_,0,000000,85,38.8000,21,12,38.6000,38.6500,國碳科,38.6500,0,otc,-,13:30:00,42.3500,4,34.6500,國碳科技股份有限公司,38.5000,-,0,TPEX,
4760.tw,21,21,9.otc.tw|554,272.5000,0,1,272.0000,271.0000,000000,20260907,otc_4760.tw_20260907,272.5000_273.0000_273.5000_274.0000_274.5000_,272.0000_271.5000_271.0000_270.5000_270.0000_,4760,13.otc.tw|1584,20260907,14:30:00,4760.tw,1788762600000,14:30:00,1_4_5_2_3_,11_5_4_2_28_,0,000000,118,280.5000,31,12,272.0000,264.5000,勤凱,268.0000,0,otc,21,13:30:00,290.0000,556,238.0000,勤凱科技股份有限公司,264.0000,272.5000,0,TPEX,
4767.tw,1,1,20.otc.tw|1397328,29.0500,0,0,29.1500,28.6000,000000,20260907,otc_4767.tw_20260907,29.3000_29.3500_29.9500_30.0000_30.1000_,29.0500_28.8500_28.8000_28.7500_28.5000_,4767,13.otc.tw|1752,20260907,14:30:00,4767.tw,1788762600000,14:30:00,1_2_3_5_1_,1_5_6_2_13_,0,000000,-,29.4500,21,12,0.0000,28.7500,誠泰科技,29.0000,0,otc,1,13:30:00,32.4500,10,26.5500,誠泰工業科技股份有限公司,29.5000,29.0500,0,TPEX,
4768.tw,17,17,20.otc.tw|1397329,303.0000,0,0,306.5000,305.0000,000000,20260907,otc_4768.tw_20260907,303.5000_304.0000_304.5000_305.0000_305.5000_,302.5000_302.0000_301.5000_301.0000_300.5000_,4768,13.otc.tw|1920,20260907,14:30:00,4768.tw,1788762600000,14:30:00,1_3_1_3_2_,5_15_3_11_5_,0,000000,-,309.0000,21,12,0.0000,300.5000,晶呈科技,306.0000,0,otc,17,13:30:00,336.5000,233,275.5000,晶呈科技股份有限公司,306.0000,303.0000,0,TPEX,
4772.tw,20,20,20.otc.tw|1397330,250.5000,0,0,253.0000,252.5000,000000,20260907,otc_4772.tw_20260907,250.5000_251.5000_252.0000_252.5000_253.0000_,250.0000_249.5000_249.0000_248.5000_248.0000_,4772,13.otc.tw|2088,20260907,14:30:00,4772.tw,1788762600000,14:30:00,1_3_8_5_10_,32_4_9_10_18_,0,000000,355,254.5000,21,12,253.0000,247.5000,台特化,254.0000,0,otc,20,13:30:00,272.5000,475,223.5000,台灣特品化學股份有限公司,248.0000,250.5000,0,TPEX,
4806.tw,-,-,20.otc.tw|1397332,-,0,0,8.9000,8.8700,000000,20260907,otc_4806.tw_20260907,8.8700_8.9800_8.9900_9.2000_9.7900_,8.6200_8.6100_8.6000_8.5200_8.5000_,4806,13.otc.tw|2256,20260907,14:30:00,4806.tw,1788762600000,14:30:00,3_5_5_1_2_,2_3_3_1_2_,0,000000,150,8.8700,32,12,8.9000,8.8000,桂田文創,8.8100,0,otc,-,13:30:00,9.8800,10,8.1000,桂田文創娛樂股份有限公司,8.9900,-,0,TPEX,
4903.tw,39,39,9.otc.tw|562,36.5000,0,1,0.0000,37.0000,000000,20260907,otc_4903.tw_20260907,36.5000_36.5500_36.6000_36.7500_36.8000_,36.4500_36.4000_36.3500_36.3000_36.2500_,4903,13.otc.tw|1500,20260907,14:30:00,4903.tw,1788762600000,14:30:00,1_5_4_1_4_,1_11_9_9_6_,0,000000,38,37.0500,27,12,37.0000,36.1000,聯光通,37.0500,0,otc,39,13:30:00,40.6000,696,33.3000,聯合光纖通信股份有限公司,36.9500,36.5000,0,TPEX,
4905.tw,1,1,20.otc.tw|1397334,84.8000,0,0,85.1000,83.9000,000000,20260907,otc_4905.tw_20260907,85.7000_85.8000_86.8000_87.3000_88.0000_,84.8000_84.0000_83.8000_83.4000_82.6000_,4905,13.otc.tw|1668,20260907,14:30:00,4905.tw,1788762600000,14:30:00,4_1_1_1_1_,1_1_1_1_10_,0,000000,52,88.2000,22,12,85.1000,83.0000,台聯電,87.4000,0,otc,1,13:30:00,94.4000,47,77.4000,台聯電訊股份有限公司,85.9000,84.8000,0,TPEX,
4907.tw,22,19,20.otc.tw|1397335,45.0000,0,0,45.1500,44.7000,000000,20260907,otc_4907.tw_20260907,45.0000_45.5500_45.6000_46.0000_46.3000_,44.9500_44.8500_44.7500_44.7000_44.6500_,4907,13.otc.tw|1836,20260907,14:30:00,4907.tw,1788762600000,14:30:00,5_1_2_69_1_,1_1_2_5_1_,0,000000,601,46.8000,14,12,44.7000,45.0000,富宇,46.8000,0,otc,22,13:30:00,51.9000,194,42.5000,富宇地產股份有限公司,47.2000,45.0000,0,TPEX,
4908.tw,78,78,20.otc.tw|1397336,223.0000,0,0,223.5000,223.0000,000000,20260907,otc_4908.tw_20260907,223.0000_223.5000_224.0000_224.5000_225.0000_,222.5000_222.0000_221.5000_221.0000_220.5000_,4908,13.otc.tw|2004,20260907,14:30:00,4908.tw,1788762600000,14:30:00,1_4_7_5_16_,13_13_8_10_7_,0,000000,767,231.5000,27,12,223.0000,220.5000,前鼎,230.5000,2,otc,78,13:30:00,246.5000,1347,202.5000,前鼎光電股份有限公司,224.5000,223.0000,0,TPEX,
4909.tw,23,20,9.otc.tw|566,36.6500,0,1,36.7500,36.7000,000000,20260907,otc_4909.tw_20260907,36.6500_36.8000_36.8500_36.9500_37.0000_,36.6000_36.5500_36.5000_36.4500_36.4000_,4909,13.otc.tw|2172,20260907,14:30:00,4909.tw,1788762600000,14:30:00,3_2_1_3_10_,3_14_29_3_22_,0,000000,360,37.3000,27,12,36.7500,36.5000,新復興,37.2000,0,otc,23,13:30:00,40.5500,221,33.2500,新復興微波通訊股份有限公司,36.9000,36.6000,0,TPEX,
4911.tw,1,1,20.otc.tw|1397338,29.3000,0,0,31.1000,29.5000,000000,20260907,otc_4911.tw_20260907,29.5000_29.5500_29.6500_30.3000_30.5000_,29.3000_29.1500_29.1000_29.0000_28.8000_,4911,13.otc.tw|2340,20260907,14:30:00,4911.tw,1788762600000,14:30:00,5_1_2_1_2_,1_1_2_5_2_,0,000000,32,29.4000,22,12,29.5000,29.1500,德英,29.3000,0,otc,1,13:30:00,32.8000,6,26.9000,德英生物科技股份有限公司,29.8500,29.3000,0,TPEX,
4923.tw,15,14,20.otc.tw|1397339,50.9000,0,0,51.1000,51.0000,000000,20260907,otc_4923.tw_20260907,51.1000_51.3000_51.4000_51.5000_51.6000_,50.9000_50.8000_50.7000_50.6000_50.5000_,4923,13.otc.tw|1417,20260907,14:30:00,4923.tw,1788762600000,14:30:00,1_4_1_1_1_,1_4_7_1_8_,0,000000,-,53.0000,24,12,0.0000,50.8000,力士,52.5000,0,otc,15,13:30:00,56.6000,294,46.3500,力士科技股份有限公司,51.5000,50.9000,0,TPEX,
4924.tw,-,-,20.otc.tw|1397137,-,0,0,0.0000,13.1000,000000,20260907,otc_4924.tw_20260907,-,13.1000_13.0500_13.0000_12.9500_12.9000_,4924,13.otc.tw|1585,20260907,14:30:00,4924.tw,1788762600000,14:30:00,-,217_8_3_14_3_,0,000000,368,13.1000,35,12,13.1000,12.5500,欣厚-KY,12.8000,0,otc,-,13:30:00,13.1000,238,10.8000,欣厚科技股份有限公司,11.9500,-,0,TPEX,RR
4931.tw,299,277,9.otc.tw|571,247.5000,0,13,260.0000,253.0000,000000,20260907,otc_4931.tw_20260907,247.5000_248.0000_248.5000_249.0000_249.5000_,247.0000_246.5000_246.0000_245.5000_245.0000_,4931,13.otc.tw|1753,20260907,14:30:00,4931.tw,1788762600000,14:30:00,4_4_13_23_17_,75_16_25_14_73_,0,000000,7632,254.5000,25,12,253.0000,247.0000,新盛力,254.5000,0,otc,299,13:30:00,276.0000,2727,226.0000,新盛力科技股份有限公司,251.0000,247.5000,0,TPEX,
4933.tw,2,1,20.otc.tw|1397140,53.7000,0,0,53.6000,53.1000,000000,20260907,otc_4933.tw_20260907,53.8000_53.9000_54.0000_54.1000_54.3000_,53.7000_53.5000_53.4000_53.3000_53.2000_,4933,13.otc.tw|1921,20260907,14:30:00,4933.tw,1788762600000,14:30:00,9_5_2_2_1_,1_6_5_5_2_,0,000000,15,54.0000,26,12,53.6000,53.5000,友輝,54.0000,0,otc,2,13:30:00,59.4000,49,48.6000,友輝光電股份有限公司,54.0000,53.7000,0,TPEX,
4939.tw,283,281,9.otc.tw|573,93.6000,0,27,95.0000,94.4000,000000,20260907,otc_4939.tw_20260907,93.6000_93.7000_93.8000_93.9000_94.0000_,93.5000_93.4000_93.3000_93.2000_93.1000_,4939,13.otc.tw|2089,20260907,14:30:00,4939.tw,1788762600000,14:30:00,21_7_80_9_66_,24_2_13_2_2_,0,000000,2983,94.5000,28,12,94.4000,88.5000,亞電,88.5000,2,otc,283,13:30:00,96.6000,7740,79.2000,亞洲電材股份有限公司,87.9000,93.6000,0,TPEX,
4946.tw,2,2,20.otc.tw|1397142,91.5000,0,0,91.5000,91.1000,000000,20260907,otc_4946.tw_20260907,91.6000_91.8000_96.0000_97.0000_97.5000_,91.5000_90.9000_89.1000_89.0000_88.8000_,4946,13.otc.tw|2257,20260907,14:30:00,4946.tw,1788762600000,14:30:00,1_1_4_3_3_,3_19_1_1_1_,0,000000,-,91.5000,32,12,0.0000,87.0000,辣椒,87.1000,0,otc,2,13:30:00,97.9000,23,80.1000,紅心辣椒娛樂科技股份有限公司,89.0000,91.5000,0,TPEX,
4950.tw,-,-,20.otc.tw|1397143,-,0,,16.0500,15.9000,000000,20260907,otc_4950.tw_20260907,16.2000_16.2500_16.3000_16.4000_16.4500_,16.0000_15.9500_15.9000_15.8500_15.8000_,4950,13.otc.tw|1501,20260907,14:30:00,4950.tw,1788762600000,14:30:00,1_1_1_1_1_,4_1_1_1_10_,0,000000,-,-,10,12,0.0000,-,金耘國際,-,0,otc,-,13:30:00,17.6000,0,14.4000,金耘國際股份有限公司,16.0000,-,0,TPEX,
4951.tw,3,3,20.otc.tw|1397144,79.3000,0,0,81.9000,79.9000,000000,20260907,otc_4951.tw_20260907,79.3000_79.5000_79.7000_79.9000_80.0000_,79.2000_79.1000_79.0000_78.9000_78.8000_,4951,13.otc.tw|1669,20260907,14:30:00,4951.tw,1788762600000,14:30:00,2_11_5_1_4_,4_9_9_6_5_,0,000000,-,80.1000,24,12,0.0000,79.1000,精拓科,80.1000,0,otc,3,13:30:00,88.0000,103,72.0000,精拓科技股份有限公司,80.0000,79.3000,0,TPEX,
4953.tw,8,7,20.otc.tw|1397145,120.0000,0,0,121.5000,121.0000,000000,20260907,otc_4953.tw_20260907,120.0000_120.5000_121.0000_121.5000_122.0000_,119.5000_119.0000_118.5000_118.0000_117.5000_,4953,13.otc.tw|1837,20260907,14:30:00,4953.tw,1788762600000,14:30:00,1_5_8_5_7_,9_34_16_29_23_,0,000000,35,121.0000,30,12,121.5000,119.0000,緯致,120.5000,0,otc,8,13:30:00,132.0000,196,108.0000,緯致科技股份有限公司,120.0000,120.0000,0,TPEX,
4966.tw,23,22,20.otc.tw|1397146,566.0000,0,0,569.0000,568.0000,000000,20260907,otc_4966.tw_20260907,567.0000_568.0000_570.0000_571.0000_572.0000_,566.0000_565.0000_564.0000_563.0000_562.0000_,4966,13.otc.tw|2005,20260907,14:30:00,4966.tw,1788762600000,14:30:00,11_1_1_4_13_,7_9_5_8_11_,0,000000,217,573.0000,24,12,569.0000,565.0000,譜瑞-KY,572.0000,0,otc,23,13:30:00,625.0000,230,513.0000,譜瑞科技股份有限公司,569.0000,566.0000,0,TPEX,RR
4971.tw,119,119,9.otc.tw|579,610.0000,0,2,615.0000,614.0000,000000,20260907,otc_4971.tw_20260907,611.0000_612.0000_613.0000_614.0000_615.0000_,610.0000_609.0000_608.0000_607.0000_606.0000_,4971,13.otc.tw|2173,20260907,14:30:00,4971.tw,1788762600000,14:30:00,3_4_2_2_3_,4_29_5_11_7_,0,000000,1199,635.0000,24,12,614.0000,606.0000,IET-KY,633.0000,1,otc,119,13:30:00,686.0000,2012,562.0000,英屬開曼群島商英特磊科技股份公司,624.0000,610.0000,0,TPEX,RR
4972.tw,3,3,20.otc.tw|1397149,16.5000,0,0,16.5000,16.4500,000000,20260907,otc_4972.tw_20260907,16.5000_16.6000_16.6500_16.7000_16.7500_,16.4500_16.4000_16.3000_16.2500_16.2000_,4972,13.otc.tw|2341,20260907,14:30:00,4972.tw,1788762600000,14:30:00,1_1_1_1_2_,2_6_2_5_4_,0,000000,100,16.6500,26,12,16.4500,16.4000,湯石照明,16.6000,0,otc,3,13:30:00,18.2500,37,14.9500,湯石照明科技股份有限公司,16.6000,16.5000,0,TPEX,
4973.tw,65,65,20.otc.tw|1397150,150.5000,0,0,151.5000,151.0000,000000,20260907,otc_4973.tw_20260907,151.0000_151.5000_152.0000_152.5000_153.0000_,150.5000_150.0000_149.5000_149.0000_148.5000_,4973,13.otc.tw|1418,20260907,14:30:00,4973.tw,1788762600000,14:30:00,35_28_45_22_48_,5_15_29_27_22_,0,000000,38,152.0000,24,12,151.0000,149.5000,廣穎,151.0000,0,otc,65,13:30:00,164.0000,633,135.0000,廣穎電通股份有限公司,149.5000,150.5000,0,TPEX,
4974.tw,7,6,20.otc.tw|1397152,71.8000,0,0,73.0000,71.8000,000000,20260907,otc_4974.tw_20260907,71.9000_72.0000_72.1000_72.4000_72.5000_,71.8000_71.7000_71.6000_71.5000_71.4000_,4974,13.otc.tw|1586,20260907,14:30:00,4974.tw,1788762600000,14:30:00,2_7_6_1_8_,3_6_1_2_7_,0,000000,155,72.9000,28,12,71.8000,71.8000,亞泰,72.5000,0,otc,7,13:30:00,79.0000,180,64.8000,亞泰影像科技股份有限公司,71.9000,71.8000,0,TPEX,
4979.tw,756,756,9.otc.tw|584,590.0000,0,22,597.0000,594.0000,000000,20260907,otc_4979.tw_20260907,591.0000_592.0000_593.0000_594.0000_595.0000_,590.0000_589.0000_588.0000_587.0000_586.0000_,4979,13.otc.tw|1754,20260907,14:30:00,4979.tw,1788762600000,14:30:00,16_16_11_16_18_,87_35_39_10_13_,0,000000,5567,635.0000,27,12,594.0000,590.0000,華星光,630.0000,1,otc,756,13:30:00,691.0000,15293,567.0000,華星光通科技股份有限公司,629.0000,590.0000,0,TPEX,
4991.tw,29,28,9.otc.tw|586,494.0000,0,1,493.0000,492.0000,000000,20260907,otc_4991.tw_20260907,494.0000_495.0000_496.0000_496.5000_497.0000_,490.5000_490.0000_489.5000_489.0000_488.5000_,4991,13.otc.tw|1922,20260907,14:30:00,4991.tw,1788762600000,14:30:00,1_6_3_3_2_,2_3_1_6_3_,0,000000,2121,520.0000,24,12,492.0000,489.0000,環宇-KY,520.0000,4,otc,29,13:30:00,546.0000,543,447.5000,環宇通訊半導體控股股份有限公司,497.0000,494.0000,0,TPEX,RR
4995.tw,-,-,20.otc.tw|1397157,-,0,0,49.9500,49.3000,000000,20260907,otc_4995.tw_20260907,49.7000_49.7500_49.8500_50.3000_51.0000_,49.5000_49.4500_49.4000_49.3500_49.3000_,4995,13.otc.tw|2090,20260907,14:30:00,4995.tw,1788762600000,14:30:00,1_1_1_1_3_,5_1_3_1_2_,0,000000,2,52.2000,26,12,49.3000,49.4500,晶達,52.2000,0,otc,-,13:30:00,55.1000,39,45.1000,晶達光電股份有限公司,50.1000,-,0,TPEX,
5009.tw,69,68,20.otc.tw|1397158,32.7500,0,0,32.8000,32.7500,000000,20260907,otc_5009.tw_20260907,32.8000_32.8500_32.9000_32.9500_33.0000_,32.7500_32.7000_32.6500_32.6000_32.5500_,5009,13.otc.tw|2258,20260907,14:30:00,5009.tw,1788762600000,14:30:00,29_7_27_1_10_,31_72_62_57_58_,0,000000,821,33.4000,10,12,32.7500,32.6500,榮剛,33.4000,0,otc,69,13:30:00,36.5000,1352,29.9000,榮剛材料科技股份有限公司,33.2000,32.7500,0,TPEX,
5011.tw,10,10,20.otc.tw|1397159,18.2500,0,0,18.3500,18.1000,000000,20260907,otc_5011.tw_20260907,18.2500_18.3500_18.4000_18.4500_18.5000_,18.2000_18.0500_18.0000_17.9500_17.9000_,5011,13.otc.tw|1502,20260907,14:30:00,5011.tw,1788762600000,14:30:00,8_11_21_1_8_,1_16_79_28_22_,0,000000,2,18.2500,10,12,18.1000,18.0000,久陽,18.2500,0,otc,10,13:30:00,20.0500,111,16.4500,久陽精密股份有限公司,18.2500,18.2500,0,TPEX,
5013.tw,3,3,20.otc.tw|1397160,28.3000,0,0,28.4000,27.9000,000000,20260907,otc_5013.tw_20260907,28.3000_29.1000_29.3000_29.5000_29.6000_,28.2500_28.2000_28.1500_28.1000_28.0000_,5013,13.otc.tw|1670,20260907,14:30:00,5013.tw,1788762600000,14:30:00,1_8_2_5_2_,1_1_2_3_1_,0,000000,1,29.6000,10,12,27.9000,28.3000,強新,29.6000,0,otc,3,13:30:00,31.9000,16,26.1000,強新工業股份有限公司,29.0000,28.3000,0,TPEX,
5014.tw,11,11,20.otc.tw|1397161,10.0000,0,0,10.0000,9.9400,000000,20260907,otc_5014.tw_20260907,10.0500_10.1000_10.1500_10.2000_10.2500_,10.0000_9.9900_9.9800_9.9500_9.9400_,5014,13.otc.tw|1838,20260907,14:30:00,5014.tw,1788762600000,14:30:00,187_28_4_37_105_,92_12_5_36_1_,0,000000,513,10.0500,10,12,10.0000,10.0000,建錩,10.0500,0,otc,11,13:30:00,11.0500,50,9.0500,建錩實業股份有限公司,10.0500,10.0000,0,TPEX,
5015.tw,1,1,20.otc.tw|1396967,22.0000,0,0,22.1000,22.0000,000000,20260907,otc_5015.tw_20260907,22.0500_22.1000_22.2000_22.2500_22.4000_,21.9000_21.8000_21.7000_21.6500_21.5500_,5015,13.otc.tw|2006,20260907,14:30:00,5015.tw,1788762600000,14:30:00,1_11_3_7_1_,4_2_1_4_3_,0,000000,-,22.1000,10,12,0.0000,21.9000,華祺,21.9000,0,otc,1,13:30:00,24.2500,43,19.8500,華祺工業股份有限公司,22.0500,22.0000,0,TPEX,
5016.tw,1,1,20.otc.tw|1396968,24.6000,0,0,24.7000,23.4000,000000,20260907,otc_5016.tw_20260907,24.7000_24.7500_24.8000_24.9500_25.0000_,24.5000_24.4500_24.4000_24.3000_24.2500_,5016,13.otc.tw|2174,20260907,14:30:00,5016.tw,1788762600000,14:30:00,2_1_1_2_3_,2_3_5_3_2_,0,000000,-,24.6000,10,12,0.0000,24.1500,松和,24.1500,0,otc,1,13:30:00,27.2500,3,22.3500,松和工業股份有限公司,24.8000,24.6000,0,TPEX,
5201.tw,4,4,20.otc.tw|1396969,27.4000,0,0,27.5000,27.3000,000000,20260907,otc_5201.tw_20260907,27.4500_27.5000_27.5500_27.6000_27.7500_,27.3000_27.1500_27.0000_26.9000_26.7000_,5201,13.otc.tw|2342,20260907,14:30:00,5201.tw,1788762600000,14:30:00,1_1_4_3_2_,1_1_3_11_2_,0,000000,2,27.5500,30,12,27.3000,26.8500,凱衛,27.1500,0,otc,4,13:30:00,29.5000,150,24.2000,凱衛資訊股份有限公司,26.8500,27.4000,0,TPEX,
5202.tw,-,-,20.otc.tw|1396971,-,0,0,11.8000,11.7500,000000,20260907,otc_5202.tw_20260907,11.8500_11.9000_11.9500_12.0000_12.0500_,11.8000_11.7500_11.7000_11.6500_11.6000_,5202,13.otc.tw|1419,20260907,14:30:00,5202.tw,1788762600000,14:30:00,1_5_3_10_6_,1_6_13_12_18_,0,000000,1,12.0000,30,12,11.7500,11.7500,力新,12.0000,0,otc,-,13:30:00,12.9500,67,10.6500,力新國際科技股份有限公司,11.8000,-,0,TPEX,
5205.tw,-,-,20.otc.tw|1396972,-,0,0,20.2500,19.9500,000000,20260907,otc_5205.tw_20260907,20.0500_20.2000_20.4500_20.8000_20.9500_,18.6500_18.6000_18.5500_18.4500_18.4000_,5205,13.otc.tw|1587,20260907,14:30:00,5205.tw,1788762600000,14:30:00,3_4_1_1_2_,1_2_1_2_4_,0,000000,319,20.1500,35,12,19.9500,18.4500,中茂,18.4500,0,otc,-,13:30:00,22.0000,5,18.0000,中茂能資系統整合科技股份有限公司,20.0000,-,0,TPEX,
5206.tw,26,26,9.otc.tw|597,23.0500,0,6,23.1500,23.0000,000000,20260907,otc_5206.tw_20260907,23.0500_23.2500_23.3000_23.3500_23.4000_,23.0000_22.9500_22.9000_22.8000_22.6000_,5206,13.otc.tw|1755,20260907,14:30:00,5206.tw,1788762600000,14:30:00,2_2_3_4_4_,26_13_2_2_1_,0,000000,277,23.8000,14,12,23.1500,23.0500,坤悅,23.7500,0,otc,26,13:30:00,25.9500,274,21.2500,坤悅開發股份有限公司,23.6000,23.0500,0,TPEX,
5209.tw,1,1,20.otc.tw|1396974,154.0000,0,0,153.5000,153.0000,000000,20260907,otc_5209.tw_20260907,154.0000_154.5000_155.0000_156.0000_156.5000_,153.5000_153.0000_152.5000_152.0000_151.5000_,5209,13.otc.tw|1923,20260907,14:30:00,5209.tw,1788762600000,14:30:00,2_1_1_2_1_,1_26_46_20_3_,0,000000,131,154.5000,20,12,153.5000,152.0000,新鼎,154.5000,0,otc,1,13:30:00,169.5000,58,139.5000,新鼎系統股份有限公司,154.5000,154.0000,0,TPEX,
5210.tw,7,6,20.otc.tw|1396976,28.0500,0,0,0.0000,28.2500,000000,20260907,otc_5210.tw_20260907,28.2000_28.4000_28.5500_28.8000_28.8500_,28.0500_28.0000_27.9500_27.9000_27.8500_,5210,13.otc.tw|2091,20260907,14:30:00,5210.tw,1788762600000,14:30:00,2_2_1_5_1_,4_6_9_1_6_,0,000000,45,29.4000,30,12,28.2500,28.0500,寶碩,29.4000,0,otc,7,13:30:00,31.8000,230,26.1000,寶碩財務科技股份有限公司,28.9500,28.0500,0,TPEX,
5211.tw,-,-,20.otc.tw|1396977,-,0,0,0.0000,19.4000,000000,20260907,otc_5211.tw_20260907,19.3000_19.3500_19.4000_19.4500_19.5000_,19.2500_19.1500_19.0500_19.0000_18.8000_,5211,13.otc.tw|2259,20260907,14:30:00,5211.tw,1788762600000,14:30:00,6_2_1_1_2_,1_2_1_3_2_,0,000000,34,19.5000,30,12,19.4000,19.1500,蒙恬,19.5000,0,otc,-,13:30:00,21.2000,11,17.4000,蒙恬科技股份有限公司,19.3000,-,0,TPEX,
5212.tw,2,2,20.otc.tw|1396978,47.0000,0,0,47.0000,46.4000,000000,20260907,otc_5212.tw_20260907,47.2000_47.3000_47.5000_47.6000_47.7000_,46.2000_46.1500_46.1000_46.0000_45.2000_,5212,13.otc.tw|1503,20260907,14:30:00,5212.tw,1788762600000,14:30:00,1_1_3_1_1_,2_6_11_3_1_,0,000000,2,47.0000,30,12,46.4000,46.2000,凌網,46.4000,0,otc,2,13:30:00,51.0000,14,41.8000,凌網科技股份有限公司,46.4000,47.0000,0,TPEX,
5213.tw,11,11,20.otc.tw|1396980,20.8500,0,0,21.0000,20.9000,000000,20260907,otc_5213.tw_20260907,20.9000_20.9500_21.0000_21.0500_21.1000_,20.8500_20.8000_20.7500_20.7000_20.6500_,5213,13.otc.tw|1671,20260907,14:30:00,5213.tw,1788762600000,14:30:00,1_14_64_9_16_,12_27_66_65_2_,0,000000,-,21.0000,14,12,0.0000,20.8500,亞昕,21.0000,0,otc,11,13:30:00,22.9500,122,18.8500,亞昕國際開發股份有限公司,20.9000,20.8500,0,TPEX,
5220.tw,-,-,20.otc.tw|1396981,-,0,0,19.7500,19.6500,000000,20260907,otc_5220.tw_20260907,19.7000_19.7500_19.8000_19.8500_19.9500_,19.6500_19.6000_19.5000_19.4500_19.4000_,5220,13.otc.tw|1839,20260907,14:30:00,5220.tw,1788762600000,14:30:00,2_2_1_8_1_,1_2_7_1_2_,0,000000,-,20.0500,26,12,0.0000,19.6000,萬達光電,20.0000,0,otc,-,13:30:00,21.5500,21,17.6500,萬達光電科技股份有限公司,19.6000,-,0,TPEX,
5223.tw,-,-,20.otc.tw|1396982,-,0,0,23.5500,23.2000,000000,20260907,otc_5223.tw_20260907,23.3000_23.4500_23.5000_24.5000_24.6000_,23.2000_23.1000_23.0500_23.0000_22.9500_,5223,13.otc.tw|2007,20260907,14:30:00,5223.tw,1788762600000,14:30:00,1_1_5_5_2_,2_3_1_6_1_,0,000000,1,23.4500,25,12,23.5500,23.0000,安力-KY,23.0000,0,otc,-,13:30:00,25.7500,23,21.1500,安力國際股份有限公司,23.4500,-,0,TPEX,RR
5227.tw,5,5,20.otc.tw|1396983,30.3000,0,0,30.0500,30.0000,000000,20260907,otc_5227.tw_20260907,30.4500_30.5000_30.5500_30.7500_30.8000_,30.0500_29.8500_29.8000_29.7500_29.7000_,5227,13.otc.tw|2175,20260907,14:30:00,5227.tw,1788762600000,14:30:00,3_6_1_1_1_,1_5_7_2_3_,0,000000,735,30.3000,28,12,30.0000,29.0000,立凱-KY,29.9500,0,otc,5,13:30:00,32.9000,213,27.0000,英屬蓋曼群島商立凱電能科技股份有限公司,29.9500,30.3000,0,TPEX,RR
5228.tw,25,25,9.otc.tw|607,43.2500,0,1,0.0000,43.5500,000000,20260907,otc_5228.tw_20260907,43.5000_43.6000_43.6500_43.7000_44.0000_,43.3000_43.2500_43.2000_43.1500_43.1000_,5228,13.otc.tw|2343,20260907,14:30:00,5228.tw,1788762600000,14:30:00,4_10_15_2_3_,1_7_1_1_2_,0,000000,-,45.0000,28,12,0.0000,42.0500,鈺鎧,42.3000,0,otc,25,13:30:00,45.8500,780,37.5500,鈺鎧科技股份有限公司,41.7000,43.3500,0,TPEX,
5230.tw,3,3,20.otc.tw|1396985,17.8500,0,0,17.8500,17.8000,000000,20260907,otc_5230.tw_20260907,17.8500_17.9500_18.0500_18.1000_18.1500_,17.7000_17.6500_17.5500_17.5000_17.4500_,5230,13.otc.tw|1420,20260907,14:30:00,5230.tw,1788762600000,14:30:00,1_2_1_4_6_,8_3_11_12_3_,0,000000,12,18.3500,26,12,17.8000,17.5000,雷笛克光學,17.8000,0,otc,3,13:30:00,19.4500,105,15.9500,雷笛克光學股份有限公司,17.7000,17.8000,0,TPEX,
5245.tw,2,2,20.otc.tw|1396987,22.8000,0,0,22.9000,22.8000,000000,20260907,otc_5245.tw_20260907,22.8500_22.9000_22.9500_23.1000_23.2000_,22.8000_22.6000_22.5500_22.5000_22.4000_,5245,13.otc.tw|1588,20260907,14:30:00,5245.tw,1788762600000,14:30:00,1_1_2_3_18_,1_3_5_3_4_,0,000000,-,23.2000,26,12,0.0000,22.5500,智晶,23.0000,0,otc,2,13:30:00,25.1000,32,20.6000,智晶光電股份有限公司,22.8500,22.8000,0,TPEX,
5251.tw,1,-,20.otc.tw|1396989,-,0,0,26.3000,26.0000,000000,20260907,otc_5251.tw_20260907,26.1000_26.2000_26.7500_27.0000_27.5000_,25.7000_25.6500_25.6000_25.5500_25.5000_,5251,13.otc.tw|1756,20260907,14:30:00,5251.tw,1788762600000,14:30:00,1_2_2_2_3_,2_2_1_2_2_,0,000000,1,26.1000,26,12,26.0000,25.5000,天鉞電,26.0000,0,otc,1,13:30:00,28.6500,26,23.4500,天鉞電子股份有限公司,26.0500,26.1000,0,TPEX,
5263.tw,16,14,20.otc.tw|1396990,103.0000,0,0,102.5000,102.0000,000000,20260907,otc_5263.tw_20260907,103.0000_103.5000_104.0000_104.5000_105.0000_,102.5000_102.0000_101.5000_101.0000_100.5000_,5263,13.otc.tw|1924,20260907,14:30:00,5263.tw,1788762600000,14:30:00,2_8_17_11_24_,10_13_13_14_3_,0,000000,141,105.0000,32,12,102.0000,102.0000,智崴,103.5000,0,otc,16,13:30:00,113.0000,195,92.7000,智崴資訊科技股份有限公司,103.0000,103.0000,0,TPEX,
5272.tw,2,2,20.otc.tw|1396797,16.7500,0,0,17.4500,16.7500,000000,20260907,otc_5272.tw_20260907,16.9000_16.9500_17.0000_17.1000_17.2000_,16.7500_16.7000_16.6500_16.6000_16.5500_,5272,13.otc.tw|2092,20260907,14:30:00,5272.tw,1788762600000,14:30:00,1_1_21_2_2_,2_15_9_7_1_,0,000000,101,16.9500,24,12,16.7500,16.7000,笙科,16.8500,0,otc,2,13:30:00,18.5500,58,15.2500,笙科電子股份有限公司,16.9000,16.7500,0,TPEX,
5274.tw,2,1,20.otc.tw|1396798,19215.0000,0,0,19210.0000,19190.0000,000000,20260907,otc_5274.tw_20260907,-,19215.0000_19210.0000_19000.0000_18930.0000_18700.0000_,5274,13.otc.tw|2260,20260907,14:30:00,5274.tw,1788762600000,14:30:00,-,14_8_25_1_1_,0,000000,700,19215.0000,24,12,19210.0000,18700.0000,信驊,19215.0000,0,otc,2,13:30:00,19215.0000,461,15725.0000,信驊科技股份有限公司,17470.0000,19215.0000,0,TPEX,
5276.tw,-,-,20.otc.tw|1396799,-,0,0,17.6500,17.4500,000000,20260907,otc_5276.tw_20260907,18.6000_18.6500_18.7000_18.7500_18.9000_,17.6000_17.5500_17.4500_17.3000_17.0000_,5276,13.otc.tw|1504,20260907,14:30:00,5276.tw,1788762600000,14:30:00,2_1_2_1_1_,2_2_1_2_2_,0,000000,50,18.5000,20,12,17.6500,17.5500,達輝-KY,18.5000,0,otc,-,13:30:00,20.1000,2,16.5000,達輝股份有限公司,18.3000,-,0,TPEX,RR
5278.tw,3,3,20.otc.tw|1396800,24.1500,0,0,24.2000,24.1000,000000,20260907,otc_5278.tw_20260907,24.2000_24.2500_24.3000_24.3500_24.4000_,24.1500_24.1000_24.0500_24.0000_23.9500_,5278,13.otc.tw|1672,20260907,14:30:00,5278.tw,1788762600000,14:30:00,4_13_4_10_1_,1_5_10_9_1_,0,000000,66,24.2500,36,12,24.2000,24.1500,尚凡*,24.1500,0,otc,3,13:30:00,26.6000,69,21.8000,尚凡國際創新科技股份有限公司,24.2000,24.1500,0,TPEX,
5287.tw,3,3,20.otc.tw|1396803,136.0000,0,0,138.0000,136.5000,000000,20260907,otc_5287.tw_20260907,136.5000_137.0000_137.5000_138.0000_138.5000_,135.5000_135.0000_134.5000_134.0000_133.5000_,5287,13.otc.tw|1840,20260907,14:30:00,5287.tw,1788762600000,14:30:00,2_4_3_4_2_,11_30_5_14_11_,0,000000,-,136.5000,36,12,0.0000,135.5000,數字,136.5000,0,otc,3,13:30:00,149.0000,62,122.0000,數字科技股份有限公司,135.5000,136.0000,0,TPEX,
5289.tw,103,97,9.otc.tw|620,1405.0000,0,8,1425.0000,1420.0000,000000,20260907,otc_5289.tw_20260907,1410.0000_1415.0000_1420.0000_1425.0000_1430.0000_,1405.0000_1400.0000_1395.0000_1390.0000_1385.0000_,5289,13.otc.tw|2008,20260907,14:30:00,5289.tw,1788762600000,14:30:00,23_25_32_22_35_,4_18_17_18_28_,0,000000,1033,1440.0000,25,12,1420.0000,1390.0000,宜鼎,1415.0000,0,otc,103,13:30:00,1495.0000,1496,1225.0000,宜鼎國際股份有限公司,1360.0000,1405.0000,0,TPEX,
5291.tw,24,24,9.otc.tw|622,68.0000,0,5,68.5000,68.1000,000000,20260907,otc_5291.tw_20260907,68.3000_68.6000_68.7000_68.8000_68.9000_,68.1000_68.0000_67.9000_67.8000_67.7000_,5291,13.otc.tw|2176,20260907,14:30:00,5291.tw,1788762600000,14:30:00,9_3_2_6_9_,7_5_5_1_4_,0,000000,560,69.5000,28,12,68.1000,65.4000,邑昇,67.0000,0,otc,24,13:30:00,73.7000,857,60.3000,邑昇實業股份有限公司,67.0000,68.1000,0,TPEX,
5299.tw,9,9,20.otc.tw|1396808,96.8000,0,0,97.1000,97.0000,000000,20260907,otc_5299.tw_20260907,96.9000_97.1000_97.3000_97.6000_97.7000_,96.8000_96.7000_96.6000_96.2000_96.1000_,5299,13.otc.tw|2344,20260907,14:30:00,5299.tw,1788762600000,14:30:00,1_1_7_1_1_,8_1_2_1_3_,0,000000,3,99.0000,24,12,97.0000,96.6000,杰力,97.8000,0,otc,9,13:30:00,107.0000,142,87.6000,杰力科技股份有限公司,97.3000,96.8000,0,TPEX,
5301.tw,12,11,20.otc.tw|1396809,5.1500,0,0,5.1700,5.0000,000000,20260907,otc_5301.tw_20260907,5.1500_5.1600_5.5000_5.5200_5.5700_,5.1000_5.0200_5.0100_5.0000_4.9300_,5301,13.otc.tw|1421,20260907,14:30:00,5301.tw,1788762600000,14:30:00,3_4_1_3_2_,10_2_1_1_1_,0,000000,-,5.6000,16,12,0.0000,5.1500,寶得利,5.2200,0,otc,12,13:30:00,5.7400,59,4.7000,寶得利國際股份有限公司,5.2200,5.1500,0,TPEX,
5302.tw,2,2,9.otc.tw|626,10.2500,0,1,10.3000,10.2000,000000,20260907,otc_5302.tw_20260907,10.3500_10.4000_10.4500_10.5000_10.5500_,10.2500_10.2000_10.1500_10.1000_10.0500_,5302,13.otc.tw|1589,20260907,14:30:00,5302.tw,1788762600000,14:30:00,1_1_6_22_33_,11_89_64_40_29_,0,000000,-,10.5000,24,12,0.0000,10.2000,太欣,10.5000,0,otc,2,13:30:00,11.3000,231,9.2700,太欣半導體,10.3000,10.2500,0,TPEX,
5309.tw,35,35,9.otc.tw|627,51.4000,0,3,53.1000,51.7000,000000,20260907,otc_5309.tw_20260907,51.5000_51.6000_51.7000_51.8000_51.9000_,51.4000_51.3000_51.2000_51.1000_51.0000_,5309,13.otc.tw|1757,20260907,14:30:00,5309.tw,1788762600000,14:30:00,6_5_9_9_3_,3_12_32_28_100_,0,000000,810,52.8000,28,12,51.7000,51.3000,系統電,52.8000,0,otc,35,13:30:00,57.2000,843,46.8000,系統電子工業股份有限公司,52.0000,51.4000,0,TPEX,
5310.tw,-,-,20.otc.tw|1396815,-,0,0,23.6500,23.2500,000000,20260907,otc_5310.tw_20260907,23.7500_24.0000_24.9500_25.0000_25.2000_,23.5500_23.5000_23.4000_23.3000_23.2500_,5310,13.otc.tw|1925,20260907,14:30:00,5310.tw,1788762600000,14:30:00,1_1_1_5_18_,1_1_1_1_1_,0,000000,-,23.9500,30,12,0.0000,23.5000,天剛,23.6000,0,otc,-,13:30:00,26.5000,6,21.7000,天剛資訊股份有限公司,24.1000,-,0,TPEX,
5312.tw,1,1,20.otc.tw|1396816,91.9000,0,0,92.1000,91.9000,000000,20260907,otc_5312.tw_20260907,91.9000_92.0000_92.3000_92.8000_92.9000_,91.3000_90.8000_90.6000_90.5000_90.2000_,5312,13.otc.tw|2093,20260907,14:30:00,5312.tw,1788762600000,14:30:00,7_9_1_2_2_,1_1_2_7_3_,0,000000,-,92.0000,22,12,0.0000,90.1000,寶島科,90.1000,0,otc,1,13:30:00,100.5000,13,82.5000,寶島光學科技股份有限公司,91.6000,91.9000,0,TPEX,
5314.tw,10,10,9.otc.tw|631,35.2000,0,1,0.0000,35.2000,000000,20260907,otc_5314.tw_20260907,-,35.2000_35.1000_35.0000_34.6000_34.5000_,5314,13.otc.tw|2261,20260907,14:30:00,5314.tw,1788762600000,14:30:00,-,2489_1_14_2_4_,0,000000,1147,35.2000,20,12,35.2000,32.5000,世紀*,32.5500,4,otc,10,13:30:00,35.2000,6644,28.8000,世紀民生科技股份有限公司,32.0000,35.2000,0,TPEX,
5315.tw,6,6,20.otc.tw|1396818,18.6500,0,0,18.7000,18.6500,000000,20260907,otc_5315.tw_20260907,18.7000_18.7500_18.8000_18.8500_18.9000_,18.6500_18.6000_18.5500_18.5000_18.4500_,5315,13.otc.tw|1505,20260907,14:30:00,5315.tw,1788762600000,14:30:00,1_12_9_10_12_,7_19_17_27_7_,0,000000,492,18.7500,26,12,18.6500,18.6000,光聯,18.7500,0,otc,6,13:30:00,20.6000,124,16.9000,光聯科技股份有限公司,18.7500,18.6500,0,TPEX,
5321.tw,41,41,9.otc.tw|633,77.5000,0,2,76.5000,0.0000,000000,20260907,otc_5321.tw_20260907,78.0000_78.7000_78.9000_79.0000_79.1000_,77.5000_77.4000_77.2000_77.0000_76.9000_,5321,13.otc.tw|1673,20260907,14:30:00,5321.tw,1788762600000,14:30:00,1_1_1_2_2_,9_3_8_11_1_,0,000000,811,83.4000,36,12,76.5000,77.5000,美而快,81.2000,0,otc,41,13:30:00,87.3000,571,71.5000,美而快國際股份有限公司,79.4000,77.5000,0,TPEX,
5324.tw,30,30,20.otc.tw|1396821,12.3000,0,0,12.3000,12.2000,000000,20260907,otc_5324.tw_20260907,12.3000_12.3500_12.4000_12.5000_12.5500_,12.2000_12.1500_12.1000_12.0500_12.0000_,5324,13.otc.tw|1841,20260907,14:30:00,5324.tw,1788762600000,14:30:00,41_76_16_12_19_,19_8_71_7_11_,0,000000,7,12.3000,14,12,12.2000,12.2000,士開,12.3000,0,otc,30,13:30:00,13.4500,188,11.0500,士林開發股份有限公司(原德豐),12.2500,12.3000,0,TPEX,
5328.tw,309,309,9.otc.tw|635,60.6000,0,7,61.0000,60.9000,000000,20260907,otc_5328.tw_20260907,60.8000_60.9000_61.0000_61.1000_61.2000_,60.7000_60.6000_60.5000_60.4000_60.3000_,5328,13.otc.tw|2009,20260907,14:30:00,5328.tw,1788762600000,14:30:00,5_1_9_5_4_,14_53_55_19_46_,0,000000,861,63.2000,28,12,60.9000,60.7000,華容,62.8000,0,otc,309,13:30:00,67.1000,3339,54.9000,華容股份有限公司,61.0000,60.7000,0,TPEX,
5340.tw,86,82,9.otc.tw|636,81.1000,0,4,81.9000,81.8000,000000,20260907,otc_5340.tw_20260907,81.3000_81.4000_81.5000_81.6000_81.8000_,81.2000_81.1000_81.0000_80.9000_80.8000_,5340,13.otc.tw|2177,20260907,14:30:00,5340.tw,1788762600000,14:30:00,5_3_14_3_2_,23_36_19_15_21_,0,000000,80,82.7000,28,12,81.8000,79.8000,建榮,79.8000,0,otc,86,13:30:00,87.1000,1574,71.3000,建榮工業材料股份有限公司,79.2000,81.2000,0,TPEX,
5344.tw,1,1,20.otc.tw|1397959,13.5500,0,0,13.5500,13.1000,000000,20260907,otc_5344.tw_20260907,13.7000_13.7500_13.8500_13.9000_13.9500_,13.5500_13.5000_13.4500_13.4000_13.3500_,5344,13.otc.tw|2345,20260907,14:30:00,5344.tw,1788762600000,14:30:00,1_1_1_1_3_,4_11_7_8_8_,0,000000,-,13.7000,24,12,0.0000,13.5500,立衛,13.7000,0,otc,1,13:30:00,15.1000,14,12.4000,立衛科技股份有限公司,13.7500,13.5500,0,TPEX,
5345.tw,-,-,20.otc.tw|1397960,-,0,0,21.8000,21.4500,000000,20260907,otc_5345.tw_20260907,21.8500_21.9000_22.0000_23.7500_23.8000_,21.4000_21.3500_21.2000_20.7500_20.5000_,5345,13.otc.tw|1422,20260907,14:30:00,5345.tw,1788762600000,14:30:00,1_12_2_1_4_,16_2_6_1_4_,0,000000,-,21.8000,20,12,0.0000,21.4000,馥鴻,21.5000,0,otc,-,13:30:00,24.0500,11,19.7500,馥鴻建設股份有限公司,21.9000,-,0,TPEX,
5347.tw,712,702,9.otc.tw|639,156.0000,0,16,156.5000,156.0000,000000,20260907,otc_5347.tw_20260907,156.0000_156.5000_157.0000_157.5000_158.0000_,155.5000_155.0000_154.5000_154.0000_153.5000_,5347,13.otc.tw|1590,20260907,14:30:00,5347.tw,1788762600000,14:30:00,349_287_588_393_469_,131_475_238_199_143_,0,000000,6917,156.5000,24,12,156.0000,151.0000,世界,152.5000,0,otc,712,13:30:00,165.0000,13776,135.0000,世界先進積體電路股份有限公司,150.0000,156.0000,0,TPEX,
5348.tw,-,-,20.otc.tw|1397962,-,0,0,16.6500,16.0000,000000,20260907,otc_5348.tw_20260907,16.6000_16.7000_16.8000_17.0000_17.5000_,15.4500_15.4000_15.3500_15.3000_,5348,13.otc.tw|1758,20260907,14:30:00,5348.tw,1788762600000,14:30:00,2_1_1_2_1_,1_1_1_1_,0,000000,460,16.6500,37,12,16.0000,16.6000,正能量智能,16.6500,0,otc,-,13:30:00,18.3000,2,15.0000,正能量智能股份有限公司,16.6500,-,0,TPEX,
5351.tw,587,582,9.otc.tw|641,118.5000,0,36,119.0000,118.5000,000000,20260907,otc_5351.tw_20260907,118.5000_119.0000_119.5000_120.0000_120.5000_,118.0000_117.5000_117.0000_116.5000_116.0000_,5351,13.otc.tw|1926,20260907,14:30:00,5351.tw,1788762600000,14:30:00,123_227_320_682_310_,165_269_345_227_278_,0,000000,4217,121.0000,24,12,118.5000,116.5000,鈺創,116.5000,0,otc,587,13:30:00,123.5000,15412,101.5000,鈺創科技股份有限公司,112.5000,118.5000,0,TPEX,
5353.tw,-,-,20.otc.tw|1397964,-,0,0,28.0000,27.9000,000000,20260907,otc_5353.tw_20260907,28.0000_28.1000_28.1500_28.2000_28.2500_,27.9000_27.8500_27.7000_27.6000_27.5500_,5353,13.otc.tw|2094,20260907,14:30:00,5353.tw,1788762600000,14:30:00,8_1_3_5_2_,3_1_7_2_6_,0,000000,-,28.9000,27,12,0.0000,27.8000,台林,28.9000,0,otc,-,13:30:00,30.8000,39,25.2000,台林電通股份有限公司,28.0000,-,0,TPEX,
5355.tw,20,20,20.otc.tw|1397965,6.0000,0,0,6.0000,5.8800,000000,20260907,otc_5355.tw_20260907,6.0000_6.0200_6.1000_6.1500_6.2000_,5.7500_5.7400_5.7300_5.7000_5.6500_,5355,13.otc.tw|2262,20260907,14:30:00,5355.tw,1788762600000,14:30:00,33_1_5_2_11_,2_1_7_2_4_,0,000000,3,6.0000,28,12,5.8800,5.7300,佳總,5.8100,0,otc,20,13:30:00,6.5400,126,5.3600,佳總興業股份有限公司,5.9500,6.0000,0,TPEX,
5356.tw,6,6,20.otc.tw|1397966,26.0500,0,0,25.9500,25.8000,000000,20260907,otc_5356.tw_20260907,26.0500_26.1000_26.1500_26.2000_26.2500_,26.0000_25.9500_25.9000_25.8500_25.8000_,5356,13.otc.tw|1506,20260907,14:30:00,5356.tw,1788762600000,14:30:00,1_1_14_27_1_,1_6_5_4_13_,0,000000,532,26.3500,25,12,25.9500,25.9500,協益,26.3000,0,otc,6,13:30:00,28.6500,67,23.4500,協益電子股份有限公司,26.0500,26.0500,0,TPEX,
5364.tw,2,2,20.otc.tw|1397967,8.3700,0,0,8.9700,8.3600,000000,20260907,otc_5364.tw_20260907,8.3800_8.4000_8.4200_8.4500_8.4600_,8.3700_8.3400_8.3300_8.3200_8.3100_,5364,13.otc.tw|1674,20260907,14:30:00,5364.tw,1788762600000,14:30:00,1_1_1_1_2_,2_2_3_7_7_,0,000000,-,8.4800,16,12,0.0000,8.3300,力麗店,8.4000,0,otc,2,13:30:00,9.2200,45,7.5600,力麗觀光開發股份有限公司,8.3900,8.3700,0,TPEX,
5381.tw,19,19,20.otc.tw|1397968,24.5000,0,0,24.6000,24.4000,000000,20260907,otc_5381.tw_20260907,24.5500_24.6000_24.6500_24.7000_24.7500_,24.5000_24.4500_24.4000_24.3500_24.3000_,5381,13.otc.tw|1842,20260907,14:30:00,5381.tw,1788762600000,14:30:00,3_1_1_5_3_,5_20_32_23_26_,0,000000,50,24.9500,05,12,24.6000,24.4500,光譜,24.9000,0,otc,19,13:30:00,27.1000,405,22.2000,光譜電工股份有限公司,24.6500,24.5000,0,TPEX,
5386.tw,43,43,20.otc.tw|1397969,259.5000,0,0,259.5000,259.0000,000000,20260907,otc_5386.tw_20260907,261.0000_261.5000_262.0000_262.5000_263.0000_,259.5000_259.0000_258.5000_258.0000_257.5000_,5386,13.otc.tw|2010,20260907,14:30:00,5386.tw,1788762600000,14:30:00,1_2_3_3_8_,20_8_1_14_9_,0,000000,1950,265.0000,25,12,259.5000,259.5000,青雲,260.5000,0,otc,43,13:30:00,284.0000,558,233.0000,青雲國際科技股份有限公司,258.5000,259.5000,0,TPEX,
5392.tw,80,80,20.otc.tw|1397971,42.2000,0,0,42.3500,42.2500,000000,20260907,otc_5392.tw_20260907,42.2500_42.3000_42.3500_42.4000_42.4500_,42.2000_42.1500_42.1000_42.0500_42.0000_,5392,13.otc.tw|2178,20260907,14:30:00,5392.tw,1788762600000,14:30:00,18_11_8_2_11_,36_28_46_45_121_,0,000000,437,43.2500,26,12,42.2500,42.0500,能率,43.2500,0,otc,80,13:30:00,47.2000,1190,38.7000,能率創新股份有限公司,42.9500,42.2000,0,TPEX,
5398.tw,2,2,20.otc.tw|1397972,14.4000,0,0,0.0000,14.3000,000000,20260907,otc_5398.tw_20260907,14.4000_14.4500_14.5500_14.6000_15.0000_,14.3500_14.2500_14.2000_14.1500_14.1000_,5398,13.otc.tw|2346,20260907,14:30:00,5398.tw,1788762600000,14:30:00,6_2_3_2_3_,2_2_38_6_8_,0,000000,2,14.4000,20,12,14.3000,14.2000,慕康生醫,14.2500,0,otc,2,13:30:00,15.6000,258,12.8000,慕康生技醫藥股份有限公司,14.2000,14.4000,0,TPEX,
5403.tw,2,1,20.otc.tw|1397973,93.6000,0,0,93.5000,93.0000,000000,20260907,otc_5403.tw_20260907,93.7000_93.8000_93.9000_94.0000_94.1000_,92.9000_92.8000_92.7000_92.5000_92.0000_,5403,13.otc.tw|1423,20260907,14:30:00,5403.tw,1788762600000,14:30:00,1_1_1_5_1_,1_1_6_3_2_,0,000000,25,93.8000,30,12,93.5000,92.8000,中菲,93.8000,0,otc,2,13:30:00,103.0000,52,84.5000,中菲電腦股份有限公司,93.8000,93.7000,0,TPEX,
5410.tw,4,4,20.otc.tw|1397974,35.7000,0,0,36.9000,35.9000,000000,20260907,otc_5410.tw_20260907,35.7500_35.8000_35.8500_35.9000_35.9500_,35.7000_35.6500_35.6000_35.5500_35.5000_,5410,13.otc.tw|1591,20260907,14:30:00,5410.tw,1788762600000,14:30:00,4_7_2_2_2_,2_1_8_8_51_,0,000000,200,36.1000,30,12,36.9000,35.5000,國眾,36.1000,0,otc,4,13:30:00,39.7000,223,32.5000,國眾電腦股份有限公司,36.1000,35.7000,0,TPEX,
5425.tw,449,450,9.otc.tw|653,92.4000,0,13,92.8000,92.7000,000000,20260907,otc_5425.tw_20260907,92.5000_92.6000_92.8000_92.9000_93.0000_,92.4000_92.3000_92.2000_92.1000_92.0000_,5425,13.otc.tw|1759,20260907,14:30:00,5425.tw,1788762600000,14:30:00,5_2_4_11_21_,42_31_10_48_149_,0,000000,1832,95.3000,24,12,92.7000,91.8000,台半,93.5000,1,otc,449,13:30:00,102.0000,10655,83.7000,台灣半導體股份有限公司,92.9000,92.4000,0,TPEX,
5426.tw,18,17,9.otc.tw|654,28.6500,0,2,28.7500,28.7000,000000,20260907,otc_5426.tw_20260907,28.6500_28.7000_28.7500_28.8000_28.8500_,28.6000_28.5500_28.5000_28.4500_28.4000_,5426,13.otc.tw|1927,20260907,14:30:00,5426.tw,1788762600000,14:30:00,3_3_2_4_4_,5_8_14_23_10_,0,000000,20,28.9000,25,12,28.7500,28.4500,振發,28.9000,0,otc,18,13:30:00,31.6500,472,25.9500,振發實業股份有限公司,28.8000,28.6500,0,TPEX,
5432.tw,10,10,20.otc.tw|1397977,164.5000,0,0,164.5000,164.0000,000000,20260907,otc_5432.tw_20260907,164.5000_165.0000_165.5000_166.0000_166.5000_,164.0000_163.5000_163.0000_162.5000_162.0000_,5432,13.otc.tw|2095,20260907,14:30:00,5432.tw,1788762600000,14:30:00,6_5_2_25_4_,9_10_11_6_7_,0,000000,303,170.0000,35,12,164.0000,154.0000,新門,159.0000,0,otc,10,13:30:00,170.5000,528,139.5000,新門科技股份有限公司,155.0000,164.5000,0,TPEX,
5438.tw,1,1,20.otc.tw|1397978,16.8500,0,0,16.9000,16.8500,000000,20260907,otc_5438.tw_20260907,16.8500_16.9000_16.9500_17.0000_17.2000_,16.7000_16.6500_16.6000_16.5500_16.5000_,5438,13.otc.tw|2263,20260907,14:30:00,5438.tw,1788762600000,14:30:00,1_5_4_1_2_,1_2_9_1_4_,0,000000,115,16.9000,25,12,16.8500,16.6000,東友,16.6000,0,otc,1,13:30:00,18.3000,24,15.0000,東友科技股份有限公司,16.6500,16.8500,0,TPEX,
5439.tw,61,61,20.otc.tw|1397979,262.0000,0,0,263.5000,263.0000,000000,20260907,otc_5439.tw_20260907,262.5000_263.5000_264.0000_264.5000_265.0000_,262.0000_261.5000_261.0000_260.5000_260.0000_,5439,13.otc.tw|1507,20260907,14:30:00,5439.tw,1788762600000,14:30:00,13_8_2_20_22_,32_31_19_21_51_,0,000000,540,269.0000,28,12,263.5000,262.0000,高技,262.5000,0,otc,61,13:30:00,287.5000,1871,235.5000,高技企業股份有限公司,261.5000,262.5000,0,TPEX,
5443.tw,264,257,9.otc.tw|658,120.0000,0,23,120.0000,119.5000,000000,20260907,otc_5443.tw_20260907,120.0000_120.5000_121.0000_121.5000_122.0000_,119.5000_119.0000_118.5000_118.0000_117.5000_,5443,13.otc.tw|1675,20260907,14:30:00,5443.tw,1788762600000,14:30:00,61_20_55_99_236_,52_79_68_76_29_,0,000000,1461,121.5000,24,12,119.5000,112.5000,均豪,114.0000,0,otc,264,13:30:00,123.5000,7288,101.5000,均豪精密工業股份有限公司,112.5000,120.0000,0,TPEX,
5450.tw,1,1,20.otc.tw|1397626,14.7000,0,0,14.7000,14.5000,000000,20260907,otc_5450.tw_20260907,14.7000_14.8000_14.8500_14.9000_14.9500_,14.6500_14.6000_14.5000_14.3500_14.3000_,5450,13.otc.tw|1843,20260907,14:30:00,5450.tw,1788762600000,14:30:00,1_18_1_6_2_,1_1_8_9_9_,0,000000,1,14.9000,20,12,14.5000,14.5500,南良,14.7000,0,otc,1,13:30:00,16.2000,47,13.3000,南良國際股份有限公司,14.7500,14.7000,0,TPEX,
5452.tw,16,15,20.otc.tw|1397628,26.9000,0,0,0.0000,26.9500,000000,20260907,otc_5452.tw_20260907,26.9000_27.0000_27.0500_27.1000_27.1500_,26.8500_26.8000_26.7500_26.7000_26.6500_,5452,13.otc.tw|2011,20260907,14:30:00,5452.tw,1788762600000,14:30:00,2_5_1_11_5_,2_39_15_16_13_,0,000000,51,27.3500,31,12,26.9500,26.8000,佶優,27.2500,0,otc,16,13:30:00,29.8000,272,24.4000,佶優科技股份有限公司,27.1000,26.9000,0,TPEX,
5455.tw,-,-,20.otc.tw|1397629,-,0,0,29.6000,29.5000,000000,20260907,otc_5455.tw_20260907,29.7000_30.4000_30.5000_31.0000_32.0000_,29.0500_28.5000_28.0500_,5455,13.otc.tw|2179,20260907,14:30:00,5455.tw,1788762600000,14:30:00,1_1_1_2_4_,1_1_2_,0,000000,-,29.7500,14,12,0.0000,29.5000,昇益,29.7500,0,otc,-,13:30:00,33.0000,11,27.0000,昇益開發股份有限公司,30.0000,-,0,TPEX,
5457.tw,11,11,20.otc.tw|1397630,27.2000,0,0,28.1000,27.4000,000000,20260907,otc_5457.tw_20260907,27.2500_27.3000_27.3500_27.4000_27.4500_,27.2000_27.1500_27.1000_27.0500_27.0000_,5457,13.otc.tw|2347,20260907,14:30:00,5457.tw,1788762600000,14:30:00,11_1_6_4_3_,2_13_5_7_24_,0,000000,258,27.7000,28,12,27.4000,27.1000,宣德,27.6500,0,otc,11,13:30:00,30.4000,263,24.9000,宣德科技股份有限公司,27.6500,27.2000,0,TPEX,
5460.tw,2,-,20.otc.tw|1397632,-,0,0,16.2500,16.1500,000000,20260907,otc_5460.tw_20260907,16.2000_16.2500_16.3500_16.4000_16.5000_,16.0500_16.0000_15.8500_15.7500_15.2500_,5460,13.otc.tw|1424,20260907,14:30:00,5460.tw,1788762600000,14:30:00,12_2_2_2_3_,4_8_1_2_1_,0,000000,1,16.2500,28,12,16.1500,16.0000,同協,16.0500,0,otc,2,13:30:00,17.8500,35,14.6500,同協電子股份有限公司,16.2500,16.2000,0,TPEX,
5464.tw,2,2,9.otc.tw|665,76.4000,0,1,0.0000,76.4000,000000,20260907,otc_5464.tw_20260907,-,76.4000_76.1000_76.0000_75.8000_75.0000_,5464,13.otc.tw|1592,20260907,14:30:00,5464.tw,1788762600000,14:30:00,-,3465_1_3_1_1_,0,000000,-,76.4000,28,12,0.0000,74.0000,霖宏,74.0000,0,otc,2,13:30:00,76.4000,756,62.6000,霖宏科技股份有限公司,69.5000,76.4000,0,TPEX,
5465.tw,1,1,20.otc.tw|1397635,24.3000,0,0,24.3500,24.1000,000000,20260907,otc_5465.tw_20260907,24.3500_24.4000_24.5000_24.5500_24.6000_,24.2500_24.2000_24.1500_24.1000_24.0500_,5465,13.otc.tw|1760,20260907,14:30:00,5465.tw,1788762600000,14:30:00,1_3_20_1_4_,1_3_13_24_14_,0,000000,-,24.5500,25,12,0.0000,24.2000,富驊,24.5500,0,otc,1,13:30:00,26.7000,30,21.9000,富驊企業股份有限公司,24.3000,24.3000,0,TPEX,
5468.tw,5,5,20.otc.tw|1397636,24.6500,0,0,24.7500,24.4000,000000,20260907,otc_5468.tw_20260907,24.6500_24.7000_24.8000_24.9000_24.9500_,24.4500_24.4000_24.3500_24.3000_24.2500_,5468,13.otc.tw|1928,20260907,14:30:00,5468.tw,1788762600000,14:30:00,4_1_2_3_2_,1_1_4_6_1_,0,000000,-,24.9500,24,12,0.0000,24.4000,凱鈺,24.7000,0,otc,5,13:30:00,27.1500,110,22.2500,凱鈺科技股份有限公司,24.7000,24.6500,0,TPEX,
5474.tw,7,7,20.otc.tw|1397637,152.0000,0,0,152.5000,152.0000,000000,20260907,otc_5474.tw_20260907,152.5000_153.0000_153.5000_154.5000_155.0000_,152.0000_151.5000_151.0000_150.5000_150.0000_,5474,13.otc.tw|2096,20260907,14:30:00,5474.tw,1788762600000,14:30:00,4_4_2_2_2_,2_4_8_13_17_,0,000000,1,152.0000,25,12,152.5000,147.0000,聰泰,149.5000,0,otc,7,13:30:00,163.5000,153,134.5000,聰泰科技開發股份有限公司,149.0000,152.0000,0,TPEX,
5475.tw,238,238,9.otc.tw|669,194.0000,0,3,194.0000,193.5000,000000,20260907,otc_5475.tw_20260907,194.0000_194.5000_195.0000_195.5000_196.0000_,193.5000_193.0000_192.5000_192.0000_191.5000_,5475,13.otc.tw|2264,20260907,14:30:00,5475.tw,1788762600000,14:30:00,8_2_9_10_25_,31_44_19_43_31_,0,000000,1711,198.0000,28,12,194.0000,190.0000,德宏,192.0000,0,otc,238,13:30:00,209.0000,4316,171.0000,德宏工業股份有限公司,190.0000,194.0000,0,TPEX,
5478.tw,4,4,20.otc.tw|1397639,97.9000,0,0,99.4000,99.0000,000000,20260907,otc_5478.tw_20260907,98.0000_98.1000_98.2000_98.4000_98.5000_,97.9000_97.8000_97.7000_97.6000_97.5000_,5478,13.otc.tw|1508,20260907,14:30:00,5478.tw,1788762600000,14:30:00,2_4_1_1_7_,1_1_4_3_26_,0,000000,151,98.1000,32,12,99.0000,97.6000,智冠,98.1000,0,otc,4,13:30:00,107.5000,79,88.2000,智冠科技股份有限公司,98.0000,97.9000,0,TPEX,
5481.tw,7,7,9.otc.tw|671,20.0500,0,20,20.0500,19.9000,000000,20260907,otc_5481.tw_20260907,20.1000_20.1500_20.2000_20.2500_20.3000_,20.0500_20.0000_19.9500_19.8500_19.0000_,5481,13.otc.tw|1676,20260907,14:30:00,5481.tw,1788762600000,14:30:00,7_13_13_4_5_,14_51_20_2_11_,0,000000,2,20.5000,20,12,19.9000,20.0500,新華,20.5000,0,otc,7,13:30:00,22.2000,215,18.2000,新華泰富股份有限公司,20.2000,20.0500,0,TPEX,
5483.tw,530,530,9.otc.tw|672,183.5000,0,23,184.5000,184.0000,000000,20260907,otc_5483.tw_20260907,183.5000_184.0000_184.5000_185.0000_185.5000_,183.0000_182.5000_182.0000_181.5000_181.0000_,5483,13.otc.tw|1844,20260907,14:30:00,5483.tw,1788762600000,14:30:00,38_133_111_241_56_,69_126_378_144_278_,0,000000,2245,187.5000,24,12,184.0000,182.0000,中美晶,186.0000,0,otc,530,13:30:00,201.5000,10637,165.5000,中美矽晶製品股份有限公司,183.5000,183.5000,0,TPEX,
5487.tw,11,11,20.otc.tw|1397642,28.0000,0,0,28.1000,27.8000,000000,20260907,otc_5487.tw_20260907,28.0000_28.3500_28.7500_28.8000_28.8500_,27.9500_27.6000_27.4000_27.2000_26.5500_,5487,13.otc.tw|2012,20260907,14:30:00,5487.tw,1788762600000,14:30:00,1_3_2_1_1_,1_61_10_1_5_,0,000000,35,29.4500,24,12,27.8000,28.0000,通泰,29.4500,0,otc,11,13:30:00,32.3500,91,26.5500,通泰積體電路股份有限公司,29.4500,28.0000,0,TPEX,
5488.tw,6,6,20.otc.tw|1397643,12.0000,0,0,12.0500,12.0000,000000,20260907,otc_5488.tw_20260907,12.1000_12.1500_12.2000_12.2500_12.3000_,12.0000_11.9500_11.9000_11.8500_11.8000_,5488,13.otc.tw|2180,20260907,14:30:00,5488.tw,1788762600000,14:30:00,3_11_2_4_13_,8_17_25_6_23_,0,000000,1,12.3000,28,12,12.0000,11.9500,松普,12.3000,0,otc,6,13:30:00,13.3000,197,10.9000,松普科技股份有限公司,12.1000,12.0000,0,TPEX,
5489.tw,3,3,20.otc.tw|1397644,41.2500,0,0,41.4000,40.9000,000000,20260907,otc_5489.tw_20260907,41.3500_41.4000_41.4500_41.5000_41.7000_,41.2000_41.1500_41.1000_41.0500_41.0000_,5489,13.otc.tw|2348,20260907,14:30:00,5489.tw,1788762600000,14:30:00,1_2_2_2_1_,3_4_4_2_2_,0,000000,25,41.3500,31,12,41.4000,41.0000,彩富,41.0000,0,otc,3,13:30:00,45.5000,19,37.3000,彩富電子股份有限公司,41.4000,41.2500,0,TPEX,
5490.tw,50,50,9.otc.tw|676,25.9500,0,1,26.4500,25.9500,000000,20260907,otc_5490.tw_20260907,26.1000_26.1500_26.2000_26.2500_26.3000_,25.9500_25.9000_25.8500_25.8000_25.7500_,5490,13.otc.tw|1425,20260907,14:30:00,5490.tw,1788762600000,14:30:00,3_2_7_7_13_,4_22_53_62_20_,0,000000,271,26.5500,25,12,25.9500,25.8500,同亨,26.5500,0,otc,50,13:30:00,29.1500,807,23.8500,同亨科技股份有限公司,26.5000,25.9500,0,TPEX,
5493.tw,4,4,20.otc.tw|1397646,84.0000,0,0,84.4000,81.6000,000000,20260907,otc_5493.tw_20260907,84.5000_84.7000_85.0000_85.2000_86.0000_,83.9000_83.8000_83.7000_83.6000_83.5000_,5493,13.otc.tw|1593,20260907,14:30:00,5493.tw,1788762600000,14:30:00,1_1_2_1_1_,2_2_1_4_15_,0,000000,1050,84.8000,31,12,81.6000,83.8000,三聯,84.5000,0,otc,4,13:30:00,92.8000,48,76.0000,三聯科技股份有限公司,84.4000,84.0000,0,TPEX,
5498.tw,122,122,9.otc.tw|678,54.6000,0,4,54.8000,54.7000,000000,20260907,otc_5498.tw_20260907,54.7000_54.8000_54.9000_55.0000_55.2000_,54.6000_54.5000_54.4000_54.3000_54.2000_,5498,13.otc.tw|1761,20260907,14:30:00,5498.tw,1788762600000,14:30:00,2_29_2_16_2_,7_58_8_13_21_,0,000000,52,56.8000,28,12,54.8000,54.0000,凱崴,54.0000,0,otc,122,13:30:00,58.7000,3074,48.1000,凱崴電子股份有限公司,53.4000,54.6000,0,TPEX,
5508.tw,8,7,9.otc.tw|679,53.5000,0,1,53.7000,53.5000,000000,20260907,otc_5508.tw_20260907,53.5000_53.6000_53.7000_53.8000_53.9000_,53.4000_53.3000_53.2000_53.1000_53.0000_,5508,13.otc.tw|1929,20260907,14:30:00,5508.tw,1788762600000,14:30:00,1_6_3_2_1_,4_19_17_10_35_,0,000000,200,55.1000,14,12,53.5000,53.1000,永信建,55.1000,0,otc,8,13:30:00,60.6000,427,49.6000,永信建設開發股份有限公司,55.1000,53.5000,0,TPEX,
5511.tw,2,2,20.otc.tw|1397649,69.4000,0,0,69.7000,69.4000,000000,20260907,otc_5511.tw_20260907,69.8000_69.9000_70.0000_70.2000_70.3000_,69.3000_69.2000_69.1000_69.0000_68.9000_,5511,13.otc.tw|2097,20260907,14:30:00,5511.tw,1788762600000,14:30:00,2_3_14_1_3_,6_18_2_18_6_,0,000000,999,70.0000,14,12,69.4000,69.0000,德昌,69.8000,0,otc,2,13:30:00,76.2000,128,62.4000,德昌營造股份有限公司,69.3000,69.4000,0,TPEX,
5512.tw,17,17,9.otc.tw|681,7.7200,0,5,7.7500,7.7400,000000,20260907,otc_5512.tw_20260907,7.7300_7.7500_7.7600_7.7700_7.7800_,7.7200_7.7100_7.7000_7.6900_7.6800_,5512,13.otc.tw|2265,20260907,14:30:00,5512.tw,1788762600000,14:30:00,2_5_1_1_13_,4_48_42_21_75_,0,000000,208,7.8400,14,12,7.7500,7.7200,力麒,7.8400,0,otc,17,13:30:00,8.5400,295,7.0000,力麒建設股份有限公司,7.7700,7.7200,0,TPEX,
5514.tw,4,4,20.otc.tw|1397341,15.0000,0,0,15.0000,14.9500,000000,20260907,otc_5514.tw_20260907,15.0500_15.1000_15.1500_15.8000_16.5500_,14.8500_14.4000_14.0000_,5514,13.otc.tw|1509,20260907,14:30:00,5514.tw,1788762600000,14:30:00,2_3_2_1_15_,1_2_2_,0,000000,88,15.0000,14,12,14.9500,15.0000,三豐,15.0000,0,otc,4,13:30:00,16.5500,5,13.5500,三豐建設股份有限公司,15.0500,15.0000,0,TPEX,
5516.tw,-,-,20.otc.tw|1397342,-,0,0,11.9000,11.5000,000000,20260907,otc_5516.tw_20260907,12.0500_12.1000_12.2000_12.4000_12.6000_,11.9000_11.8500_11.7500_11.6000_11.5500_,5516,13.otc.tw|1677,20260907,14:30:00,5516.tw,1788762600000,14:30:00,1_6_1_5_2_,1_2_2_3_1_,0,000000,-,12.1500,14,12,0.0000,11.9000,雙喜,12.0000,0,otc,-,13:30:00,13.2000,18,10.8000,雙喜營造股份有限公司,12.0000,-,0,TPEX,
5520.tw,-,-,20.otc.tw|1397343,-,0,0,0.0000,83.0000,000000,20260907,otc_5520.tw_20260907,82.8000_83.0000_83.3000_83.4000_84.0000_,82.4000_82.1000_82.0000_81.5000_81.2000_,5520,13.otc.tw|1845,20260907,14:30:00,5520.tw,1788762600000,14:30:00,1_2_3_1_1_,1_1_1_3_2_,0,000000,-,82.8000,14,12,0.0000,82.5000,力泰,82.8000,0,otc,-,13:30:00,91.0000,19,74.6000,力泰建設企業股份有限公司,82.8000,-,0,TPEX,
5523.tw,-,-,20.otc.tw|1397344,-,0,,30.4500,0.0000,000000,20260907,otc_5523.tw_20260907,30.3500_30.4000_31.0000_33.3000_33.3500_,30.2000_30.0000_,5523,13.otc.tw|2013,20260907,14:30:00,5523.tw,1788762600000,14:30:00,23_5_3_3_1_,2_1_,0,000000,-,-,14,12,0.0000,-,豐謙,-,0,otc,-,13:30:00,33.3500,0,27.3500,豐謙建設股份有限公司,30.3500,-,0,TPEX,
5529.tw,6,6,20.otc.tw|1397345,24.5000,0,0,24.6000,24.3500,000000,20260907,otc_5529.tw_20260907,24.6500_24.8000_25.0000_25.0500_25.1000_,24.5000_24.4500_24.4000_24.3500_24.3000_,5529,13.otc.tw|2181,20260907,14:30:00,5529.tw,1788762600000,14:30:00,1_1_10_10_3_,21_12_15_5_5_,0,000000,78,25.4500,14,12,24.3500,24.4000,鉅陞,24.4000,0,otc,6,13:30:00,26.8000,168,22.0000,鉅陞國際開發股份有限公司,24.4000,24.5000,0,TPEX,
5530.tw,14,11,20.otc.tw|1397982,49.5000,0,0,49.6000,49.4500,000000,20260907,otc_5530.tw_20260907,49.6500_49.7000_49.7500_49.8000_49.8500_,49.4500_49.4000_49.3500_49.3000_49.2500_,5530,13.otc.tw|2349,20260907,14:30:00,5530.tw,1788762600000,14:30:00,1_1_1_2_5_,3_12_18_12_11_,0,000000,390,49.8500,20,12,49.4500,49.3500,龍巖,49.8500,0,otc,14,13:30:00,55.0000,176,45.0000,龍巖股份有限公司(原名大漢建設),50.0000,49.4500,0,TPEX,
5536.tw,27,27,9.otc.tw|687,874.0000,0,3,875.0000,874.0000,000000,20260907,otc_5536.tw_20260907,874.0000_875.0000_876.0000_877.0000_878.0000_,873.0000_872.0000_871.0000_870.0000_869.0000_,5536,13.otc.tw|1426,20260907,14:30:00,5536.tw,1788762600000,14:30:00,1_3_8_2_10_,2_1_4_4_2_,0,000000,933,888.0000,31,12,874.0000,851.0000,聖暉*,858.0000,0,otc,27,13:30:00,938.0000,731,768.0000,聖暉工程科技股份有限公司,853.0000,874.0000,0,TPEX,
5543.tw,-,-,20.otc.tw|1397987,-,0,0,27.8500,27.7000,000000,20260907,otc_5543.tw_20260907,27.8000_28.0000_28.0500_28.1000_29.0000_,27.4500_27.0500_27.0000_25.4000_25.3000_,5543,13.otc.tw|1594,20260907,14:30:00,5543.tw,1788762600000,14:30:00,1_2_2_1_2_,1_1_6_1_8_,0,000000,-,27.8500,14,12,0.0000,27.5000,桓鼎-KY,27.6500,0,otc,-,13:30:00,30.9000,15,25.3000,桓鼎股份有限公司,28.1000,-,0,TPEX,RR
5547.tw,1,1,20.otc.tw|1397988,19.6000,0,0,19.7000,19.0500,000000,20260907,otc_5547.tw_20260907,19.6500_19.7000_19.9000_20.0000_20.4000_,19.5500_19.5000_19.0500_19.0000_18.9000_,5547,13.otc.tw|1762,20260907,14:30:00,5547.tw,1788762600000,14:30:00,1_1_1_1_3_,4_3_3_6_3_,0,000000,-,19.7000,14,12,0.0000,19.5500,久舜,19.7000,0,otc,1,13:30:00,21.6000,12,17.7000,久舜營造股份有限公司,19.6500,19.6000,0,TPEX,
5548.tw,1,1,20.otc.tw|1397989,20.5500,0,0,20.6500,20.2000,000000,20260907,otc_5548.tw_20260907,20.5500_20.7000_20.7500_20.8000_20.8500_,20.5000_20.4500_20.3500_20.3000_20.2500_,5548,13.otc.tw|1930,20260907,14:30:00,5548.tw,1788762600000,14:30:00,2_2_5_1_1_,3_2_2_3_4_,0,000000,-,20.5500,14,12,0.0000,20.3000,安倉,20.3000,0,otc,1,13:30:00,22.6000,10,18.5000,安倉營造股份有限公司,20.5500,20.5500,0,TPEX,
5601.tw,-,-,20.otc.tw|1397990,-,0,0,30.6000,29.5000,000000,20260907,otc_5601.tw_20260907,31.3500_32.2000_33.0000_33.3500_,30.5000_30.0500_30.0000_29.9000_29.2000_,5601,13.otc.tw|2098,20260907,14:30:00,5601.tw,1788762600000,14:30:00,1_1_1_1_,1_1_5_6_1_,0,000000,-,30.5000,15,12,0.0000,30.5000,台聯櫃,30.5000,0,otc,-,13:30:00,33.3500,11,27.3500,臺聯貨櫃通運股份有限公司,30.3500,-,0,TPEX,
5603.tw,4,4,20.otc.tw|1397991,13.9500,0,0,14.5500,14.2500,000000,20260907,otc_5603.tw_20260907,13.9500_14.0000_14.0500_14.1000_14.1500_,13.9000_13.8500_13.8000_13.7500_13.7000_,5603,13.otc.tw|2266,20260907,14:30:00,5603.tw,1788762600000,14:30:00,2_6_1_3_3_,35_20_33_3_16_,0,000000,100,13.9500,15,12,14.2500,13.9000,陸海,13.9500,0,otc,4,13:30:00,15.3000,37,12.6000,陸海股份有限公司,13.9500,13.9500,0,TPEX,
5604.tw,1,1,20.otc.tw|1397992,31.3000,0,0,33.2000,31.1000,000000,20260907,otc_5604.tw_20260907,31.4500_31.5000_31.6000_31.6500_31.7000_,31.1000_31.0000_30.9000_30.8500_30.8000_,5604,13.otc.tw|1510,20260907,14:30:00,5604.tw,1788762600000,14:30:00,1_2_1_12_1_,2_1_2_3_1_,0,000000,9,31.7000,20,12,33.2000,30.8000,中連,31.7000,0,otc,1,13:30:00,34.4500,59,28.2500,中連誠企業股份有限公司,31.3500,31.3000,0,TPEX,
5609.tw,3,3,9.otc.tw|697,78.5000,0,1,81.0000,80.1000,000000,20260907,otc_5609.tw_20260907,78.6000_78.7000_78.8000_78.9000_79.0000_,78.5000_78.4000_78.3000_78.2000_78.1000_,5609,13.otc.tw|1678,20260907,14:30:00,5609.tw,1788762600000,14:30:00,2_6_7_7_5_,10_6_11_9_19_,0,000000,67,78.7000,15,12,80.1000,77.9000,中菲行,78.3000,0,otc,3,13:30:00,85.8000,112,70.2000,中菲行國際物流股份有限公司,78.0000,78.5000,0,TPEX,
5701.tw,13,13,20.otc.tw|1397995,4.2200,0,0,4.2200,4.1700,000000,20260907,otc_5701.tw_20260907,4.2600_4.2700_4.2800_4.2900_4.3000_,4.2100_4.2000_4.1800_4.1500_4.1300_,5701,13.otc.tw|1846,20260907,14:30:00,5701.tw,1788762600000,14:30:00,2_32_10_2_1_,3_2_2_2_5_,0,000000,217,4.3900,16,12,4.1700,4.2000,劍湖山,4.2400,0,otc,13,13:30:00,4.6600,51,3.8200,劍湖山世界股份有限公司,4.2400,4.2200,0,TPEX,
5703.tw,-,-,20.otc.tw|1397996,-,0,0,13.9000,13.1500,000000,20260907,otc_5703.tw_20260907,14.1000_14.6000_14.6500_15.2000_,13.5000_13.4500_13.4000_13.3000_13.2500_,5703,13.otc.tw|2014,20260907,14:30:00,5703.tw,1788762600000,14:30:00,1_3_2_10_,1_1_1_1_1_,0,000000,-,13.8500,16,12,0.0000,13.8500,亞都,13.8500,0,otc,-,13:30:00,15.2000,3,12.5000,亞都麗緻大飯店股份有限公司,13.8500,-,0,TPEX,
5704.tw,-,-,20.otc.tw|1397997,-,0,0,23.9500,23.3000,000000,20260907,otc_5704.tw_20260907,23.1000_23.2000_23.2500_23.3000_23.3500_,23.0500_22.9500_22.9000_22.8500_22.8000_,5704,13.otc.tw|2182,20260907,14:30:00,5704.tw,1788762600000,14:30:00,1_1_1_2_1_,1_14_5_1_2_,0,000000,-,23.5000,16,12,0.0000,23.0000,老爺知,23.5000,0,otc,-,13:30:00,25.5000,57,20.9000,知本老爺大酒店股份有限公司,23.2000,-,0,TPEX,
5864.tw,128,128,20.otc.tw|1397998,37.2500,0,0,37.1500,37.0000,000000,20260907,otc_5864.tw_20260907,37.3000_37.3500_37.4000_37.4500_37.5000_,37.2500_37.2000_37.1500_37.1000_37.0500_,5864,13.otc.tw|2350,20260907,14:30:00,5864.tw,1788762600000,14:30:00,6_11_18_21_42_,34_38_50_14_13_,0,000000,1096,38.2000,17,12,37.1500,36.8500,致和證,38.0000,0,otc,128,13:30:00,40.8500,3071,33.4500,致和證券股份有限公司,37.1500,37.2500,0,TPEX,BS
5878.tw,-,-,20.otc.tw|1397999,-,0,0,38.5000,38.3500,000000,20260907,otc_5878.tw_20260907,38.6500_38.7000_38.8000_39.1000_39.2000_,38.2000_38.1000_38.0500_38.0000_37.8500_,5878,13.otc.tw|1427,20260907,14:30:00,5878.tw,1788762600000,14:30:00,2_4_2_1_2_,1_2_4_6_1_,0,000000,-,38.7000,17,12,0.0000,38.1500,台名,38.7000,0,otc,-,13:30:00,42.4000,7,34.7000,台名保險經紀人股份有限公司,38.5500,-,0,TPEX,
5902.tw,3,3,20.otc.tw|1398000,34.0500,0,0,34.2000,34.0000,000000,20260907,otc_5902.tw_20260907,34.0500_34.1000_34.1500_34.2000_34.3500_,33.8500_33.8000_33.5000_33.3000_33.0000_,5902,13.otc.tw|1595,20260907,14:30:00,5902.tw,1788762600000,14:30:00,1_3_2_2_1_,10_1_1_3_1_,0,000000,-,34.9000,38,12,0.0000,33.5500,德記,33.8000,0,otc,3,13:30:00,37.8000,164,31.0000,德記洋行股份有限公司,34.4000,34.0500,0,TPEX,
5903.tw,-,-,20.otc.tw|1398001,-,0,0,185.5000,185.0000,000000,20260907,otc_5903.tw_20260907,185.0000_185.5000_186.0000_186.5000_187.0000_,184.5000_184.0000_183.5000_183.0000_182.5000_,5903,13.otc.tw|1763,20260907,14:30:00,5903.tw,1788762600000,14:30:00,22_1_5_6_3_,1_17_6_7_2_,0,000000,10,185.0000,38,12,185.5000,184.0000,全家,184.0000,0,otc,-,13:30:00,203.5000,17,166.5000,全家便利商店股份有限公司,185.0000,-,0,TPEX,
5904.tw,351,349,9.otc.tw|705,71.6000,0,2,72.0000,71.9000,000000,20260907,otc_5904.tw_20260907,71.9000_72.0000_72.1000_72.2000_72.3000_,71.7000_71.6000_71.5000_71.4000_71.3000_,5904,13.otc.tw|1931,20260907,14:30:00,5904.tw,1788762600000,14:30:00,2_34_6_27_6_,18_69_133_115_86_,0,000000,4009,72.5000,38,12,72.0000,71.0000,寶雅*,72.1000,1,otc,351,13:30:00,79.3000,3843,64.9000,寶雅國際股份有限公司,72.1000,71.7000,0,TPEX,
5905.tw,6,6,9.otc.tw|706,7.6200,0,1,0.0000,7.6400,000000,20260907,otc_5905.tw_20260907,7.6200_7.6400_7.6500_7.6600_7.6800_,7.6100_7.6000_7.5900_7.5800_7.5700_,5905,13.otc.tw|2099,20260907,14:30:00,5905.tw,1788762600000,14:30:00,3_2_2_76_15_,70_112_21_29_15_,0,000000,122,7.7000,16,12,7.6400,7.6100,南仁湖,7.6800,0,otc,6,13:30:00,8.4400,446,6.9200,南仁湖育樂股份有限公司,7.6800,7.6200,0,TPEX,
6015.tw,61,52,9.otc.tw|707,16.8500,0,2,17.2500,17.2000,000000,20260907,otc_6015.tw_20260907,16.9000_16.9500_17.0000_17.0500_17.1000_,16.8500_16.8000_16.7500_16.7000_16.6500_,6015,13.otc.tw|2267,20260907,14:30:00,6015.tw,1788762600000,14:30:00,113_19_40_34_54_,15_51_42_45_40_,0,000000,2428,17.1000,17,12,17.2000,16.5500,宏遠證,17.0500,0,otc,61,13:30:00,18.4500,2173,15.1500,宏遠證券股份有限公司,16.8000,16.8500,0,TPEX,BS
6016.tw,215,180,9.otc.tw|708,22.1000,0,188,22.6000,22.5500,000000,20260907,otc_6016.tw_20260907,22.1000_22.1500_22.2000_22.2500_22.3000_,22.0500_22.0000_21.9500_21.9000_21.8500_,6016,13.otc.tw|1511,20260907,14:30:00,6016.tw,1788762600000,14:30:00,22_7_40_53_38_,51_151_48_175_299_,0,000000,8154,22.8500,17,12,22.5500,21.8000,康和證,22.6500,0,otc,215,13:30:00,24.6000,8085,20.2000,康和綜合證券股份有限公司,22.4000,22.1000,0,TPEX,BS
6020.tw,-,-,20.otc.tw|1397655,-,0,0,21.0500,20.8500,000000,20260907,otc_6020.tw_20260907,20.8500_20.9500_21.0000_21.2000_21.3500_,20.8000_20.7000_20.6000_20.5500_20.4500_,6020,13.otc.tw|1679,20260907,14:30:00,6020.tw,1788762600000,14:30:00,1_1_3_3_2_,2_2_2_1_3_,0,000000,-,21.0000,17,12,0.0000,20.9000,大展證,21.0000,0,otc,-,13:30:00,22.9500,11,18.8500,大展證券股份有限公司,20.9000,-,0,TPEX,BS
6021.tw,6,6,20.otc.tw|1397656,40.8500,0,0,40.8500,40.6000,000000,20260907,otc_6021.tw_20260907,40.9000_40.9500_41.0000_41.0500_41.1000_,40.8500_40.7500_40.6000_40.5500_40.5000_,6021,13.otc.tw|1847,20260907,14:30:00,6021.tw,1788762600000,14:30:00,2_12_3_20_10_,17_2_21_5_4_,0,000000,316,41.0500,17,12,40.8500,40.2500,美好證,40.7500,0,otc,6,13:30:00,44.2500,299,36.2500,美好證券股份有限公司,40.2500,40.8500,0,TPEX,BS
6023.tw,132,114,9.otc.tw|711,82.9000,0,27,83.2000,83.1000,000000,20260907,otc_6023.tw_20260907,82.9000_83.0000_83.1000_83.2000_83.3000_,82.8000_82.7000_82.6000_82.5000_82.4000_,6023,13.otc.tw|2015,20260907,14:30:00,6023.tw,1788762600000,14:30:00,4_18_26_25_33_,73_53_50_65_8_,0,000000,4974,83.9000,17,12,83.1000,82.9000,元大期,83.5000,0,otc,132,13:30:00,95.0000,4104,77.8000,元大期貨股份有限公司,86.4000,82.9000,0,TPEX,
6026.tw,40,40,20.otc.tw|1397658,15.1500,0,0,16.0500,15.3000,000000,20260907,otc_6026.tw_20260907,15.2000_15.2500_15.3000_15.3500_15.4000_,15.1500_15.1000_15.0500_15.0000_14.9500_,6026,13.otc.tw|2183,20260907,14:30:00,6026.tw,1788762600000,14:30:00,4_16_110_75_45_,29_44_59_229_120_,0,000000,20,15.3000,17,12,15.3000,15.0500,福邦證,15.2000,0,otc,40,13:30:00,16.6500,1340,13.6500,福邦證券股份有限公司,15.1500,15.1500,0,TPEX,BS
6028.tw,-,-,20.otc.tw|1397659,-,0,0,96.6000,96.1000,000000,20260907,otc_6028.tw_20260907,96.6000_96.9000_97.0000_97.6000_97.8000_,96.1000_96.0000_95.8000_95.6000_95.5000_,6028,13.otc.tw|2351,20260907,14:30:00,6028.tw,1788762600000,14:30:00,1_2_2_1_1_,1_1_1_4_1_,0,000000,-,96.6000,17,12,0.0000,96.0000,公勝保經,96.6000,0,otc,-,13:30:00,106.0000,4,87.0000,公勝保險經紀人股份有限公司,96.6000,-,0,TPEX,
6101.tw,5,6,20.otc.tw|1397660,38.0000,0,0,38.2500,37.9000,000000,20260907,otc_6101.tw_20260907,38.1000_38.1500_38.2000_38.2500_38.3000_,38.0000_37.9500_37.9000_37.8500_37.8000_,6101,13.otc.tw|1428,20260907,14:30:00,6101.tw,1788762600000,14:30:00,3_19_5_3_7_,1_2_3_3_12_,0,000000,-,38.3500,32,12,0.0000,37.7000,寬魚國際,38.3500,0,otc,5,13:30:00,41.7000,128,34.2000,寬魚國際股份有限公司,37.9500,38.1000,0,TPEX,
6103.tw,3,3,20.otc.tw|1397663,34.1000,0,0,0.0000,34.3000,000000,20260907,otc_6103.tw_20260907,34.7000_35.0000_35.3500_35.4000_35.7000_,34.0500_34.0000_33.5500_33.5000_,6103,13.otc.tw|1596,20260907,14:30:00,6103.tw,1788762600000,14:30:00,1_1_2_1_1_,1_1_2_5_,0,000000,19,37.0000,24,12,34.3000,34.1000,合邦,37.0000,0,otc,3,13:30:00,40.9000,42,33.5000,合邦電子股份有限公司,37.2000,34.1000,0,TPEX,
6104.tw,12,12,9.otc.tw|716,95.9000,0,3,96.2000,96.1000,000000,20260907,otc_6104.tw_20260907,95.9000_96.0000_96.1000_96.2000_96.3000_,95.8000_95.7000_95.6000_95.5000_95.4000_,6104,13.otc.tw|1764,20260907,14:30:00,6104.tw,1788762600000,14:30:00,2_3_1_2_1_,13_17_7_18_1_,0,000000,112,97.6000,24,12,96.1000,95.7000,創惟,97.6000,0,otc,12,13:30:00,106.5000,337,87.3000,創惟科技股份有限公司,97.0000,95.9000,0,TPEX,
6109.tw,7,7,20.otc.tw|1397666,10.8500,0,0,10.9000,10.7500,000000,20260907,otc_6109.tw_20260907,10.9000_10.9500_11.0000_11.0500_11.2000_,10.7000_10.6500_10.6000_10.5500_10.5000_,6109,13.otc.tw|1932,20260907,14:30:00,6109.tw,1788762600000,14:30:00,2_17_11_1_39_,3_34_18_15_13_,0,000000,-,10.8500,27,12,0.0000,10.7000,亞元,10.8000,0,otc,7,13:30:00,12.0000,113,9.8600,亞元科技股份有限公司,10.9500,10.8500,0,TPEX,
6111.tw,7,7,20.otc.tw|1397667,37.2000,0,0,37.1000,37.0000,000000,20260907,otc_6111.tw_20260907,37.5000_37.7000_37.8000_37.8500_37.9500_,37.2000_37.1500_37.1000_37.0500_37.0000_,6111,13.otc.tw|2100,20260907,14:30:00,6111.tw,1788762600000,14:30:00,1_1_1_2_4_,5_2_3_2_14_,0,000000,199,37.9500,32,12,37.1000,37.2000,光聚晶電,37.8500,0,otc,7,13:30:00,41.6000,70,34.1000,光聚晶電聯合股份有限公司,37.8500,37.2000,0,TPEX,
6113.tw,13,13,20.otc.tw|1397669,22.8500,0,0,22.8500,22.7500,000000,20260907,otc_6113.tw_20260907,23.0000_23.1000_23.1500_23.2500_23.4500_,22.8500_22.8000_22.7500_22.7000_22.6000_,6113,13.otc.tw|2268,20260907,14:30:00,6113.tw,1788762600000,14:30:00,1_22_10_2_2_,2_14_3_14_1_,0,000000,127,23.3000,29,12,22.8500,22.8500,亞矽,23.3000,0,otc,13,13:30:00,25.4500,158,20.8500,亞矽科技股份有限公司,23.1500,22.8500,0,TPEX,
6114.tw,-,-,20.otc.tw|1397670,-,0,0,25.0000,24.9500,000000,20260907,otc_6114.tw_20260907,24.9000_25.0500_25.1000_25.2000_25.3000_,24.7500_24.7000_24.6500_24.5500_24.5000_,6114,13.otc.tw|1512,20260907,14:30:00,6114.tw,1788762600000,14:30:00,1_2_2_1_4_,1_1_6_3_4_,0,000000,50,25.7500,28,12,25.0000,24.9000,久威,25.2000,0,otc,-,13:30:00,27.7500,9,22.7500,久威國際股份有限公司,25.2500,-,0,TPEX,
6118.tw,6,6,20.otc.tw|1397347,15.3000,0,0,15.3500,15.1000,000000,20260907,otc_6118.tw_20260907,15.3000_15.3500_15.4000_15.4500_15.5000_,15.1500_15.1000_15.0500_15.0000_14.9500_,6118,13.otc.tw|1680,20260907,14:30:00,6118.tw,1788762600000,14:30:00,10_3_12_1_2_,1_19_16_60_1_,0,000000,-,15.3000,29,12,0.0000,15.1000,建達,15.3000,0,otc,6,13:30:00,16.7000,89,13.7000,建達國際股份有限公司,15.2000,15.3000,0,TPEX,
6121.tw,52,45,9.otc.tw|724,386.5000,0,4,388.0000,387.5000,000000,20260907,otc_6121.tw_20260907,386.5000_387.0000_387.5000_388.0000_388.5000_,386.0000_385.5000_385.0000_384.5000_384.0000_,6121,13.otc.tw|1848,20260907,14:30:00,6121.tw,1788762600000,14:30:00,3_1_5_4_5_,1_6_32_3_23_,0,000000,434,394.0000,25,12,387.5000,383.0000,新普,394.0000,0,otc,52,13:30:00,436.5000,789,357.5000,新普科技股份有限公司,397.0000,386.5000,0,TPEX,
6122.tw,10,10,9.otc.tw|725,51.5000,0,1,51.4000,51.2000,000000,20260907,otc_6122.tw_20260907,51.5000_51.6000_51.7000_51.8000_51.9000_,51.4000_51.3000_51.2000_51.1000_51.0000_,6122,13.otc.tw|2016,20260907,14:30:00,6122.tw,1788762600000,14:30:00,7_1_1_12_1_,5_14_5_12_14_,0,000000,251,51.6000,05,12,51.2000,50.2000,擎邦,51.1000,0,otc,10,13:30:00,56.4000,326,46.2000,擎邦國際科技工程股份有限公司,51.3000,51.5000,0,TPEX,
6123.tw,-,-,20.otc.tw|1397350,-,0,0,43.9500,43.4500,000000,20260907,otc_6123.tw_20260907,43.6000_43.7500_43.8000_43.8500_43.9000_,43.5500_43.4500_43.4000_43.2500_43.1500_,6123,13.otc.tw|2184,20260907,14:30:00,6123.tw,1788762600000,14:30:00,2_1_4_4_1_,1_3_2_6_2_,0,000000,20,43.7000,30,12,43.9500,43.1500,上奇,43.7000,0,otc,-,13:30:00,47.9500,33,39.2500,上奇科技股份有限公司,43.6000,-,0,TPEX,
6124.tw,1,1,20.otc.tw|1397351,27.7000,0,0,27.7000,27.5000,000000,20260907,otc_6124.tw_20260907,27.6000_27.7000_27.7500_27.8500_27.9000_,27.5000_27.4500_27.4000_27.3500_27.3000_,6124,13.otc.tw|2352,20260907,14:30:00,6124.tw,1788762600000,14:30:00,1_3_3_1_1_,1_4_2_2_2_,0,000000,14,27.7500,28,12,27.5000,27.4500,業強,27.7000,0,otc,1,13:30:00,29.8500,22,24.4500,業強科技股份有限公司,27.1500,27.6000,0,TPEX,
6125.tw,63,63,20.otc.tw|1397352,50.8000,0,0,51.0000,50.9000,000000,20260907,otc_6125.tw_20260907,50.9000_51.0000_51.1000_51.2000_51.3000_,50.8000_50.7000_50.6000_50.5000_50.4000_,6125,13.otc.tw|1429,20260907,14:30:00,6125.tw,1788762600000,14:30:00,7_5_5_24_5_,65_25_24_66_14_,0,000000,1316,51.9000,05,12,51.0000,50.8000,廣運,51.8000,0,otc,63,13:30:00,56.6000,731,46.3500,廣運機械工程股份有限公司,51.5000,50.8000,0,TPEX,
6126.tw,11,11,20.otc.tw|1397354,29.0000,0,0,29.1000,29.0000,000000,20260907,otc_6126.tw_20260907,29.0000_29.0500_29.1000_29.1500_29.2000_,28.9500_28.9000_28.8500_28.8000_28.7500_,6126,13.otc.tw|1597,20260907,14:30:00,6126.tw,1788762600000,14:30:00,3_1_6_2_8_,7_137_195_69_51_,0,000000,413,29.5000,28,12,29.0000,28.8500,信音,29.5000,0,otc,11,13:30:00,32.0500,426,26.2500,信音企業股份有限公司,29.1500,29.0000,0,TPEX,
6127.tw,139,140,9.otc.tw|731,49.6500,0,3,51.3000,49.7500,000000,20260907,otc_6127.tw_20260907,49.7000_49.7500_49.8000_49.8500_49.9000_,49.6500_49.6000_49.5500_49.5000_49.4500_,6127,13.otc.tw|1765,20260907,14:30:00,6127.tw,1788762600000,14:30:00,9_1_2_3_15_,16_27_15_35_4_,0,000000,1,50.9000,28,12,49.7500,49.4500,九豪,50.0000,0,otc,139,13:30:00,53.9000,2483,44.1500,九豪精密陶瓷股份有限公司,49.0500,49.6500,0,TPEX,
6130.tw,1,1,20.otc.tw|1397357,26.3500,0,0,0.0000,26.0000,000000,20260907,otc_6130.tw_20260907,26.5000_26.5500_26.6000_26.6500_26.7000_,26.3500_26.2500_26.2000_26.1500_26.0500_,6130,13.otc.tw|1933,20260907,14:30:00,6130.tw,1788762600000,14:30:00,8_1_1_1_1_,1_1_1_3_2_,0,000000,-,26.7000,22,12,0.0000,25.9500,上亞科技,26.4500,0,otc,1,13:30:00,28.7000,62,23.5000,上亞科技股份有限公司,26.1000,26.3500,0,TPEX,
6134.tw,8,8,9.otc.tw|733,29.2000,0,1,29.2000,29.0000,000000,20260907,otc_6134.tw_20260907,29.2000_29.3000_29.3500_29.4000_29.4500_,29.1500_29.0000_28.9500_28.9000_28.8500_,6134,13.otc.tw|2101,20260907,14:30:00,6134.tw,1788762600000,14:30:00,31_1_1_5_1_,56_5_4_2_7_,0,000000,6,30.0000,28,12,29.0000,28.9500,萬旭,29.8000,0,otc,8,13:30:00,32.2000,191,26.4000,萬旭電業股份有限公司,29.3000,29.2000,0,TPEX,
6138.tw,27,27,9.otc.tw|734,288.0000,0,8,289.0000,288.5000,000000,20260907,otc_6138.tw_20260907,289.0000_289.5000_290.0000_290.5000_291.0000_,288.0000_287.5000_287.0000_286.5000_286.0000_,6138,13.otc.tw|2269,20260907,14:30:00,6138.tw,1788762600000,14:30:00,9_3_4_5_4_,17_7_8_12_13_,0,000000,1320,298.0000,24,12,289.0000,288.0000,茂達,294.0000,0,otc,27,13:30:00,315.0000,899,258.0000,茂達電子股份有限公司,286.5000,288.0000,0,TPEX,
6140.tw,23,23,20.otc.tw|1397361,16.2500,0,0,16.5000,16.2500,000000,20260907,otc_6140.tw_20260907,16.6500_16.9000_16.9500_17.0000_17.6000_,16.2500_16.2000_16.1500_16.1000_16.0000_,6140,13.otc.tw|1513,20260907,14:30:00,6140.tw,1788762600000,14:30:00,4_2_4_2_2_,1_3_1_3_4_,0,000000,136,16.7000,30,12,16.5000,16.2500,訊達,16.5000,0,otc,23,13:30:00,18.3500,40,15.0500,訊達電腦股份有限公司,16.7000,16.2500,0,TPEX,
6143.tw,52,48,9.otc.tw|736,86.5000,0,3,87.8000,87.4000,000000,20260907,otc_6143.tw_20260907,86.6000_86.7000_86.8000_86.9000_87.0000_,86.5000_86.4000_86.3000_86.2000_86.1000_,6143,13.otc.tw|1681,20260907,14:30:00,6143.tw,1788762600000,14:30:00,3_2_3_2_10_,34_12_10_7_6_,0,000000,30,88.0000,27,12,87.4000,86.4000,振曜,88.0000,0,otc,52,13:30:00,96.2000,321,78.8000,振曜科技股份有限公司,87.5000,86.5000,0,TPEX,
6144.tw,-,-,20.otc.tw|1397363,-,0,0,13.3000,12.6000,000000,20260907,otc_6144.tw_20260907,13.3000_13.3500_13.4000_13.5500_13.6000_,12.9000_12.8500_12.8000_12.7500_12.7000_,6144,13.otc.tw|1849,20260907,14:30:00,6144.tw,1788762600000,14:30:00,3_2_1_1_1_,3_2_1_2_1_,0,000000,-,13.3500,32,12,0.0000,12.9000,得利影,13.3500,0,otc,-,13:30:00,14.6000,3,12.0000,得利影視股份有限公司,13.3000,-,0,TPEX,
6146.tw,15,15,20.otc.tw|1397364,181.0000,0,0,182.0000,181.5000,000000,20260907,otc_6146.tw_20260907,181.0000_181.5000_182.0000_182.5000_183.0000_,180.5000_180.0000_179.5000_179.0000_178.5000_,6146,13.otc.tw|2017,20260907,14:30:00,6146.tw,1788762600000,14:30:00,4_6_19_4_2_,22_74_23_20_15_,0,000000,1219,182.5000,31,12,182.0000,180.0000,耕興,182.5000,0,otc,15,13:30:00,200.5000,207,164.5000,耕興股份有限公司,182.5000,181.0000,0,TPEX,
6147.tw,1254,1235,9.otc.tw|739,190.5000,0,60,191.0000,190.5000,000000,20260907,otc_6147.tw_20260907,191.0000_191.5000_192.0000_192.5000_193.0000_,190.5000_190.0000_189.5000_189.0000_188.5000_,6147,13.otc.tw|2185,20260907,14:30:00,6147.tw,1788762600000,14:30:00,265_74_78_39_138_,240_404_257_179_189_,0,000000,5865,198.0000,24,12,191.0000,182.5000,頎邦,184.5000,0,otc,1254,13:30:00,200.5000,47256,164.5000,頎邦科技股份有限公司,182.5000,191.0000,0,TPEX,
6148.tw,7,7,20.otc.tw|1397366,28.5000,0,0,28.5500,28.4500,000000,20260907,otc_6148.tw_20260907,28.5000_28.5500_28.6500_28.7000_28.9000_,28.3500_28.2000_27.9000_27.8500_27.8000_,6148,13.otc.tw|2353,20260907,14:30:00,6148.tw,1788762600000,14:30:00,3_1_4_1_1_,1_1_1_1_2_,0,000000,2,29.4000,30,12,28.4500,28.0000,驊宏資,29.4000,0,otc,7,13:30:00,31.5000,142,25.8000,驊宏資通股份有限公司,28.6500,28.4500,0,TPEX,
6150.tw,12,12,20.otc.tw|1397367,60.1000,0,0,62.3000,60.4000,000000,20260907,otc_6150.tw_20260907,60.2000_60.4000_60.5000_60.6000_60.9000_,60.0000_59.9000_59.8000_59.7000_59.6000_,6150,13.otc.tw|1430,20260907,14:30:00,6150.tw,1788762600000,14:30:00,1_1_4_2_1_,10_8_7_3_2_,0,000000,102,61.1000,25,12,62.3000,59.9000,撼訊,61.1000,0,otc,12,13:30:00,66.6000,133,54.6000,撼訊科技股份有限公司,60.6000,60.1000,0,TPEX,
6151.tw,6,6,20.otc.tw|1397162,35.0000,0,0,37.1000,35.1000,000000,20260907,otc_6151.tw_20260907,35.1500_35.2000_35.2500_35.3500_35.4500_,34.9500_34.9000_34.8500_34.8000_34.7500_,6151,13.otc.tw|1598,20260907,14:30:00,6151.tw,1788762600000,14:30:00,1_5_1_1_3_,12_8_20_9_3_,0,000000,-,35.3000,31,12,0.0000,34.9000,晉倫,35.3000,0,otc,6,13:30:00,38.8000,93,31.8000,晉倫科技股份有限公司,35.3000,35.0000,0,TPEX,
6154.tw,1,1,20.otc.tw|1397163,13.9500,0,0,14.0500,13.7000,000000,20260907,otc_6154.tw_20260907,13.9500_14.0000_14.0500_14.1000_14.1500_,13.9000_13.8500_13.8000_13.7500_13.6500_,6154,13.otc.tw|1766,20260907,14:30:00,6154.tw,1788762600000,14:30:00,1_1_4_1_7_,2_10_13_4_3_,0,000000,100,14.0500,29,12,13.7000,13.9500,順發,14.0500,0,otc,1,13:30:00,15.4500,10,12.6500,順發電腦股份有限公司,14.0500,13.9500,0,TPEX,
6156.tw,19,16,20.otc.tw|1397164,20.6000,0,0,20.6500,20.6000,000000,20260907,otc_6156.tw_20260907,20.6500_20.7000_20.7500_20.8000_20.8500_,20.6000_20.5500_20.5000_20.4500_20.4000_,6156,13.otc.tw|1934,20260907,14:30:00,6156.tw,1788762600000,14:30:00,1_19_11_19_17_,32_13_17_4_13_,0,000000,305,20.9500,28,12,20.6500,20.6000,松上,20.9500,0,otc,19,13:30:00,22.8500,200,18.7500,松上電子股份有限公司,20.8000,20.6000,0,TPEX,
6158.tw,2,2,20.otc.tw|1397166,17.3000,0,0,17.4000,17.1500,000000,20260907,otc_6158.tw_20260907,17.3500_17.4500_17.5000_17.6000_17.6500_,17.2000_17.1000_17.0500_17.0000_16.9000_,6158,13.otc.tw|2102,20260907,14:30:00,6158.tw,1788762600000,14:30:00,5_1_2_2_2_,1_1_3_4_1_,0,000000,1,17.5000,28,12,17.1500,17.1000,禾昌,17.3000,0,otc,2,13:30:00,19.1000,39,15.7000,禾昌興業股份有限公司,17.4000,17.3000,0,TPEX,
6160.tw,-,-,20.otc.tw|1397167,-,0,0,14.6500,14.4000,000000,20260907,otc_6160.tw_20260907,14.7000_14.7500_14.8500_14.9000_14.9500_,14.5500_14.5000_14.4000_14.3500_14.3000_,6160,13.otc.tw|2270,20260907,14:30:00,6160.tw,1788762600000,14:30:00,2_7_2_6_9_,5_15_2_2_16_,0,000000,225,15.0000,25,12,14.4000,14.5500,欣技,15.0000,0,otc,-,13:30:00,16.2000,24,13.3000,欣技資訊股份有限公司,14.7500,-,0,TPEX,
6161.tw,4,4,20.otc.tw|1397168,50.7000,0,0,50.9000,50.4000,000000,20260907,otc_6161.tw_20260907,50.8000_51.0000_51.1000_51.3000_51.4000_,50.7000_50.6000_50.5000_50.4000_50.3000_,6161,13.otc.tw|1514,20260907,14:30:00,6161.tw,1788762600000,14:30:00,1_1_2_2_1_,1_3_11_4_13_,0,000000,750,51.6000,25,12,50.4000,50.5000,捷波,51.6000,0,otc,4,13:30:00,56.7000,78,46.4500,捷波資訊股份有限公司,51.6000,50.7000,0,TPEX,
6163.tw,12,12,9.otc.tw|749,41.4000,0,2,42.0000,41.4000,000000,20260907,otc_6163.tw_20260907,41.4500_41.5500_41.6500_41.7500_41.8000_,41.4000_41.3500_41.2500_41.2000_41.1500_,6163,13.otc.tw|1682,20260907,14:30:00,6163.tw,1788762600000,14:30:00,3_1_5_1_1_,3_1_1_8_3_,0,000000,496,41.9500,30,12,41.4000,40.8000,華電網,41.6500,0,otc,12,13:30:00,45.3000,267,37.1000,華電聯網股份有限公司,41.2000,41.4000,0,TPEX,
6167.tw,33,33,9.otc.tw|750,10.1500,0,1,10.1500,10.1000,000000,20260907,otc_6167.tw_20260907,10.2500_10.3000_10.3500_10.4000_10.4500_,10.2000_10.1500_10.1000_10.0500_10.0000_,6167,13.otc.tw|1850,20260907,14:30:00,6167.tw,1788762600000,14:30:00,3_35_8_5_2_,2_59_68_106_22_,0,000000,1970,10.4500,26,12,10.1000,10.2000,久正,10.2000,0,otc,33,13:30:00,11.2000,193,9.1800,久正光電股份有限公司,10.2000,10.2000,0,TPEX,
6169.tw,-,-,20.otc.tw|1397172,-,0,0,12.2500,12.2000,000000,20260907,otc_6169.tw_20260907,12.4500_12.5000_12.5500_12.6000_12.7000_,12.2000_12.1500_12.1000_12.0500_12.0000_,6169,13.otc.tw|2018,20260907,14:30:00,6169.tw,1788762600000,14:30:00,1_1_1_1_1_,9_1_3_6_2_,0,000000,45,12.2000,32,12,12.2000,12.1000,昱泉,12.1000,0,otc,-,13:30:00,13.3500,6,10.9500,昱泉國際股份有限公司,12.1500,-,0,TPEX,
6170.tw,3,3,20.otc.tw|1397173,48.3000,0,0,48.5000,48.2500,000000,20260907,otc_6170.tw_20260907,48.3000_48.3500_48.5000_48.5500_48.6000_,48.2500_48.2000_48.1500_48.1000_48.0000_,6170,13.otc.tw|2186,20260907,14:30:00,6170.tw,1788762600000,14:30:00,2_2_1_2_1_,5_8_10_10_18_,0,000000,-,48.5000,27,12,0.0000,47.9500,統振,48.5000,0,otc,3,13:30:00,53.2000,63,43.6500,統振股份有限公司,48.4500,48.2500,0,TPEX,
6171.tw,3,3,20.otc.tw|1397174,25.8000,0,0,25.8000,25.6000,000000,20260907,otc_6171.tw_20260907,25.8000_25.8500_26.1000_26.1500_26.7000_,25.7000_25.6000_25.5500_25.5000_25.4000_,6171,13.otc.tw|2354,20260907,14:30:00,6171.tw,1788762600000,14:30:00,3_5_3_2_1_,1_3_4_2_6_,0,000000,-,27.0000,14,12,0.0000,25.5500,大城地產,25.9000,0,otc,3,13:30:00,28.8000,56,23.6000,大城地產股份有限公司,26.2000,25.8000,0,TPEX,
6173.tw,4,4,9.otc.tw|754,286.5000,0,1,0.0000,286.5000,000000,20260907,otc_6173.tw_20260907,-,286.5000_286.0000_285.5000_285.0000_284.5000_,6173,13.otc.tw|1431,20260907,14:30:00,6173.tw,1788762600000,14:30:00,-,6349_2_3_5_4_,0,000000,4635,286.5000,28,12,286.5000,273.0000,信昌電,273.5000,0,otc,4,13:30:00,286.5000,12170,234.5000,信昌電子陶瓷股份有限公司,260.5000,286.5000,0,TPEX,
6174.tw,26,25,9.otc.tw|755,45.3000,0,1,45.6000,45.5500,000000,20260907,otc_6174.tw_20260907,45.4500_45.5000_45.5500_45.6500_45.7000_,45.4000_45.3500_45.3000_45.2500_45.2000_,6174,13.otc.tw|1599,20260907,14:30:00,6174.tw,1788762600000,14:30:00,5_8_2_2_1_,2_1_22_1_2_,0,000000,904,45.8500,28,12,45.5500,43.6000,安碁,44.2000,0,otc,26,13:30:00,47.7000,691,39.1000,安碁科技股份有限公司,43.4000,45.4000,0,TPEX,
6175.tw,42,43,20.otc.tw|1397177,72.2000,0,0,74.4000,72.0000,000000,20260907,otc_6175.tw_20260907,72.3000_72.4000_72.5000_72.6000_72.7000_,72.2000_72.0000_71.9000_71.8000_71.6000_,6175,13.otc.tw|1767,20260907,14:30:00,6175.tw,1788762600000,14:30:00,4_2_3_10_3_,3_1_8_34_5_,0,000000,245,74.2000,28,12,72.0000,71.8000,立敦,73.1000,0,otc,42,13:30:00,78.9000,765,64.7000,立敦科技股份有限公司,71.8000,72.2000,0,TPEX,
6179.tw,146,142,20.otc.tw|1397179,30.1000,0,0,30.1000,30.0000,000000,20260907,otc_6179.tw_20260907,30.1500_30.2000_30.2500_30.3000_30.3500_,30.1000_30.0500_30.0000_29.9500_29.9000_,6179,13.otc.tw|1935,20260907,14:30:00,6179.tw,1788762600000,14:30:00,17_34_33_22_12_,7_18_30_1_3_,0,000000,1122,30.3000,20,12,30.0000,28.7000,亞通,29.8500,0,otc,146,13:30:00,32.5500,2952,26.6500,亞通利大能源股份有限公司,29.6000,30.1000,0,TPEX,
6180.tw,77,77,9.otc.tw|758,42.8500,0,1,42.6500,42.6000,000000,20260907,otc_6180.tw_20260907,42.8500_42.9000_42.9500_43.0000_43.0500_,42.6500_42.5000_42.3000_42.2500_42.2000_,6180,13.otc.tw|2103,20260907,14:30:00,6180.tw,1788762600000,14:30:00,14_11_7_15_5_,4_2_7_3_2_,0,000000,400,42.8500,32,12,42.6500,41.6500,橘子,42.3000,0,otc,77,13:30:00,45.9500,558,37.6500,遊戲橘子數位科技股份有限公司,41.8000,42.8500,0,TPEX,
6182.tw,2052,1833,9.otc.tw|759,111.0000,0,99,112.0000,111.5000,000000,20260907,otc_6182.tw_20260907,111.5000_112.0000_112.5000_113.0000_113.5000_,111.0000_110.5000_110.0000_109.5000_109.0000_,6182,13.otc.tw|2271,20260907,14:30:00,6182.tw,1788762600000,14:30:00,228_551_284_646_777_,1335_653_1205_234_556_,0,000000,14206,114.0000,24,12,112.0000,110.0000,合晶,112.0000,0,otc,2052,13:30:00,122.0000,40054,99.9000,合晶科技股份有限公司,111.0000,111.5000,0,TPEX,
6185.tw,4,4,20.otc.tw|1397185,12.7500,0,0,12.8500,12.8000,000000,20260907,otc_6185.tw_20260907,12.8000_12.8500_12.9000_12.9500_13.0000_,12.7500_12.7000_12.6500_12.6000_12.5500_,6185,13.otc.tw|1515,20260907,14:30:00,6185.tw,1788762600000,14:30:00,32_15_5_2_3_,1_7_60_96_6_,0,000000,745,12.8000,28,12,12.8000,12.6000,幃翔,12.7500,0,otc,4,13:30:00,14.0000,73,11.5000,幃翔精密股份有限公司,12.7500,12.7500,0,TPEX,
6186.tw,63,63,9.otc.tw|761,30.5000,0,18,30.6500,30.6000,000000,20260907,otc_6186.tw_20260907,30.5500_30.6000_30.6500_30.7000_30.7500_,30.5000_30.4500_30.4000_30.3500_30.3000_,6186,13.otc.tw|1683,20260907,14:30:00,6186.tw,1788762600000,14:30:00,5_10_3_3_11_,40_19_28_7_5_,0,000000,1191,31.5500,14,12,30.6500,30.4000,新潤,31.4500,0,otc,63,13:30:00,34.4000,930,28.2000,新潤興業股份有限公司,31.3000,30.5000,0,TPEX,
6187.tw,86,82,9.otc.tw|762,1370.0000,0,1,1380.0000,1375.0000,000000,20260907,otc_6187.tw_20260907,1375.0000_1380.0000_1385.0000_1390.0000_1395.0000_,1370.0000_1365.0000_1360.0000_1355.0000_1350.0000_,6187,13.otc.tw|1851,20260907,14:30:00,6187.tw,1788762600000,14:30:00,26_30_30_28_39_,28_27_7_12_25_,0,000000,825,1400.0000,24,12,1375.0000,1310.0000,萬潤,1320.0000,0,otc,86,13:30:00,1435.0000,2297,1175.0000,萬潤科技股份有限公司,1305.0000,1370.0000,0,TPEX,
6188.tw,41,36,9.otc.tw|764,65.6000,0,7,66.0000,65.6000,000000,20260907,otc_6188.tw_20260907,65.6000_65.7000_65.8000_65.9000_66.0000_,65.5000_65.4000_65.3000_65.2000_65.1000_,6188,13.otc.tw|2019,20260907,14:30:00,6188.tw,1788762600000,14:30:00,11_12_7_6_27_,14_14_13_14_33_,0,000000,943,66.8000,25,12,65.6000,65.5000,廣明,66.6000,0,otc,41,13:30:00,73.2000,653,60.0000,廣明光電股份有限公司,66.6000,65.5000,0,TPEX,
6190.tw,93,93,20.otc.tw|1396996,67.1000,0,0,67.4000,67.3000,000000,20260907,otc_6190.tw_20260907,67.1000_67.2000_67.3000_67.4000_67.5000_,67.0000_66.9000_66.8000_66.7000_66.6000_,6190,13.otc.tw|2187,20260907,14:30:00,6190.tw,1788762600000,14:30:00,2_7_6_4_5_,65_18_21_9_24_,0,000000,220,68.8000,27,12,67.4000,67.0000,萬泰科,68.8000,0,otc,93,13:30:00,74.8000,1331,61.2000,萬泰科技股份有限公司,68.0000,67.1000,0,TPEX,
6194.tw,7,7,20.otc.tw|1396998,29.7000,0,0,29.7000,29.5000,000000,20260907,otc_6194.tw_20260907,29.7000_29.8000_29.8500_29.9000_30.0000_,29.6500_29.6000_29.5500_29.4000_29.2500_,6194,13.otc.tw|2355,20260907,14:30:00,6194.tw,1788762600000,14:30:00,1_1_1_1_2_,8_10_2_1_2_,0,000000,-,29.7000,28,12,0.0000,29.6000,育富,29.6000,0,otc,7,13:30:00,32.6000,16,26.7000,育富電子股份有限公司,29.6500,29.7000,0,TPEX,
6195.tw,-,-,20.otc.tw|1396999,-,0,0,27.7000,27.0000,000000,20260907,otc_6195.tw_20260907,27.8000_27.9000_27.9500_28.0000_28.2000_,27.7000_27.6000_27.5000_26.5000_26.1000_,6195,13.otc.tw|1432,20260907,14:30:00,6195.tw,1788762600000,14:30:00,1_2_1_5_16_,7_16_4_1_1_,0,000000,170,27.8000,38,12,27.7000,27.7000,詩肯,27.8000,0,otc,-,13:30:00,30.5000,16,25.0000,詩肯股份有限公司,27.7500,-,0,TPEX,
6198.tw,-,-,20.otc.tw|1397001,-,0,0,19.5000,19.3500,000000,20260907,otc_6198.tw_20260907,19.7500_19.9000_19.9500_21.7000_,19.4000_19.3500_19.3000_19.2500_19.2000_,6198,13.otc.tw|1600,20260907,14:30:00,6198.tw,1788762600000,14:30:00,2_1_1_8_,5_7_5_7_4_,0,000000,16,19.7000,14,12,19.3500,19.5000,瑞築,19.7000,0,otc,-,13:30:00,21.7000,2,17.8000,瑞築建設股份有限公司,19.7500,-,0,TPEX,
6199.tw,30,30,20.otc.tw|1397002,96.5000,0,0,96.5000,95.7000,000000,20260907,otc_6199.tw_20260907,96.2000_96.3000_96.4000_96.5000_96.6000_,95.8000_95.7000_95.6000_95.5000_95.4000_,6199,13.otc.tw|1768,20260907,14:30:00,6199.tw,1788762600000,14:30:00,2_2_2_3_4_,1_1_1_1_3_,0,000000,-,97.2000,20,12,0.0000,95.0000,天品,96.1000,0,otc,30,13:30:00,105.5000,1582,86.5000,天品聯合企業股份有限公司,96.1000,96.2000,0,TPEX,
6203.tw,-,-,20.otc.tw|1397005,-,0,0,60.4000,60.3000,000000,20260907,otc_6203.tw_20260907,60.7000_60.8000_60.9000_61.0000_61.1000_,60.2000_60.1000_60.0000_59.9000_59.8000_,6203,13.otc.tw|1936,20260907,14:30:00,6203.tw,1788762600000,14:30:00,5_6_1_1_3_,2_3_60_13_2_,0,000000,56,60.6000,28,12,60.4000,60.1000,海韻電,60.5000,0,otc,-,13:30:00,66.7000,32,54.7000,海韻電子工業股份有限公司,60.7000,-,0,TPEX,
6204.tw,28,28,20.otc.tw|1397006,91.1000,0,0,91.1000,90.6000,000000,20260907,otc_6204.tw_20260907,91.7000_91.8000_92.0000_92.3000_92.4000_,91.1000_91.0000_90.9000_90.8000_90.6000_,6204,13.otc.tw|2104,20260907,14:30:00,6204.tw,1788762600000,14:30:00,3_1_1_1_1_,5_8_2_1_1_,0,000000,100,93.8000,28,12,91.1000,91.0000,艾華,93.3000,0,otc,28,13:30:00,100.5000,391,82.5000,台灣艾華電子工業股份有限公司,91.6000,91.1000,0,TPEX,
6207.tw,299,299,9.otc.tw|776,112.5000,0,26,113.0000,112.5000,000000,20260907,otc_6207.tw_20260907,112.5000_113.0000_113.5000_114.0000_114.5000_,112.0000_111.5000_111.0000_110.5000_110.0000_,6207,13.otc.tw|2272,20260907,14:30:00,6207.tw,1788762600000,14:30:00,23_63_77_107_94_,101_80_107_65_115_,0,000000,1770,115.0000,28,12,112.5000,110.0000,雷科,113.5000,0,otc,299,13:30:00,122.0000,5705,99.9000,雷科股份有限公司,111.0000,112.5000,0,TPEX,
6208.tw,11,11,20.otc.tw|1397010,75.0000,0,0,75.0000,74.3000,000000,20260907,otc_6208.tw_20260907,75.3000_75.4000_75.5000_75.8000_75.9000_,75.0000_74.9000_74.5000_74.4000_74.3000_,6208,13.otc.tw|1516,20260907,14:30:00,6208.tw,1788762600000,14:30:00,3_2_24_5_1_,2_1_13_1_5_,0,000000,1458,75.5000,24,12,74.3000,73.0000,日揚,74.3000,0,otc,11,13:30:00,81.6000,156,66.8000,日揚科技股份有限公司,74.2000,75.0000,0,TPEX,
6210.tw,-,-,20.otc.tw|1397012,-,0,0,18.6000,17.6000,000000,20260907,otc_6210.tw_20260907,17.6000_17.7500_17.8000_18.0000_18.1000_,17.2000_17.1000_17.0500_17.0000_16.6000_,6210,13.otc.tw|1684,20260907,14:30:00,6210.tw,1788762600000,14:30:00,2_2_2_4_3_,2_2_1_1_1_,0,000000,-,17.5000,28,12,0.0000,17.5000,慶生,17.5000,0,otc,-,13:30:00,19.5000,1,16.0000,慶生電子股份有限公司,17.7500,-,0,TPEX,
6212.tw,-,-,20.otc.tw|1397013,-,0,0,32.0500,30.9000,000000,20260907,otc_6212.tw_20260907,32.0000_32.5000_34.8000_34.8500_,31.6500_31.2500_31.2000_31.1000_31.0500_,6212,13.otc.tw|1852,20260907,14:30:00,6212.tw,1788762600000,14:30:00,1_1_1_6_,1_1_1_1_1_,0,000000,-,31.9500,14,12,0.0000,30.9500,理銘,31.7500,0,otc,-,13:30:00,34.8500,6,28.5500,理銘開發股份有限公司,31.7000,-,0,TPEX,
6217.tw,293,278,9.otc.tw|782,181.0000,0,9,183.0000,182.0000,000000,20260907,otc_6217.tw_20260907,182.0000_182.5000_183.0000_183.5000_184.0000_,181.5000_181.0000_180.5000_180.0000_179.5000_,6217,13.otc.tw|2020,20260907,14:30:00,6217.tw,1788762600000,14:30:00,32_8_13_7_4_,9_14_7_78_25_,0,000000,624,193.0000,28,12,182.0000,179.5000,中探針,191.5000,0,otc,293,13:30:00,207.0000,5502,170.0000,中國探針股份有限公司,188.5000,181.5000,0,TPEX,
6218.tw,118,118,9.otc.tw|783,44.5500,0,22,44.6000,44.5500,000000,20260907,otc_6218.tw_20260907,44.5500_44.6000_44.6500_44.7000_44.7500_,44.5000_44.0500_44.0000_43.9500_43.9000_,6218,13.otc.tw|2188,20260907,14:30:00,6218.tw,1788762600000,14:30:00,3_7_8_17_1_,1_2_4_3_1_,0,000000,651,45.5000,27,12,44.5500,42.7000,豪勉,43.2000,0,otc,118,13:30:00,46.4500,2921,38.0500,豪勉科技股份有限公司,42.2500,44.5500,0,TPEX,
6219.tw,6,6,20.otc.tw|1397016,12.4000,0,0,12.4500,12.4000,000000,20260907,otc_6219.tw_20260907,12.4500_12.5000_12.5500_12.6000_12.7000_,12.3500_12.3000_12.2500_12.2000_12.1500_,6219,13.otc.tw|2356,20260907,14:30:00,6219.tw,1788762600000,14:30:00,1_2_4_16_12_,2_6_14_11_3_,0,000000,100,12.6000,14,12,12.4000,12.3500,富旺,12.6000,0,otc,6,13:30:00,13.8500,24,11.3500,富旺國際開發股份有限公司,12.6000,12.4000,0,TPEX,
6220.tw,1,1,20.otc.tw|1396823,25.8500,0,0,25.8000,25.7000,000000,20260907,otc_6220.tw_20260907,25.8500_25.9000_25.9500_26.0000_26.0500_,25.8000_25.6000_25.5500_25.5000_25.4500_,6220,13.otc.tw|1433,20260907,14:30:00,6220.tw,1788762600000,14:30:00,1_1_3_7_1_,1_19_9_4_14_,0,000000,25,25.8500,28,12,25.8000,25.4000,岳豐,25.6500,0,otc,1,13:30:00,28.3500,116,23.2500,岳豐科技股份有限公司,25.8000,25.8500,0,TPEX,
6221.tw,3,3,20.otc.tw|1396825,21.4000,0,0,21.3500,21.2500,000000,20260907,otc_6221.tw_20260907,21.4500_21.5000_21.5500_21.6000_21.6500_,21.3500_21.3000_21.2500_21.2000_21.1500_,6221,13.otc.tw|1601,20260907,14:30:00,6221.tw,1788762600000,14:30:00,2_3_3_2_1_,1_10_5_5_1_,0,000000,244,21.4500,30,12,21.2500,21.3000,晉泰,21.4500,0,otc,3,13:30:00,23.5500,104,19.3500,晉泰科技股份有限公司,21.4500,21.4000,0,TPEX,
6222.tw,1,1,20.otc.tw|1396826,19.9500,0,0,20.0500,19.3500,000000,20260907,otc_6222.tw_20260907,19.9500_20.0000_20.1500_,19.8500_19.6500_19.5000_19.4000_19.2000_,6222,13.otc.tw|1769,20260907,14:30:00,6222.tw,1788762600000,14:30:00,2_15_2_,1_3_1_1_1_,0,000000,-,19.9500,26,12,0.0000,19.7000,立軒,19.9500,0,otc,1,13:30:00,22.0000,5,18.0000,立軒開發建設股份有限公司,20.0000,19.9500,0,TPEX,
6223.tw,53,51,9.otc.tw|789,5500.0000,0,1,5485.0000,5480.0000,000000,20260907,otc_6223.tw_20260907,5490.0000_5495.0000_5500.0000_5505.0000_5510.0000_,5480.0000_5470.0000_5460.0000_5450.0000_5445.0000_,6223,13.otc.tw|1937,20260907,14:30:00,6223.tw,1788762600000,14:30:00,1_2_11_3_4_,1_4_1_1_2_,0,000000,785,5575.0000,24,12,5480.0000,5165.0000,旺矽,5225.0000,0,otc,53,13:30:00,5670.0000,1048,4640.0000,旺矽科技股份有限公司,5155.0000,5490.0000,0,TPEX,
6227.tw,20,18,9.otc.tw|791,111.5000,0,1,115.5000,112.0000,000000,20260907,otc_6227.tw_20260907,112.0000_112.5000_113.0000_113.5000_114.0000_,111.5000_111.0000_110.5000_110.0000_109.5000_,6227,13.otc.tw|2105,20260907,14:30:00,6227.tw,1788762600000,14:30:00,1_37_17_14_11_,32_69_34_39_26_,0,000000,145,115.0000,29,12,112.0000,111.0000,茂綸,115.0000,0,otc,20,13:30:00,124.5000,371,102.5000,茂綸股份有限公司,113.5000,111.5000,0,TPEX,
6228.tw,-,-,20.otc.tw|1396830,-,0,,0.0000,15.6500,000000,20260907,otc_6228.tw_20260907,17.8000_17.8500_17.9000_17.9500_18.0000_,16.0500_16.0000_15.9500_15.9000_15.8500_,6228,13.otc.tw|2273,20260907,14:30:00,6228.tw,1788762600000,14:30:00,1_1_3_1_2_,2_1_2_3_1_,0,000000,-,-,25,12,0.0000,-,全譜,-,0,otc,-,13:30:00,19.0000,0,15.6000,全譜科技股份有限公司,17.3000,-,0,TPEX,
6229.tw,2,2,20.otc.tw|1396831,23.9000,0,0,24.0000,23.9000,000000,20260907,otc_6229.tw_20260907,23.9500_24.0000_24.0500_24.1000_24.1500_,23.8500_23.8000_23.7500_23.7000_23.6500_,6229,13.otc.tw|1517,20260907,14:30:00,6229.tw,1788762600000,14:30:00,8_5_6_2_6_,1_5_4_22_4_,0,000000,-,24.0000,24,12,0.0000,23.5500,研通,23.5500,0,otc,2,13:30:00,26.0000,91,21.3000,研通科技股份有限公司,23.6500,23.9000,0,TPEX,
6231.tw,11,10,20.otc.tw|1396832,214.0000,0,0,215.5000,215.0000,000000,20260907,otc_6231.tw_20260907,214.5000_215.0000_215.5000_216.0000_217.5000_,213.5000_213.0000_212.5000_212.0000_211.5000_,6231,13.otc.tw|1685,20260907,14:30:00,6231.tw,1788762600000,14:30:00,10_3_4_5_1_,2_4_3_7_3_,0,000000,209,214.5000,30,12,215.5000,212.0000,系微,214.5000,0,otc,11,13:30:00,233.0000,106,191.0000,系微股份有限公司,212.0000,214.0000,0,TPEX,
6233.tw,1,1,20.otc.tw|1396833,21.0000,0,0,22.3000,20.7000,000000,20260907,otc_6233.tw_20260907,21.1000_21.1500_21.2000_21.4000_21.5000_,20.9000_20.8500_20.7500_20.7000_20.6500_,6233,13.otc.tw|1853,20260907,14:30:00,6233.tw,1788762600000,14:30:00,12_6_2_2_4_,10_16_8_12_5_,0,000000,-,21.1000,24,12,0.0000,20.8500,旺玖,21.0500,0,otc,1,13:30:00,22.9000,76,18.8000,旺玖科技股份有限公司,20.8500,21.0000,0,TPEX,
6234.tw,8,8,9.otc.tw|795,35.8000,0,3,35.9000,35.8500,000000,20260907,otc_6234.tw_20260907,35.8000_35.9500_36.0000_36.1500_36.2000_,35.7500_35.6500_35.6000_35.5500_35.5000_,6234,13.otc.tw|2021,20260907,14:30:00,6234.tw,1788762600000,14:30:00,3_7_14_1_3_,4_13_4_5_11_,0,000000,85,36.3000,26,12,35.9000,34.2000,高僑,34.4500,0,otc,8,13:30:00,37.6000,398,30.8000,高僑自動化科技股份有限公司,34.2000,35.7500,0,TPEX,
6236.tw,-,-,20.otc.tw|1396835,-,0,,18.8500,16.9500,000000,20260907,otc_6236.tw_20260907,18.9000_18.9500_19.2000_19.3000_19.9000_,-,6236,13.otc.tw|2189,20260907,14:30:00,6236.tw,1788762600000,14:30:00,1_1_2_2_2_,-,0,000000,-,-,36,12,0.0000,-,中湛,-,0,otc,-,13:30:00,20.6000,0,16.9000,中湛股份有限公司,18.7500,-,0,TPEX,
6237.tw,6,6,20.otc.tw|1396836,35.2000,0,0,37.8000,35.2000,000000,20260907,otc_6237.tw_20260907,35.2000_35.3000_35.3500_35.5000_35.6000_,35.0500_35.0000_34.9500_34.9000_34.8500_,6237,13.otc.tw|2357,20260907,14:30:00,6237.tw,1788762600000,14:30:00,6_2_3_1_5_,2_8_2_7_1_,0,000000,51,35.2500,24,12,35.2000,35.0000,驊訊,35.0500,0,otc,6,13:30:00,38.7000,126,31.7000,驊訊電子企業股份有限公司,35.2000,35.1500,0,TPEX,
6240.tw,15,15,20.otc.tw|1396837,22.8500,0,0,22.9500,22.7500,000000,20260907,otc_6240.tw_20260907,23.4500_23.5000_23.8000_23.8500_23.9000_,22.8500_22.7500_22.7000_,6240,13.otc.tw|1434,20260907,14:30:00,6240.tw,1788762600000,14:30:00,1_1_1_6_2_,5_1_39_,0,000000,86,25.2500,30,12,22.7500,22.8000,松崗,24.8500,0,otc,15,13:30:00,27.7000,248,22.7000,松崗國際興業股份有限公司,25.2000,22.8500,0,TPEX,
6241.tw,12,12,20.otc.tw|1396838,15.9000,0,0,16.3000,16.0000,000000,20260907,otc_6241.tw_20260907,16.3000_16.3500_16.5000_16.5500_16.6000_,15.9000_15.8500_15.8000_15.7500_15.7000_,6241,13.otc.tw|1602,20260907,14:30:00,6241.tw,1788762600000,14:30:00,3_7_2_2_2_,4_3_2_2_2_,0,000000,1229,16.9000,27,12,16.3000,15.8500,鑫永洋,16.6000,0,otc,12,13:30:00,18.4000,128,15.1000,鑫永洋科技股份有限公司,16.7500,15.9000,0,TPEX,
6242.tw,-,-,20.otc.tw|1396839,-,0,0,34.3000,33.8000,000000,20260907,otc_6242.tw_20260907,34.2500_34.3000_34.5000_34.8500_35.0000_,34.0000_33.9000_33.8500_33.8000_33.7500_,6242,13.otc.tw|1770,20260907,14:30:00,6242.tw,1788762600000,14:30:00,1_2_1_1_3_,1_1_1_3_1_,0,000000,150,34.3000,22,12,33.8000,33.8000,立康,33.8000,0,otc,-,13:30:00,37.4000,3,30.6000,立康生醫事業股份有限公司,34.0000,-,0,TPEX,
6244.tw,106,106,20.otc.tw|1396841,23.4500,0,0,23.4000,23.3000,000000,20260907,otc_6244.tw_20260907,23.5000_23.5500_23.6000_23.6500_23.7000_,23.4500_23.4000_23.3500_23.3000_23.2500_,6244,13.otc.tw|1938,20260907,14:30:00,6244.tw,1788762600000,14:30:00,6_21_23_23_21_,17_59_19_56_47_,0,000000,1487,23.6000,26,12,23.3000,23.2500,茂迪,23.6000,0,otc,106,13:30:00,25.7000,1040,21.1000,茂迪股份有限公司,23.4000,23.4500,0,TPEX,
6245.tw,18,18,9.otc.tw|801,79.3000,0,1,79.4000,79.3000,000000,20260907,otc_6245.tw_20260907,79.3000_79.4000_79.5000_79.6000_79.7000_,79.2000_79.1000_79.0000_78.8000_78.7000_,6245,13.otc.tw|2106,20260907,14:30:00,6245.tw,1788762600000,14:30:00,2_7_14_3_4_,4_5_3_3_1_,0,000000,132,79.4000,27,12,79.3000,77.5000,立端,79.0000,0,otc,18,13:30:00,86.0000,394,70.4000,立端科技股份有限公司,78.2000,79.3000,0,TPEX,
6246.tw,6,6,20.otc.tw|1396843,12.8500,0,0,12.9500,12.7000,000000,20260907,otc_6246.tw_20260907,13.0000_13.1000_13.1500_13.2000_13.2500_,12.8500_12.8000_12.6500_12.6000_12.5000_,6246,13.otc.tw|2274,20260907,14:30:00,6246.tw,1788762600000,14:30:00,1_2_2_4_2_,1_2_1_3_1_,0,000000,83,13.1500,26,12,12.7000,12.8500,臺龍,12.8500,0,otc,6,13:30:00,14.0500,23,11.5500,臺龍電子股份有限公司,12.8000,12.9000,0,TPEX,
6248.tw,3,3,20.otc.tw|1396844,16.9000,0,0,16.9500,16.8000,000000,20260907,otc_6248.tw_20260907,16.9000_16.9500_17.0000_17.1000_17.1500_,16.8500_16.8000_16.7500_16.7000_16.6500_,6248,13.otc.tw|1518,20260907,14:30:00,6248.tw,1788762600000,14:30:00,5_6_14_3_2_,2_17_10_14_53_,0,000000,991,16.9500,10,12,16.8000,16.8000,沛波,16.9500,0,otc,3,13:30:00,18.6000,39,15.3000,沛波鋼鐵股份有限公司,16.9500,16.9000,0,TPEX,
6259.tw,14,12,9.otc.tw|804,30.0000,0,2,30.0500,30.0000,000000,20260907,otc_6259.tw_20260907,30.0000_30.0500_30.2500_30.3500_30.4000_,29.9500_29.9000_29.8500_29.8000_29.7500_,6259,13.otc.tw|1686,20260907,14:30:00,6259.tw,1788762600000,14:30:00,1_1_11_1_4_,4_14_25_12_1_,0,000000,-,30.9000,28,12,0.0000,29.9000,百徽,30.6000,0,otc,14,13:30:00,33.1500,179,27.1500,百徽股份有限公司,30.1500,29.9500,0,TPEX,
6261.tw,16,16,9.otc.tw|805,79.3000,0,1,79.3000,79.2000,000000,20260907,otc_6261.tw_20260907,79.4000_79.5000_79.6000_79.7000_79.8000_,79.2000_79.1000_79.0000_78.9000_78.8000_,6261,13.otc.tw|1854,20260907,14:30:00,6261.tw,1788762600000,14:30:00,3_4_10_1_2_,1_2_5_1_1_,0,000000,45,80.4000,24,12,79.3000,77.7000,久元,79.9000,0,otc,16,13:30:00,86.2000,399,70.6000,久元電子股份有限公司,78.4000,79.3000,0,TPEX,
6263.tw,6,6,20.otc.tw|1398003,170.5000,0,0,171.5000,169.0000,000000,20260907,otc_6263.tw_20260907,170.5000_171.0000_171.5000_172.0000_172.5000_,170.0000_169.5000_169.0000_168.5000_168.0000_,6263,13.otc.tw|2022,20260907,14:30:00,6263.tw,1788762600000,14:30:00,1_4_2_8_10_,4_4_8_6_14_,0,000000,25,173.5000,27,12,170.0000,168.0000,普萊德,171.5000,0,otc,6,13:30:00,186.0000,195,153.0000,普萊德科技股份有限公司,169.5000,170.5000,0,TPEX,
6264.tw,-,-,20.otc.tw|1398004,-,0,0,6.0000,5.9000,000000,20260907,otc_6264.tw_20260907,6.0200_6.0300_6.0400_6.0500_6.0700_,5.9200_5.9100_5.9000_5.8000_5.7400_,6264,13.otc.tw|2190,20260907,14:30:00,6264.tw,1788762600000,14:30:00,3_13_4_2_2_,11_4_7_3_1_,0,000000,-,6.0300,14,12,0.0000,5.9300,富裔,5.9400,0,otc,-,13:30:00,6.6100,35,5.4100,富裔實業股份有限公司,6.0100,-,0,TPEX,
6265.tw,115,105,9.otc.tw|808,54.8000,0,4,55.3000,55.2000,000000,20260907,otc_6265.tw_20260907,54.9000_55.0000_55.1000_55.2000_55.3000_,54.8000_54.7000_54.6000_54.5000_54.4000_,6265,13.otc.tw|2358,20260907,14:30:00,6265.tw,1788762600000,14:30:00,5_30_11_10_12_,10_20_18_29_27_,0,000000,22,56.1000,29,12,55.3000,54.3000,方土昶,55.0000,0,otc,115,13:30:00,59.6000,2581,48.8000,方土昶股份有限公司,54.2000,54.8000,0,TPEX,
6266.tw,3,3,20.otc.tw|1398006,24.7000,0,0,24.8000,24.7000,000000,20260907,otc_6266.tw_20260907,24.7000_24.7500_24.8000_24.9500_25.0000_,24.6000_24.5500_24.5000_24.4500_24.4000_,6266,13.otc.tw|1435,20260907,14:30:00,6266.tw,1788762600000,14:30:00,4_25_2_6_8_,2_38_14_17_25_,0,000000,76,24.7500,28,12,24.7000,24.5500,泰詠,24.7500,0,otc,3,13:30:00,27.2000,59,22.3000,泰詠電子股份有限公司,24.7500,24.7000,0,TPEX,
6270.tw,4,4,9.otc.tw|810,28.6500,0,1,28.5000,28.4500,000000,20260907,otc_6270.tw_20260907,28.7000_28.7500_28.8000_28.9000_28.9500_,28.6500_28.6000_28.5500_28.5000_28.4500_,6270,13.otc.tw|1603,20260907,14:30:00,6270.tw,1788762600000,14:30:00,5_3_3_10_2_,7_2_2_15_20_,0,000000,986,28.8000,29,12,28.4500,28.5000,倍微,28.7000,0,otc,4,13:30:00,31.3500,91,25.6500,倍微科技股份有限公司,28.5000,28.6500,0,TPEX,
6274.tw,285,285,9.otc.tw|811,1370.0000,0,6,1385.0000,1380.0000,000000,20260907,otc_6274.tw_20260907,1375.0000_1380.0000_1385.0000_1390.0000_1395.0000_,1370.0000_1365.0000_1360.0000_1355.0000_1350.0000_,6274,13.otc.tw|1771,20260907,14:30:00,6274.tw,1788762600000,14:30:00,33_38_82_49_51_,14_55_89_106_79_,0,000000,1199,1405.0000,28,12,1385.0000,1345.0000,台燿,1395.0000,0,otc,285,13:30:00,1500.0000,5580,1230.0000,台燿科技股份有限公司,1365.0000,1370.0000,0,TPEX,
6275.tw,51,50,9.otc.tw|812,46.2500,0,1,46.4000,46.3000,000000,20260907,otc_6275.tw_20260907,46.3000_46.4000_46.4500_46.5000_46.5500_,46.2500_46.2000_46.1500_46.1000_46.0500_,6275,13.otc.tw|1939,20260907,14:30:00,6275.tw,1788762600000,14:30:00,2_2_2_2_4_,5_16_2_4_2_,0,000000,40,47.7000,28,12,46.3000,46.2500,元山,47.7000,0,otc,51,13:30:00,52.9000,507,43.3500,元山科技工業股份有限公司,48.1500,46.2500,0,TPEX,
6276.tw,1,1,20.otc.tw|1398012,20.6000,0,0,20.7000,20.3500,000000,20260907,otc_6276.tw_20260907,20.7000_20.8000_20.9000_20.9500_21.0000_,20.5000_20.4500_20.4000_20.1500_20.1000_,6276,13.otc.tw|2107,20260907,14:30:00,6276.tw,1788762600000,14:30:00,5_4_3_1_5_,3_1_2_1_3_,0,000000,1,20.8000,25,12,20.3500,20.0000,安鈦克,20.3500,0,otc,1,13:30:00,22.7500,29,18.6500,安鈦克科技股份有限公司,20.7000,20.6000,0,TPEX,
6279.tw,36,37,9.otc.tw|814,114.0000,0,2,115.0000,114.5000,000000,20260907,otc_6279.tw_20260907,114.0000_114.5000_115.0000_115.5000_116.0000_,113.5000_113.0000_112.5000_112.0000_111.5000_,6279,13.otc.tw|2275,20260907,14:30:00,6279.tw,1788762600000,14:30:00,9_10_30_21_14_,53_79_66_60_20_,0,000000,426,117.0000,28,12,114.5000,113.5000,胡連,117.0000,0,otc,36,13:30:00,129.0000,1006,106.0000,胡連精密股份有限公司,117.5000,114.0000,0,TPEX,
6284.tw,48,46,9.otc.tw|816,79.9000,0,2,80.4000,80.1000,000000,20260907,otc_6284.tw_20260907,80.0000_80.1000_80.2000_80.3000_80.4000_,79.8000_79.7000_79.6000_79.5000_79.4000_,6284,13.otc.tw|1519,20260907,14:30:00,6284.tw,1788762600000,14:30:00,8_4_9_10_3_,21_7_16_11_1_,0,000000,850,81.4000,28,12,80.4000,79.1000,佳邦,80.4000,0,otc,48,13:30:00,87.0000,1109,71.2000,佳邦科技股份有限公司,79.1000,79.9000,0,TPEX,
6290.tw,304,276,9.otc.tw|818,269.5000,0,6,270.5000,270.0000,000000,20260907,otc_6290.tw_20260907,270.0000_270.5000_271.0000_271.5000_272.0000_,269.5000_269.0000_268.5000_268.0000_267.5000_,6290,13.otc.tw|1687,20260907,14:30:00,6290.tw,1788762600000,14:30:00,39_18_51_8_44_,11_30_3_4_8_,0,000000,860,283.0000,28,12,270.0000,266.0000,良維,278.0000,0,otc,304,13:30:00,297.0000,6022,243.0000,良維科技股份有限公司,270.0000,269.5000,0,TPEX,
6291.tw,72,74,20.otc.tw|1398019,442.5000,0,0,450.0000,445.5000,000000,20260907,otc_6291.tw_20260907,444.0000_445.0000_445.5000_446.0000_447.0000_,442.5000_442.0000_441.5000_441.0000_440.5000_,6291,13.otc.tw|1855,20260907,14:30:00,6291.tw,1788762600000,14:30:00,2_1_2_188_1_,8_31_10_8_3_,0,000000,139,459.5000,24,12,445.5000,440.5000,沛亨,457.0000,0,otc,72,13:30:00,502.0000,1166,411.0000,沛亨半導體股份有限公司,456.5000,442.5000,0,TPEX,
6292.tw,20,20,9.otc.tw|820,65.8000,0,2,65.8000,65.4000,000000,20260907,otc_6292.tw_20260907,65.8000_65.9000_66.0000_66.1000_66.2000_,65.7000_65.6000_65.5000_65.4000_65.3000_,6292,13.otc.tw|2023,20260907,14:30:00,6292.tw,1788762600000,14:30:00,4_6_18_4_10_,1_2_4_2_17_,0,000000,76,65.9000,28,12,65.8000,61.1000,迅德,62.0000,0,otc,20,13:30:00,68.2000,762,55.8000,迅德興業股份有限公司,62.0000,65.8000,0,TPEX,
6294.tw,1,1,20.otc.tw|1398021,28.8000,0,0,28.8000,28.7000,000000,20260907,otc_6294.tw_20260907,28.8000_29.0000_29.0500_29.1000_29.2000_,28.6500_28.6000_28.1500_28.1000_28.0500_,6294,13.otc.tw|2191,20260907,14:30:00,6294.tw,1788762600000,14:30:00,1_1_1_1_1_,4_2_4_5_4_,0,000000,293,28.9500,32,12,28.7000,28.7000,智基,28.7500,0,otc,1,13:30:00,31.6000,11,25.9000,智基科技開發股份有限公司,28.7500,28.8000,0,TPEX,
6411.tw,10,10,20.otc.tw|1398022,80.3000,0,0,82.8000,80.5000,000000,20260907,otc_6411.tw_20260907,80.4000_80.5000_80.6000_80.7000_80.8000_,80.2000_80.1000_80.0000_79.9000_79.8000_,6411,13.otc.tw|2359,20260907,14:30:00,6411.tw,1788762600000,14:30:00,1_1_3_2_3_,9_9_3_2_13_,0,000000,203,81.0000,24,12,80.5000,80.0000,晶焱,81.0000,0,otc,10,13:30:00,88.2000,110,72.2000,晶焱科技股份有限公司,80.2000,80.3000,0,TPEX,
6417.tw,7,7,20.otc.tw|1398023,106.5000,0,0,107.0000,105.0000,000000,20260907,otc_6417.tw_20260907,107.0000_107.5000_108.0000_108.5000_109.0000_,106.5000_106.0000_105.5000_105.0000_104.5000_,6417,13.otc.tw|1436,20260907,14:30:00,6417.tw,1788762600000,14:30:00,8_3_1_1_1_,1_6_5_2_1_,0,000000,-,108.0000,27,12,0.0000,106.5000,韋僑,108.0000,0,otc,7,13:30:00,118.5000,30,97.2000,韋僑科技股份有限公司,108.0000,106.5000,0,TPEX,
6418.tw,10,10,20.otc.tw|1398024,34.6000,0,0,34.7500,34.4000,000000,20260907,otc_6418.tw_20260907,34.8000_34.9000_34.9500_35.1000_35.1500_,34.6000_34.5500_34.5000_34.4000_34.3500_,6418,13.otc.tw|1604,20260907,14:30:00,6418.tw,1788762600000,14:30:00,2_4_1_1_1_,1_2_5_1_5_,0,000000,-,35.5000,28,12,0.0000,32.5000,詠昇,33.0000,0,otc,10,13:30:00,36.5500,192,29.9500,詠昇電子股份有限公司,33.2500,34.6000,0,TPEX,
6419.tw,11,11,20.otc.tw|1398025,152.0000,0,0,0.0000,153.0000,000000,20260907,otc_6419.tw_20260907,152.5000_153.5000_154.0000_154.5000_155.0000_,152.0000_151.5000_151.0000_150.5000_150.0000_,6419,13.otc.tw|1772,20260907,14:30:00,6419.tw,1788762600000,14:30:00,1_4_3_3_4_,5_6_8_4_10_,0,000000,51,156.5000,26,12,153.0000,151.5000,京晨科,156.5000,0,otc,11,13:30:00,171.0000,136,140.0000,京晨科技股份有限公司,155.5000,152.0000,0,TPEX,
6423.tw,1,1,20.otc.tw|1398026,84.4000,0,0,84.7000,83.9000,000000,20260907,otc_6423.tw_20260907,84.8000_85.3000_85.5000_85.6000_86.0000_,84.4000_83.9000_83.7000_83.5000_83.2000_,6423,13.otc.tw|1940,20260907,14:30:00,6423.tw,1788762600000,14:30:00,1_1_1_3_3_,1_1_4_1_1_,0,000000,-,87.0000,24,12,0.0000,83.8000,億而得,86.8000,0,otc,1,13:30:00,93.9000,20,76.9000,億而得微電子股份有限公司,85.4000,84.4000,0,TPEX,
6425.tw,7,7,20.otc.tw|1398027,62.9000,0,0,62.9000,62.5000,000000,20260907,otc_6425.tw_20260907,63.0000_63.1000_63.2000_63.3000_63.4000_,62.8000_62.7000_62.6000_62.5000_62.4000_,6425,13.otc.tw|2108,20260907,14:30:00,6425.tw,1788762600000,14:30:00,5_3_1_5_5_,5_4_4_5_4_,0,000000,20,63.5000,05,12,62.9000,62.5000,易發,62.9000,0,otc,7,13:30:00,69.0000,182,56.6000,易發精機股份有限公司,62.8000,62.9000,0,TPEX,
6432.tw,10,9,20.otc.tw|1397673,61.8000,0,0,0.0000,61.2000,000000,20260907,otc_6432.tw_20260907,61.8000_61.9000_62.1000_62.2000_62.4000_,61.6000_61.5000_61.3000_61.2000_61.1000_,6432,13.otc.tw|2276,20260907,14:30:00,6432.tw,1788762600000,14:30:00,1_2_6_1_1_,5_18_3_1_1_,0,000000,119,63.4000,28,12,61.2000,61.3000,今展科,62.0000,0,otc,10,13:30:00,66.9000,425,54.9000,今展科技股份有限公司,60.9000,61.6000,0,TPEX,
6435.tw,17,17,9.otc.tw|829,251.5000,0,2,251.0000,250.5000,000000,20260907,otc_6435.tw_20260907,252.0000_252.5000_253.0000_253.5000_254.0000_,251.0000_250.5000_250.0000_249.5000_249.0000_,6435,13.otc.tw|1520,20260907,14:30:00,6435.tw,1788762600000,14:30:00,7_3_21_8_16_,3_4_10_7_8_,0,000000,142,254.0000,24,12,251.0000,246.5000,大中,250.0000,0,otc,17,13:30:00,270.5000,343,221.5000,大中積體電路股份有限公司,246.0000,251.5000,0,TPEX,
6441.tw,-,-,20.otc.tw|1397676,-,0,0,0.0000,23.1000,000000,20260907,otc_6441.tw_20260907,-,23.1000_23.0000_22.4000_22.0500_22.0000_,6441,13.otc.tw|1688,20260907,14:30:00,6441.tw,1788762600000,14:30:00,-,225_5_2_1_2_,0,000000,560,23.1000,25,12,23.1000,23.1000,廣錠,23.1000,0,otc,-,13:30:00,23.1000,167,18.9000,廣錠科技股份有限公司,21.0000,-,0,TPEX,
6462.tw,32,32,9.otc.tw|832,100.5000,0,1,104.0000,101.5000,000000,20260907,otc_6462.tw_20260907,100.5000_101.0000_101.5000_102.0000_102.5000_,100.0000_99.9000_99.8000_99.7000_99.6000_,6462,13.otc.tw|1856,20260907,14:30:00,6462.tw,1788762600000,14:30:00,26_18_14_28_11_,40_20_12_5_1_,0,000000,5,102.5000,24,12,104.0000,100.0000,神盾,102.5000,0,otc,32,13:30:00,111.5000,362,91.4000,神盾股份有限公司,101.5000,100.5000,0,TPEX,
6465.tw,2,2,20.otc.tw|1397679,46.3000,0,0,46.3000,46.0500,000000,20260907,otc_6465.tw_20260907,46.5000_46.5500_46.6500_46.7000_46.8000_,46.1000_46.0500_46.0000_45.9500_45.9000_,6465,13.otc.tw|2024,20260907,14:30:00,6465.tw,1788762600000,14:30:00,11_1_5_3_4_,1_1_4_3_3_,0,000000,3,46.9500,27,12,46.3000,45.8500,威潤,46.0500,0,otc,2,13:30:00,50.6000,80,41.4000,威潤科技股份有限公司,46.0000,46.3000,0,TPEX,
6469.tw,6,4,20.otc.tw|1397680,67.1000,0,0,67.8000,67.4000,000000,20260907,otc_6469.tw_20260907,67.2000_67.3000_67.4000_67.5000_67.6000_,67.1000_67.0000_66.9000_66.8000_66.7000_,6469,13.otc.tw|2192,20260907,14:30:00,6469.tw,1788762600000,14:30:00,3_8_28_7_1_,3_5_5_41_21_,0,000000,419,67.4000,22,12,67.4000,66.8000,大樹,67.4000,0,otc,6,13:30:00,74.1000,306,60.7000,大樹醫藥股份有限公司,67.4000,67.1000,0,TPEX,
6470.tw,2,2,20.otc.tw|1397682,41.6500,0,0,44.2000,41.3500,000000,20260907,otc_6470.tw_20260907,41.8500_41.9000_42.0000_42.2000_42.2500_,41.6000_41.5500_41.5000_41.4500_41.4000_,6470,13.otc.tw|2360,20260907,14:30:00,6470.tw,1788762600000,14:30:00,1_2_5_1_2_,2_1_9_5_2_,0,000000,1,42.4500,27,12,41.5000,41.5000,宇智,41.8000,0,otc,2,13:30:00,45.9500,75,37.6500,宇智網通股份有限公司,41.8000,41.6500,0,TPEX,
6474.tw,-,-,20.otc.tw|1397685,-,0,0,0.0000,36.6000,000000,20260907,otc_6474.tw_20260907,36.4500_36.6000_36.6500_36.7000_37.0000_,36.3000_36.2500_36.2000_36.1500_36.1000_,6474,13.otc.tw|1437,20260907,14:30:00,6474.tw,1788762600000,14:30:00,1_1_1_10_1_,4_1_1_10_3_,0,000000,102,36.5500,29,12,36.6000,36.3500,華豫寧,36.5500,0,otc,-,13:30:00,40.2000,21,32.9000,華豫寧股份有限公司,36.5500,-,0,TPEX,
6482.tw,-,-,20.otc.tw|1397688,-,0,0,0.0000,25.1500,000000,20260907,otc_6482.tw_20260907,24.9500_25.0500_25.1000_25.2000_25.3500_,24.7500_24.5500_24.5000_24.3000_24.1500_,6482,13.otc.tw|1605,20260907,14:30:00,6482.tw,1788762600000,14:30:00,1_1_2_2_1_,1_1_1_5_2_,0,000000,84,24.6000,32,12,25.1500,24.5000,弘煜科,24.6000,0,otc,-,13:30:00,27.6500,3,22.6500,弘煜科技事業股份有限公司,25.1500,-,0,TPEX,
6485.tw,15,15,20.otc.tw|1397689,61.8000,0,0,62.2000,61.9000,000000,20260907,otc_6485.tw_20260907,61.8000_61.9000_62.0000_62.2000_62.3000_,61.6000_61.4000_61.3000_61.1000_61.0000_,6485,13.otc.tw|1773,20260907,14:30:00,6485.tw,1788762600000,14:30:00,1_3_10_2_9_,1_1_1_3_5_,0,000000,153,62.3000,24,12,62.2000,61.3000,點序,62.1000,0,otc,15,13:30:00,68.2000,135,55.8000,點序科技股份有限公司,62.0000,61.8000,0,TPEX,
6486.tw,8,8,20.otc.tw|1397690,82.4000,0,0,84.9000,82.6000,000000,20260907,otc_6486.tw_20260907,82.4000_82.5000_82.6000_82.7000_82.8000_,82.1000_81.9000_81.8000_81.6000_81.5000_,6486,13.otc.tw|1941,20260907,14:30:00,6486.tw,1788762600000,14:30:00,21_12_7_4_1_,2_6_3_3_7_,0,000000,-,83.6000,27,12,0.0000,81.3000,互動,83.6000,0,otc,8,13:30:00,90.4000,242,74.0000,互動國際數位股份有限公司,82.2000,82.4000,0,TPEX,
6488.tw,413,412,9.otc.tw|843,970.0000,0,23,977.0000,976.0000,000000,20260907,otc_6488.tw_20260907,972.0000_973.0000_974.0000_975.0000_976.0000_,971.0000_970.0000_969.0000_968.0000_967.0000_,6488,13.otc.tw|2109,20260907,14:30:00,6488.tw,1788762600000,14:30:00,4_4_16_24_27_,5_81_38_84_45_,0,000000,2844,1015.0000,24,12,976.0000,966.0000,環球晶,990.0000,0,otc,413,13:30:00,1075.0000,8393,883.0000,環球晶圓股份有限公司,981.0000,971.0000,0,TPEX,
6492.tw,28,28,9.otc.tw|844,34.3500,0,2,34.2000,34.1000,000000,20260907,otc_6492.tw_20260907,34.3500_34.4000_34.4500_34.5000_34.6000_,34.1000_34.0500_33.9000_33.8500_33.8000_,6492,13.otc.tw|2277,20260907,14:30:00,6492.tw,1788762600000,14:30:00,2_12_4_7_4_,3_1_2_7_13_,0,000000,293,34.4000,22,12,34.2000,33.4000,生華科,33.9000,0,otc,28,13:30:00,37.0000,415,30.3000,生華生物科技股份有限公司,33.6500,34.3500,0,TPEX,
6494.tw,16,16,20.otc.tw|1397693,55.1000,0,0,55.3000,55.1000,000000,20260907,otc_6494.tw_20260907,55.6000_55.7000_55.9000_56.0000_56.1000_,55.1000_54.9000_54.8000_54.7000_54.6000_,6494,13.otc.tw|1521,20260907,14:30:00,6494.tw,1788762600000,14:30:00,2_1_3_6_5_,1_11_2_1_5_,0,000000,10,56.4000,24,12,55.1000,55.0000,九齊,56.4000,0,otc,16,13:30:00,61.6000,107,50.4000,九齊科技股份有限公司,56.0000,55.1000,0,TPEX,
6496.tw,-,-,20.otc.tw|1397694,-,0,0,24.3000,23.7000,000000,20260907,otc_6496.tw_20260907,24.2500_24.3500_24.4000_24.6000_24.6500_,24.1500_24.0000_23.9500_23.9000_23.8500_,6496,13.otc.tw|1689,20260907,14:30:00,6496.tw,1788762600000,14:30:00,3_1_1_1_9_,1_1_1_1_1_,0,000000,240,24.6500,22,12,24.3000,24.0000,科懋,24.0000,0,otc,-,13:30:00,26.7500,2,21.9500,科懋生物科技股份有限公司,24.3500,-,0,TPEX,
6498.tw,12,12,9.otc.tw|847,73.6000,0,2,77.9000,73.9000,000000,20260907,otc_6498.tw_20260907,73.6000_73.7000_73.8000_73.9000_74.0000_,73.5000_73.3000_73.2000_73.1000_73.0000_,6498,13.otc.tw|1857,20260907,14:30:00,6498.tw,1788762600000,14:30:00,4_1_1_1_1_,9_3_9_2_8_,0,000000,200,75.7000,26,12,77.9000,73.5000,久禾光,75.7000,0,otc,12,13:30:00,82.9000,262,67.9000,久禾光電股份有限公司,75.4000,73.6000,0,TPEX,
6499.tw,4,3,9.otc.tw|848,72.9000,0,1,76.9000,73.1000,000000,20260907,otc_6499.tw_20260907,73.5000_73.6000_73.8000_74.1000_75.3000_,73.0000_72.7000_72.5000_72.4000_72.3000_,6499,13.otc.tw|2025,20260907,14:30:00,6499.tw,1788762600000,14:30:00,5_1_5_5_20_,1_1_1_4_1_,0,000000,-,73.8000,22,12,0.0000,71.8000,益安,73.8000,0,otc,4,13:30:00,80.5000,103,65.9000,益安生醫股份有限公司,73.2000,73.0000,0,TPEX,
6506.tw,1,1,20.otc.tw|1397369,18.3000,0,0,18.4000,18.3500,000000,20260907,otc_6506.tw_20260907,18.3500_18.4000_18.4500_18.5000_18.5500_,18.3000_18.2500_18.2000_18.0500_18.0000_,6506,13.otc.tw|2193,20260907,14:30:00,6506.tw,1788762600000,14:30:00,1_19_1_15_1_,9_17_10_6_6_,0,000000,-,18.3500,04,12,0.0000,18.2000,雙邦,18.2500,0,otc,1,13:30:00,20.0000,57,16.4000,(又又)邦實業股份有限公司,18.2000,18.3000,0,TPEX,
6508.tw,1,1,20.otc.tw|1397370,25.9000,0,0,26.0000,25.9000,000000,20260907,otc_6508.tw_20260907,26.0500_26.1000_26.1500_26.4500_26.5000_,25.7000_25.6000_25.5000_25.4500_25.1000_,6508,13.otc.tw|2361,20260907,14:30:00,6508.tw,1788762600000,14:30:00,1_3_1_5_5_,2_2_4_1_8_,0,000000,-,26.1000,33,12,0.0000,25.6000,惠光,25.7500,0,otc,1,13:30:00,28.3000,19,23.2000,惠光化學股份有限公司,25.7500,25.9000,0,TPEX,
6509.tw,36,36,20.otc.tw|1397371,46.3000,0,0,46.4500,46.4000,000000,20260907,otc_6509.tw_20260907,46.3000_46.3500_46.4000_46.4500_46.5000_,46.2500_46.2000_46.1500_46.1000_46.0500_,6509,13.otc.tw|1438,20260907,14:30:00,6509.tw,1788762600000,14:30:00,10_7_3_4_5_,26_52_19_16_31_,0,000000,-,47.0000,21,12,0.0000,46.2500,聚和,46.9500,0,otc,36,13:30:00,51.4000,540,42.1500,聚和國際股份有限公司,46.8000,46.3000,0,TPEX,
6510.tw,50,49,20.otc.tw|1397373,3470.0000,0,0,3470.0000,3465.0000,000000,20260907,otc_6510.tw_20260907,3470.0000_3480.0000_3490.0000_3500.0000_3505.0000_,3460.0000_3450.0000_3440.0000_3435.0000_3430.0000_,6510,13.otc.tw|1606,20260907,14:30:00,6510.tw,1788762600000,14:30:00,1_3_2_10_3_,3_10_3_2_4_,0,000000,520,3645.0000,24,12,3470.0000,3350.0000,精測,3470.0000,0,otc,50,13:30:00,3685.0000,1500,3015.0000,中華精測科技股份有限公司,3350.0000,3470.0000,0,TPEX,
6512.tw,-,-,20.otc.tw|1397375,-,0,0,20.3000,20.2000,000000,20260907,otc_6512.tw_20260907,20.5500_20.6000_20.7000_21.0000_21.1000_,20.1000_20.0500_20.0000_19.9500_19.9000_,6512,13.otc.tw|1774,20260907,14:30:00,6512.tw,1788762600000,14:30:00,2_4_1_1_1_,1_2_7_1_2_,0,000000,-,20.2000,31,12,0.0000,20.2000,啟發電,20.2000,0,otc,-,13:30:00,22.2000,1,18.2000,啟發電子股份有限公司,20.2000,-,0,TPEX,
6516.tw,6,6,20.otc.tw|1397377,57.5000,0,0,57.7000,57.5000,000000,20260907,otc_6516.tw_20260907,58.2000_58.3000_58.4000_58.6000_58.7000_,57.5000_57.4000_57.3000_57.2000_57.1000_,6516,13.otc.tw|1942,20260907,14:30:00,6516.tw,1788762600000,14:30:00,1_1_1_2_5_,2_1_2_3_3_,0,000000,-,58.9000,30,12,0.0000,57.5000,勤崴國際,58.9000,0,otc,6,13:30:00,63.0000,37,51.6000,勤崴國際科技股份有限公司,57.3000,57.5000,0,TPEX,
6517.tw,20,15,20.otc.tw|1397378,67.5000,0,0,0.0000,67.5000,000000,20260907,otc_6517.tw_20260907,67.4000_67.5000_67.6000_67.8000_67.9000_,67.2000_67.1000_67.0000_66.9000_66.8000_,6517,13.otc.tw|2110,20260907,14:30:00,6517.tw,1788762600000,14:30:00,1_10_2_2_1_,6_5_40_8_11_,0,000000,15,70.7000,26,12,67.5000,67.0000,保勝光學,70.7000,0,otc,20,13:30:00,76.1000,528,62.3000,保勝光學股份有限公司,69.2000,67.3000,0,TPEX,
6523.tw,2,2,20.otc.tw|1398028,89.8000,0,0,95.0000,90.0000,000000,20260907,otc_6523.tw_20260907,89.8000_90.0000_90.9000_91.0000_92.0000_,89.4000_89.3000_89.2000_89.1000_89.0000_,6523,13.otc.tw|2278,20260907,14:30:00,6523.tw,1788762600000,14:30:00,4_1_1_8_1_,4_4_5_3_14_,0,000000,-,89.8000,22,12,0.0000,89.4000,達爾膚,89.7000,0,otc,2,13:30:00,98.6000,13,80.8000,達爾膚生醫科技股份有限公司,89.7000,89.8000,0,TPEX,
6527.tw,3,3,20.otc.tw|1398029,74.1000,0,0,74.0000,73.7000,000000,20260907,otc_6527.tw_20260907,74.3000_74.5000_75.5000_76.0000_79.5000_,74.0000_72.8000_72.6000_72.5000_71.6000_,6527,13.otc.tw|1522,20260907,14:30:00,6527.tw,1788762600000,14:30:00,1_1_1_3_1_,5_1_2_1_1_,0,000000,32,74.1000,22,12,73.7000,74.0000,明達醫,74.0000,0,otc,3,13:30:00,81.6000,9,66.8000,明達醫學科技股份有限公司,74.2000,74.1000,0,TPEX,
6530.tw,107,103,9.otc.tw|861,93.9000,0,2,94.3000,94.2000,000000,20260907,otc_6530.tw_20260907,94.5000_94.6000_94.7000_94.8000_94.9000_,94.0000_93.9000_93.8000_93.7000_93.6000_,6530,13.otc.tw|1690,20260907,14:30:00,6530.tw,1788762600000,14:30:00,1_1_4_2_2_,7_16_10_3_3_,0,000000,403,97.8000,27,12,94.2000,94.0000,創威,97.8000,0,otc,107,13:30:00,108.0000,1541,88.4000,創威光電股份有限公司,98.2000,94.0000,0,TPEX,
6532.tw,36,35,9.otc.tw|862,98.0000,0,1,97.7000,97.2000,000000,20260907,otc_6532.tw_20260907,98.0000_98.1000_98.2000_98.3000_98.4000_,97.2000_97.0000_96.9000_96.8000_96.7000_,6532,13.otc.tw|1858,20260907,14:30:00,6532.tw,1788762600000,14:30:00,2_7_8_4_8_,4_2_3_5_6_,0,000000,165,98.4000,24,12,97.7000,95.7000,瑞耘,98.0000,0,otc,36,13:30:00,107.5000,543,88.2000,瑞耘科技股份有限公司,98.0000,98.0000,0,TPEX,
6535.tw,2,2,20.otc.tw|1398033,78.1000,0,0,78.9000,78.0000,000000,20260907,otc_6535.tw_20260907,78.5000_78.8000_78.9000_79.0000_79.2000_,77.9000_77.8000_77.7000_77.6000_77.5000_,6535,13.otc.tw|2026,20260907,14:30:00,6535.tw,1788762600000,14:30:00,1_2_1_1_4_,1_1_1_6_10_,0,000000,204,79.0000,22,12,78.0000,77.2000,順藥,78.4000,0,otc,2,13:30:00,87.6000,169,71.8000,順天醫藥生技股份有限公司,79.7000,78.1000,0,TPEX,
6538.tw,200,192,9.otc.tw|865,305.0000,0,2,304.0000,303.0000,000000,20260907,otc_6538.tw_20260907,305.0000_305.5000_306.0000_306.5000_307.0000_,304.0000_303.0000_302.5000_302.0000_301.5000_,6538,13.otc.tw|2194,20260907,14:30:00,6538.tw,1788762600000,14:30:00,10_20_4_15_16_,1_1_4_3_2_,0,000000,2164,315.0000,28,12,304.0000,281.5000,倉和,295.5000,1,otc,200,13:30:00,330.0000,5836,270.0000,倉和股份有限公司,300.0000,305.0000,0,TPEX,
6542.tw,-,-,20.otc.tw|1398036,-,0,0,43.6500,42.1500,000000,20260907,otc_6542.tw_20260907,43.6500_43.8000_44.1500_44.3000_44.9000_,43.5000_43.2000_43.1500_40.0000_,6542,13.otc.tw|2362,20260907,14:30:00,6542.tw,1788762600000,14:30:00,1_1_2_2_1_,1_1_1_1_,0,000000,95,44.9500,32,12,43.6500,43.5000,隆中,44.9500,0,otc,-,13:30:00,48.1000,9,39.4000,隆中網絡股份有限公司,43.7500,-,0,TPEX,
6546.tw,25,24,20.otc.tw|1398037,61.9000,0,0,62.1000,62.0000,000000,20260907,otc_6546.tw_20260907,62.0000_62.1000_62.2000_62.3000_62.4000_,61.9000_61.7000_61.6000_61.5000_61.4000_,6546,13.otc.tw|1439,20260907,14:30:00,6546.tw,1788762600000,14:30:00,1_2_3_1_2_,7_6_5_5_1_,0,000000,5,62.6000,27,12,62.1000,61.8000,正基,62.5000,0,otc,25,13:30:00,68.7000,265,56.3000,正基科技股份有限公司,62.5000,61.9000,0,TPEX,
6547.tw,135,131,9.otc.tw|869,63.4000,0,1,63.5000,63.4000,000000,20260907,otc_6547.tw_20260907,63.4000_63.5000_63.6000_63.7000_63.8000_,63.3000_63.2000_63.1000_63.0000_62.9000_,6547,13.otc.tw|1607,20260907,14:30:00,6547.tw,1788762600000,14:30:00,2_12_49_14_18_,7_5_4_11_14_,0,000000,2161,63.9000,22,12,63.4000,61.2000,高端疫苗,62.0000,0,otc,135,13:30:00,67.6000,3575,55.4000,高端疫苗生物製劑股份有限公司,61.5000,63.4000,0,TPEX,
6548.tw,317,303,9.otc.tw|871,73.6000,0,9,76.4000,74.5000,000000,20260907,otc_6548.tw_20260907,73.7000_73.8000_73.9000_74.0000_74.1000_,73.6000_73.5000_73.4000_73.3000_73.2000_,6548,13.otc.tw|1775,20260907,14:30:00,6548.tw,1788762600000,14:30:00,8_9_7_41_9_,60_96_6_37_20_,0,000000,1115,77.0000,24,12,74.5000,73.6000,長科*,77.0000,0,otc,317,13:30:00,82.7000,5425,67.7000,長華科技股份有限公司,75.2000,73.6000,0,TPEX,
6556.tw,-,-,20.otc.tw|1397698,-,0,0,61.9000,59.7000,000000,20260907,otc_6556.tw_20260907,61.7000_61.8000_61.9000_62.0000_62.1000_,61.1000_61.0000_60.6000_60.5000_58.8000_,6556,13.otc.tw|1943,20260907,14:30:00,6556.tw,1788762600000,14:30:00,1_1_2_1_1_,2_1_2_4_2_,0,000000,-,61.9000,26,12,0.0000,61.5000,勝品,61.9000,0,otc,-,13:30:00,67.4000,9,55.2000,勝品電通股份有限公司,61.3000,-,0,TPEX,
6560.tw,1,1,20.otc.tw|1397699,30.9000,0,0,31.0000,30.4000,000000,20260907,otc_6560.tw_20260907,30.9000_31.0000_31.0500_31.1000_32.4000_,30.8000_30.7000_30.6500_30.6000_30.1500_,6560,13.otc.tw|2111,20260907,14:30:00,6560.tw,1788762600000,14:30:00,1_1_1_2_1_,1_3_6_6_3_,0,000000,100,30.9500,26,12,30.4000,30.6500,欣普羅,30.9500,0,otc,1,13:30:00,34.5000,14,28.3000,欣普羅光電股份有限公司,31.4000,30.9000,0,TPEX,
6561.tw,1,1,20.otc.tw|1397700,322.0000,0,0,322.0000,321.0000,000000,20260907,otc_6561.tw_20260907,322.0000_323.0000_323.5000_324.5000_325.5000_,321.0000_320.0000_319.5000_319.0000_318.5000_,6561,13.otc.tw|2279,20260907,14:30:00,6561.tw,1788762600000,14:30:00,6_1_4_1_6_,1_2_5_3_4_,0,000000,6,323.5000,27,12,322.0000,319.5000,是方,323.0000,0,otc,1,13:30:00,354.0000,53,290.0000,是方電訊股份有限公司,322.0000,322.0000,0,TPEX,
6568.tw,5,5,20.otc.tw|1397701,135.0000,0,0,135.5000,135.0000,000000,20260907,otc_6568.tw_20260907,136.5000_137.0000_137.5000_138.0000_138.5000_,135.0000_134.5000_134.0000_133.5000_133.0000_,6568,13.otc.tw|1523,20260907,14:30:00,6568.tw,1788762600000,14:30:00,1_1_1_2_6_,2_1_3_3_1_,0,000000,1,139.0000,24,12,135.0000,135.0000,宏觀,137.0000,0,otc,5,13:30:00,150.5000,41,123.5000,宏觀微電子股份有限公司,137.0000,135.0000,0,TPEX,
6569.tw,5,5,20.otc.tw|1397702,91.0000,0,0,91.4000,91.1000,000000,20260907,otc_6569.tw_20260907,91.0000_91.1000_91.2000_91.3000_91.4000_,90.8000_90.6000_90.5000_90.4000_90.3000_,6569,13.otc.tw|1691,20260907,14:30:00,6569.tw,1788762600000,14:30:00,6_1_1_1_1_,1_1_2_2_5_,0,000000,40,91.1000,22,12,91.4000,89.7000,醫揚,90.8000,0,otc,5,13:30:00,100.5000,84,82.7000,醫揚科技股份有限公司,91.8000,91.0000,0,TPEX,
6570.tw,4,4,20.otc.tw|1397703,50.5000,0,0,50.7000,50.5000,000000,20260907,otc_6570.tw_20260907,50.7000_50.8000_50.9000_51.0000_51.1000_,50.5000_50.4000_50.3000_50.2000_50.1000_,6570,13.otc.tw|1859,20260907,14:30:00,6570.tw,1788762600000,14:30:00,4_3_5_5_5_,2_5_2_12_12_,0,000000,50,52.2000,25,12,50.7000,50.0000,維田,51.7000,0,otc,4,13:30:00,56.7000,100,46.4500,維田科技股份有限公司,51.6000,50.5000,0,TPEX,
6574.tw,1,1,20.otc.tw|1397705,120.0000,0,0,120.5000,120.0000,000000,20260907,otc_6574.tw_20260907,120.0000_120.5000_121.0000_121.5000_122.0000_,119.5000_119.0000_118.5000_118.0000_117.5000_,6574,13.otc.tw|2027,20260907,14:30:00,6574.tw,1788762600000,14:30:00,1_6_1_2_2_,3_10_5_3_11_,0,000000,10,120.5000,22,12,120.5000,117.5000,霈方,119.0000,0,otc,1,13:30:00,130.0000,25,107.0000,霈方國際股份有限公司,118.5000,120.0000,0,TPEX,
6576.tw,2,2,20.otc.tw|1397706,83.0000,0,0,82.8000,82.5000,000000,20260907,otc_6576.tw_20260907,83.0000_83.1000_83.2000_83.3000_83.4000_,82.9000_82.7000_82.6000_82.3000_82.2000_,6576,13.otc.tw|2195,20260907,14:30:00,6576.tw,1788762600000,14:30:00,8_6_15_2_5_,2_1_2_8_9_,0,000000,19,83.2000,22,12,82.5000,80.2000,逸達,80.4000,0,otc,2,13:30:00,88.0000,349,72.0000,逸達生物科技股份有限公司,80.0000,83.0000,0,TPEX,
6577.tw,1,1,20.otc.tw|1397708,80.0000,0,0,80.3000,80.1000,000000,20260907,otc_6577.tw_20260907,80.0000_80.2000_80.3000_80.6000_80.9000_,79.8000_79.5000_79.4000_79.3000_79.2000_,6577,13.otc.tw|2363,20260907,14:30:00,6577.tw,1788762600000,14:30:00,4_4_3_1_1_,1_3_2_2_2_,0,000000,-,80.3000,25,12,0.0000,79.4000,勁豐,80.3000,0,otc,1,13:30:00,88.3000,31,72.3000,勁豐電子股份有限公司,80.3000,80.0000,0,TPEX,
6578.tw,5,5,20.otc.tw|1397709,18.1000,0,0,18.2000,17.9000,000000,20260907,otc_6578.tw_20260907,18.2000_18.2500_18.3000_18.4000_18.5000_,18.1000_18.0500_18.0000_17.9500_17.9000_,6578,13.otc.tw|1440,20260907,14:30:00,6578.tw,1788762600000,14:30:00,25_2_15_8_8_,10_9_16_6_7_,0,000000,-,18.4000,33,12,0.0000,18.1000,達邦蛋白,18.2000,0,otc,5,13:30:00,20.1000,56,16.5000,達邦蛋白股份有限公司,18.3000,18.1000,0,TPEX,
6584.tw,33,32,9.otc.tw|883,618.0000,0,9,624.0000,623.0000,000000,20260907,otc_6584.tw_20260907,619.0000_620.0000_622.0000_624.0000_625.0000_,618.0000_617.0000_616.0000_615.0000_614.0000_,6584,13.otc.tw|1608,20260907,14:30:00,6584.tw,1788762600000,14:30:00,1_1_3_1_4_,10_6_6_5_2_,0,000000,70,643.0000,28,12,623.0000,618.0000,南俊國際,641.0000,0,otc,33,13:30:00,697.0000,455,571.0000,南俊國際股份有限公司,634.0000,619.0000,0,TPEX,
6588.tw,212,212,9.otc.tw|887,118.0000,0,20,119.0000,118.5000,000000,20260907,otc_6588.tw_20260907,118.0000_118.5000_119.0000_,117.5000_117.0000_116.5000_116.0000_115.5000_,6588,13.otc.tw|1776,20260907,14:30:00,6588.tw,1788762600000,14:30:00,9_74_447_,10_16_16_37_5_,0,000000,1905,119.0000,27,12,118.5000,108.5000,東典光電,109.0000,0,otc,212,13:30:00,119.0000,5404,97.7000,東典光電科技股份有限公司,108.5000,118.0000,0,TPEX,
6590.tw,6,6,20.otc.tw|1397715,67.0000,0,0,67.2000,67.1000,000000,20260907,otc_6590.tw_20260907,67.0000_67.1000_67.2000_67.3000_67.4000_,66.8000_66.5000_66.1000_66.0000_65.7000_,6590,13.otc.tw|1944,20260907,14:30:00,6590.tw,1788762600000,14:30:00,9_4_2_2_1_,6_1_1_1_3_,0,000000,20,67.2000,30,12,67.2000,66.2000,普鴻,66.8000,0,otc,6,13:30:00,72.6000,42,59.4000,普鴻資訊股份有限公司,66.0000,67.0000,0,TPEX,
6593.tw,2,2,20.otc.tw|1397717,31.5000,0,0,31.8000,31.7000,000000,20260907,otc_6593.tw_20260907,31.6000_31.8000_32.1500_32.8000_32.9000_,31.4500_31.4000_31.3500_31.3000_31.2500_,6593,13.otc.tw|2112,20260907,14:30:00,6593.tw,1788762600000,14:30:00,1_1_1_2_1_,5_5_3_13_8_,0,000000,601,31.7000,30,12,31.7000,31.3000,台灣銘板,31.6500,0,otc,2,13:30:00,34.7000,94,28.4000,台灣銘板股份有限公司,31.5500,31.5000,0,TPEX,
6596.tw,5,4,20.otc.tw|1397718,95.5000,0,0,95.8000,95.5000,000000,20260907,otc_6596.tw_20260907,95.8000_95.9000_96.0000_96.3000_96.5000_,95.2000_95.1000_94.9000_94.8000_94.7000_,6596,13.otc.tw|2280,20260907,14:30:00,6596.tw,1788762600000,14:30:00,2_1_5_1_1_,1_1_1_1_1_,0,000000,155,95.9000,32,12,95.8000,94.5000,寬宏藝術,95.6000,0,otc,5,13:30:00,104.5000,96,85.9000,寬宏藝術經紀股份有限公司,95.4000,95.5000,0,TPEX,
6597.tw,-,-,20.otc.tw|1397719,-,0,0,72.8000,68.4000,000000,20260907,otc_6597.tw_20260907,72.4000_72.5000_72.9000_73.0000_75.0000_,68.4000_68.3000_68.2000_68.0000_67.7000_,6597,13.otc.tw|1524,20260907,14:30:00,6597.tw,1788762600000,14:30:00,2_1_1_5_4_,2_1_2_5_2_,0,000000,-,72.5000,28,12,0.0000,72.5000,立誠,72.5000,0,otc,-,13:30:00,80.1000,1,65.7000,立誠光電股份有限公司,72.9000,-,0,TPEX,
6603.tw,74,74,20.otc.tw|1397720,24.8000,0,0,24.9000,24.8000,000000,20260907,otc_6603.tw_20260907,24.9000_24.9500_25.0000_25.1000_25.1500_,24.8000_24.7500_24.7000_24.6500_24.6000_,6603,13.otc.tw|1692,20260907,14:30:00,6603.tw,1788762600000,14:30:00,3_4_3_10_30_,137_31_50_17_95_,0,000000,161,25.3500,05,12,24.9000,24.7500,富強鑫,25.2000,0,otc,74,13:30:00,27.6500,661,22.6500,富強鑫精密工業股份有限公司,25.1500,24.8000,0,TPEX,
6609.tw,2,2,20.otc.tw|1397379,39.6000,0,0,39.7500,39.7000,000000,20260907,otc_6609.tw_20260907,39.6500_39.7000_39.9000_40.0000_40.2000_,39.5000_39.4000_39.3500_39.3000_39.2500_,6609,13.otc.tw|1860,20260907,14:30:00,6609.tw,1788762600000,14:30:00,7_3_8_6_2_,2_2_3_5_5_,0,000000,-,39.9000,05,12,0.0000,39.3000,瀧澤科,39.9000,0,otc,2,13:30:00,43.8500,83,35.9500,瀧澤科技股份有限公司,39.9000,39.6000,0,TPEX,
6612.tw,1,1,20.otc.tw|1397380,70.0000,0,0,70.3000,69.3000,000000,20260907,otc_6612.tw_20260907,70.4000_70.6000_70.8000_71.0000_71.2000_,70.0000_69.7000_69.6000_69.1000_69.0000_,6612,13.otc.tw|2028,20260907,14:30:00,6612.tw,1788762600000,14:30:00,1_1_1_2_1_,2_1_1_1_1_,0,000000,-,70.9000,22,12,0.0000,69.5000,奈米醫材,69.5000,0,otc,1,13:30:00,77.6000,20,63.6000,應用奈米醫材科技股份有限公司,70.6000,70.0000,0,TPEX,
6613.tw,7,6,20.otc.tw|1397381,265.0000,0,0,266.0000,265.5000,000000,20260907,otc_6613.tw_20260907,265.5000_266.0000_267.0000_267.5000_268.0000_,265.0000_264.0000_263.5000_263.0000_262.5000_,6613,13.otc.tw|2196,20260907,14:30:00,6613.tw,1788762600000,14:30:00,7_6_4_2_8_,1_3_2_10_3_,0,000000,339,267.0000,31,12,266.0000,261.0000,朋億*,262.0000,0,otc,7,13:30:00,284.0000,302,233.0000,朋億股份有限公司,258.5000,265.0000,0,TPEX,
6615.tw,-,-,20.otc.tw|1397382,-,0,0,34.8000,34.1500,000000,20260907,otc_6615.tw_20260907,34.3500_34.7000_34.7500_34.8500_34.9000_,34.2000_34.0000_33.9500_33.8000_33.7000_,6615,13.otc.tw|2364,20260907,14:30:00,6615.tw,1788762600000,14:30:00,3_1_1_6_10_,1_3_1_1_1_,0,000000,21,34.9000,22,12,34.8000,34.1500,慧智,34.9000,0,otc,-,13:30:00,37.5000,9,30.7000,慧智基因股份有限公司,34.1000,-,0,TPEX,
6616.tw,-,-,20.otc.tw|1397383,-,0,0,8.4200,8.0000,000000,20260907,otc_6616.tw_20260907,8.3000_8.3900_8.4000_8.4700_8.5300_,8.0800_8.0500_8.0200_8.0100_8.0000_,6616,13.otc.tw|1441,20260907,14:30:00,6616.tw,1788762600000,14:30:00,4_1_1_1_2_,4_1_1_2_3_,0,000000,-,8.3900,38,12,0.0000,8.0100,特昇-KY,8.0200,0,otc,-,13:30:00,9.1000,12,7.4600,特昇國際股份有限公司,8.2800,-,0,TPEX,RR
6617.tw,2,2,9.otc.tw|899,135.0000,0,1,0.0000,135.0000,000000,20260907,otc_6617.tw_20260907,-,135.0000_134.5000_134.0000_133.5000_133.0000_,6617,13.otc.tw|1609,20260907,14:30:00,6617.tw,1788762600000,14:30:00,-,1553_11_8_6_46_,0,000000,345,135.0000,22,12,135.0000,135.0000,共信-KY,135.0000,0,otc,2,13:30:00,135.0000,520,111.0000,共信醫藥科技控股股份有限公司,123.0000,135.0000,0,TPEX,RR
6620.tw,217,200,9.otc.tw|900,113.0000,0,15,117.0000,116.5000,000000,20260907,otc_6620.tw_20260907,113.0000_113.5000_114.0000_114.5000_115.0000_,112.5000_112.0000_111.5000_111.0000_110.5000_,6620,13.otc.tw|1777,20260907,14:30:00,6620.tw,1788762600000,14:30:00,43_1_13_8_13_,49_50_39_64_31_,0,000000,211,118.0000,22,12,117.0000,107.5000,漢達,114.5000,1,otc,217,13:30:00,118.0000,9307,96.8000,漢達生技醫藥股份有限公司,107.5000,113.0000,0,TPEX,
6624.tw,-,-,20.otc.tw|1397387,-,0,,39.9500,0.0000,000000,20260907,otc_6624.tw_20260907,39.8000_40.6000_40.6500_41.7500_44.0000_,39.0000_38.8000_38.7000_38.5000_36.6000_,6624,13.otc.tw|1945,20260907,14:30:00,6624.tw,1788762600000,14:30:00,1_2_3_1_2_,1_1_2_5_2_,0,000000,-,-,35,12,0.0000,-,萬年清,-,0,otc,-,13:30:00,44.7000,0,36.6000,萬年清環境工程股份有限公司,40.6500,-,0,TPEX,
6629.tw,1,1,20.otc.tw|1397389,106.5000,0,0,107.0000,105.0000,000000,20260907,otc_6629.tw_20260907,107.0000_107.5000_108.0000_108.5000_109.0000_,105.5000_105.0000_104.5000_104.0000_100.5000_,6629,13.otc.tw|2113,20260907,14:30:00,6629.tw,1788762600000,14:30:00,1_1_2_1_1_,4_4_2_6_1_,0,000000,-,107.0000,38,12,0.0000,105.5000,泰金-KY,106.5000,0,otc,1,13:30:00,118.5000,29,97.2000,英屬開曼群島商泰金投資控股股份有限公司,108.0000,106.5000,0,TPEX,RR
6637.tw,-,-,20.otc.tw|1397391,-,0,0,56.4000,55.9000,000000,20260907,otc_6637.tw_20260907,55.9000_56.0000_56.1000_56.2000_56.4000_,55.8000_55.7000_55.5000_55.4000_55.3000_,6637,13.otc.tw|2281,20260907,14:30:00,6637.tw,1788762600000,14:30:00,2_1_1_2_1_,1_1_5_6_2_,0,000000,1,56.2000,22,12,56.4000,55.5000,醫影,56.1000,0,otc,-,13:30:00,61.4000,21,50.4000,醫影股份有限公司,55.9000,-,0,TPEX,
6640.tw,34,32,9.otc.tw|904,1295.0000,0,4,1300.0000,1290.0000,000000,20260907,otc_6640.tw_20260907,1300.0000_1310.0000_1315.0000_1320.0000_1325.0000_,1290.0000_1285.0000_1280.0000_1275.0000_1270.0000_,6640,13.otc.tw|1525,20260907,14:30:00,6640.tw,1788762600000,14:30:00,14_8_4_11_5_,1_1_3_1_5_,0,000000,402,1320.0000,24,12,1300.0000,1175.0000,均華,1250.0000,0,otc,34,13:30:00,1375.0000,975,1125.0000,均華精密工業股份有限公司,1250.0000,1300.0000,0,TPEX,
6642.tw,3,3,20.otc.tw|1397393,80.5000,0,0,80.8000,80.7000,000000,20260907,otc_6642.tw_20260907,80.6000_80.8000_81.0000_81.1000_81.3000_,80.5000_80.4000_80.3000_80.2000_80.1000_,6642,13.otc.tw|1693,20260907,14:30:00,6642.tw,1788762600000,14:30:00,1_2_1_13_1_,1_3_3_2_2_,0,000000,-,83.0000,28,12,0.0000,78.9000,富致,83.0000,0,otc,3,13:30:00,91.6000,233,75.0000,富致科技股份有限公司,83.3000,80.5000,0,TPEX,
6643.tw,16,16,9.otc.tw|906,411.0000,0,1,412.5000,412.0000,000000,20260907,otc_6643.tw_20260907,411.5000_413.0000_414.0000_414.5000_415.0000_,411.0000_410.5000_410.0000_409.5000_409.0000_,6643,13.otc.tw|1861,20260907,14:30:00,6643.tw,1788762600000,14:30:00,2_1_1_2_2_,10_5_8_11_2_,0,000000,204,415.5000,24,12,412.5000,408.0000,M31,415.5000,0,otc,16,13:30:00,448.0000,164,367.0000,&#x5186;星科技股份有限公司,407.5000,411.0000,0,TPEX,
6649.tw,3,3,20.otc.tw|1397396,35.0000,0,0,35.1500,34.6000,000000,20260907,otc_6649.tw_20260907,35.0000_35.4000_35.6000_35.7000_35.7500_,34.8500_34.8000_34.7500_34.2500_34.1500_,6649,13.otc.tw|2029,20260907,14:30:00,6649.tw,1788762600000,14:30:00,1_1_1_2_1_,1_2_20_2_1_,0,000000,1,35.7500,22,12,34.9000,34.9000,台生材,34.9000,0,otc,3,13:30:00,39.3000,31,32.2000,台灣生醫材料股份有限公司,35.7500,35.0000,0,TPEX,
6651.tw,7,7,20.otc.tw|1397397,147.0000,0,0,147.5000,146.0000,000000,20260907,otc_6651.tw_20260907,147.5000_148.0000_148.5000_149.0000_149.5000_,146.5000_146.0000_145.5000_145.0000_144.5000_,6651,13.otc.tw|2197,20260907,14:30:00,6651.tw,1788762600000,14:30:00,3_2_2_4_4_,2_2_8_7_4_,0,000000,150,153.5000,24,12,146.0000,145.0000,全宇昕,153.5000,0,otc,7,13:30:00,166.0000,168,136.0000,全宇昕科技股份有限公司,151.0000,147.0000,0,TPEX,
6654.tw,6,6,20.otc.tw|1397398,215.0000,0,0,216.0000,215.5000,000000,20260907,otc_6654.tw_20260907,215.0000_215.5000_217.5000_218.0000_219.0000_,213.5000_213.0000_212.0000_208.5000_208.0000_,6654,13.otc.tw|2365,20260907,14:30:00,6654.tw,1788762600000,14:30:00,1_2_1_5_2_,1_2_3_1_3_,0,000000,12,224.5000,31,12,216.0000,212.0000,天正國際,219.5000,1,otc,6,13:30:00,241.0000,83,198.0000,天正國際精密機械股份有限公司,219.5000,215.0000,0,TPEX,
6661.tw,-,-,20.otc.tw|1397399,-,0,0,16.3500,16.0000,000000,20260907,otc_6661.tw_20260907,16.3000_16.5000_16.9000_17.0000_17.4000_,16.1500_16.1000_16.0500_16.0000_15.9000_,6661,13.otc.tw|1442,20260907,14:30:00,6661.tw,1788762600000,14:30:00,1_1_1_2_2_,1_1_9_1_1_,0,000000,65,16.3000,22,12,16.3500,16.1000,威健生技,16.1000,0,otc,-,13:30:00,17.9000,7,14.7000,威健股份有限公司,16.3000,-,0,TPEX,
6662.tw,-,-,20.otc.tw|1397400,-,0,0,28.5000,27.6000,000000,20260907,otc_6662.tw_20260907,28.5000_28.6000_28.6500_28.7000_28.7500_,27.9500_27.9000_27.8500_27.8000_27.5000_,6662,13.otc.tw|1610,20260907,14:30:00,6662.tw,1788762600000,14:30:00,3_1_1_1_1_,2_1_1_1_1_,0,000000,12,28.5000,22,12,28.5000,28.5000,樂斯科,28.5000,0,otc,-,13:30:00,31.3500,5,25.6500,樂斯科生物科技股份有限公司,28.5000,-,0,TPEX,
6664.tw,15,15,20.otc.tw|1397401,356.5000,0,0,386.5000,360.5000,000000,20260907,otc_6664.tw_20260907,356.5000_357.5000_358.0000_358.5000_359.0000_,356.0000_355.5000_355.0000_354.0000_353.5000_,6664,13.otc.tw|1778,20260907,14:30:00,6664.tw,1788762600000,14:30:00,2_1_2_1_3_,6_4_5_8_13_,0,000000,54,363.0000,28,12,360.5000,353.0000,群翊,360.0000,0,otc,15,13:30:00,391.0000,346,320.0000,群翊工業股份有限公司,355.5000,356.5000,0,TPEX,
6667.tw,31,31,9.otc.tw|914,255.0000,0,3,257.0000,256.0000,000000,20260907,otc_6667.tw_20260907,255.0000_255.5000_256.0000_256.5000_257.0000_,254.5000_254.0000_253.5000_253.0000_252.5000_,6667,13.otc.tw|1946,20260907,14:30:00,6667.tw,1788762600000,14:30:00,3_2_1_2_14_,1_1_15_7_2_,0,000000,450,261.5000,31,12,256.0000,245.5000,信紘科,245.5000,0,otc,31,13:30:00,263.0000,1036,216.0000,信紘科技股份有限公司,239.5000,255.0000,0,TPEX,
6679.tw,28,27,20.otc.tw|1397189,207.0000,0,0,208.0000,207.5000,000000,20260907,otc_6679.tw_20260907,207.0000_207.5000_208.0000_208.5000_209.0000_,206.5000_206.0000_205.5000_205.0000_204.5000_,6679,13.otc.tw|2114,20260907,14:30:00,6679.tw,1788762600000,14:30:00,8_1_4_5_7_,14_38_13_27_18_,0,000000,146,211.5000,24,12,208.0000,206.5000,鈺太,209.0000,0,otc,28,13:30:00,226.5000,1057,185.5000,鈺太科技股份有限公司,206.0000,207.0000,0,TPEX,
6680.tw,-,-,20.otc.tw|1397190,-,0,0,55.5000,51.1000,000000,20260907,otc_6680.tw_20260907,54.5000_58.0000_58.2000_59.9000_60.0000_,51.1000_50.8000_50.5000_50.3000_50.2000_,6680,13.otc.tw|2282,20260907,14:30:00,6680.tw,1788762600000,14:30:00,1_1_1_2_1_,2_1_1_1_2_,0,000000,5,55.3000,25,12,55.5000,55.3000,鑫創電子,55.3000,0,otc,-,13:30:00,60.1000,1,49.2500,鑫創電子股份有限公司,54.7000,-,0,TPEX,
6683.tw,56,55,9.otc.tw|917,1410.0000,0,1,1480.0000,1430.0000,000000,20260907,otc_6683.tw_20260907,1410.0000_1415.0000_1420.0000_1425.0000_1430.0000_,1405.0000_1400.0000_1395.0000_1390.0000_1385.0000_,6683,13.otc.tw|1526,20260907,14:30:00,6683.tw,1788762600000,14:30:00,4_3_2_3_4_,6_10_5_4_11_,0,000000,119,1495.0000,24,12,1430.0000,1395.0000,雍智科技,1455.0000,0,otc,56,13:30:00,1495.0000,1376,1225.0000,雍智科技股份有限公司,1360.0000,1410.0000,0,TPEX,
6684.tw,2,2,20.otc.tw|1397194,45.8500,0,0,46.0000,45.8500,000000,20260907,otc_6684.tw_20260907,46.0000_46.1500_46.2500_46.5000_46.6000_,45.8500_45.8000_45.6000_45.5000_45.0000_,6684,13.otc.tw|1694,20260907,14:30:00,6684.tw,1788762600000,14:30:00,1_2_1_1_1_,3_5_2_1_5_,0,000000,132,46.8000,24,12,45.8500,45.8500,安格,46.8000,0,otc,2,13:30:00,50.9000,66,41.7000,安格科技股份有限公司,46.3000,45.8500,0,TPEX,
6690.tw,1,1,20.otc.tw|1397195,163.0000,0,0,163.0000,162.5000,000000,20260907,otc_6690.tw_20260907,163.5000_164.0000_164.5000_165.0000_165.5000_,163.0000_162.5000_162.0000_161.5000_161.0000_,6690,13.otc.tw|1862,20260907,14:30:00,6690.tw,1788762600000,14:30:00,1_1_6_4_1_,1_1_7_4_2_,0,000000,1,163.5000,36,12,163.0000,162.5000,安碁資訊,163.0000,0,otc,1,13:30:00,178.5000,19,146.5000,安碁資訊股份有限公司,162.5000,163.0000,0,TPEX,
6692.tw,-,-,20.otc.tw|1397196,-,0,0,23.4500,23.0000,000000,20260907,otc_6692.tw_20260907,23.3500_23.4000_23.4500_23.5000_23.6500_,23.1500_23.1000_23.0500_23.0000_22.8500_,6692,13.otc.tw|2030,20260907,14:30:00,6692.tw,1788762600000,14:30:00,1_1_1_1_1_,1_2_1_1_1_,0,000000,100,23.3500,35,12,23.0000,22.6000,進能服,22.6000,0,otc,-,13:30:00,25.3500,12,20.7500,進金生能源服務股份有限公司,23.0500,-,0,TPEX,
6693.tw,96,94,20.otc.tw|1397197,184.5000,0,0,185.5000,185.0000,000000,20260907,otc_6693.tw_20260907,184.5000_185.0000_185.5000_186.0000_186.5000_,184.0000_183.5000_183.0000_182.5000_182.0000_,6693,13.otc.tw|2198,20260907,14:30:00,6693.tw,1788762600000,14:30:00,5_8_5_18_13_,15_10_25_15_20_,0,000000,192,196.5000,24,12,185.0000,183.0000,廣閎科,189.5000,0,otc,96,13:30:00,199.5000,2385,163.5000,廣閎科技股份有限公司,181.5000,184.5000,0,TPEX,
6697.tw,-,-,20.otc.tw|1397199,-,0,0,40.9000,40.6000,000000,20260907,otc_6697.tw_20260907,40.9000_40.9500_41.0000_41.2000_41.3500_,40.7000_40.6000_40.4500_40.3500_40.3000_,6697,13.otc.tw|2366,20260907,14:30:00,6697.tw,1788762600000,14:30:00,1_1_7_1_2_,1_2_1_1_1_,0,000000,180,41.0000,30,12,40.9000,40.8500,東捷資訊,41.0000,0,otc,-,13:30:00,44.6500,5,36.5500,東捷資訊服務股份有限公司,40.6000,-,0,TPEX,
6703.tw,2,2,20.otc.tw|1397200,103.5000,0,0,103.5000,103.0000,000000,20260907,otc_6703.tw_20260907,104.0000_104.5000_105.0000_106.0000_107.0000_,103.0000_102.5000_102.0000_101.5000_101.0000_,6703,13.otc.tw|1443,20260907,14:30:00,6703.tw,1788762600000,14:30:00,9_4_3_3_1_,5_6_8_8_12_,0,000000,10,103.5000,22,12,103.5000,102.5000,軒郁,103.0000,0,otc,2,13:30:00,113.5000,16,93.2000,軒郁國際股份有限公司,103.5000,103.5000,0,TPEX,
6708.tw,-,-,20.otc.tw|1397202,-,0,0,38.6500,37.2000,000000,20260907,otc_6708.tw_20260907,37.8500_38.1000_38.5000_38.7500_38.8000_,37.2000_37.1500_37.1000_37.0500_37.0000_,6708,13.otc.tw|1611,20260907,14:30:00,6708.tw,1788762600000,14:30:00,1_1_4_1_4_,2_1_2_1_2_,0,000000,388,39.3000,24,12,37.2000,37.1500,天擎,39.3000,0,otc,-,13:30:00,42.6000,39,34.9000,天擎積體電路股份有限公司,38.7500,-,0,TPEX,
6712.tw,8,8,20.otc.tw|1397203,155.0000,0,0,155.5000,155.0000,000000,20260907,otc_6712.tw_20260907,155.5000_156.0000_156.5000_157.0000_157.5000_,155.0000_154.5000_154.0000_153.5000_153.0000_,6712,13.otc.tw|1779,20260907,14:30:00,6712.tw,1788762600000,14:30:00,1_5_3_1_2_,8_1_33_29_36_,0,000000,19,157.5000,22,12,155.5000,153.5000,長聖,157.5000,0,otc,8,13:30:00,172.5000,261,141.5000,長聖國際生技股份有限公司,157.0000,155.0000,0,TPEX,
6716.tw,39,39,20.otc.tw|1397204,118.0000,0,0,118.5000,117.0000,000000,20260907,otc_6716.tw_20260907,118.0000_118.5000_119.0000_119.5000_120.0000_,117.5000_117.0000_116.5000_116.0000_115.5000_,6716,13.otc.tw|1947,20260907,14:30:00,6716.tw,1788762600000,14:30:00,4_8_12_8_17_,3_15_5_18_15_,0,000000,50,119.5000,24,12,117.0000,112.5000,應廣,117.0000,0,otc,39,13:30:00,128.5000,1001,105.5000,應廣科技股份有限公司,117.0000,118.0000,0,TPEX,
6720.tw,1,1,20.otc.tw|1398684,132.0000,0,0,132.0000,130.0000,000000,20260907,otc_6720.tw_20260907,133.0000_135.0000_136.0000_139.0000_140.0000_,130.5000_129.0000_128.0000_127.5000_127.0000_,6720,13.otc.tw|2115,20260907,14:30:00,6720.tw,1788762600000,14:30:00,2_3_5_2_54_,3_4_2_1_3_,0,000000,-,132.5000,24,12,0.0000,130.5000,久昌,132.5000,0,otc,1,13:33:00,144.5000,9,118.5000,久昌科技股份有限公司,131.5000,132.0000,0,TPEX,
6721.tw,-,-,20.otc.tw|1397205,-,0,0,51.5000,50.5000,000000,20260907,otc_6721.tw_20260907,50.7000_50.8000_50.9000_51.0000_51.1000_,50.5000_50.4000_50.3000_50.2000_50.1000_,6721,13.otc.tw|2283,20260907,14:30:00,6721.tw,1788762600000,14:30:00,1_1_1_1_2_,3_1_1_6_5_,0,000000,-,50.6000,20,12,0.0000,50.5000,信實,50.5000,0,otc,-,13:30:00,55.2000,3,45.2000,信實保全股份有限公司,50.2000,-,0,TPEX,
6725.tw,-,-,20.otc.tw|1397206,-,0,0,228.0000,227.5000,000000,20260907,otc_6725.tw_20260907,228.5000_229.0000_229.5000_230.0000_230.5000_,227.5000_227.0000_226.5000_226.0000_225.0000_,6725,13.otc.tw|1527,20260907,14:30:00,6725.tw,1788762600000,14:30:00,1_1_5_3_1_,2_3_1_3_3_,0,000000,3,232.5000,31,12,227.5000,225.0000,矽科宏晟,225.0000,0,otc,-,13:30:00,247.5000,63,202.5000,台灣矽科宏晟科技股份有限公司,225.0000,-,0,TPEX,
6727.tw,58,57,9.otc.tw|933,537.0000,0,4,538.0000,537.0000,000000,20260907,otc_6727.tw_20260907,537.0000_538.0000_539.0000_540.0000_541.0000_,536.0000_535.0000_533.0000_532.0000_531.0000_,6727,13.otc.tw|1695,20260907,14:30:00,6727.tw,1788762600000,14:30:00,1_5_1_7_5_,1_2_1_15_5_,0,000000,628,561.0000,28,12,537.0000,530.0000,亞泰金屬,543.0000,0,otc,58,13:30:00,595.0000,1302,487.0000,亞泰金屬工業股份有限公司,541.0000,537.0000,0,TPEX,
6728.tw,1,1,20.otc.tw|1397208,108.5000,0,0,109.0000,108.0000,000000,20260907,otc_6728.tw_20260907,108.5000_109.0000_109.5000_110.0000_110.5000_,107.0000_106.5000_106.0000_105.5000_105.0000_,6728,13.otc.tw|1863,20260907,14:30:00,6728.tw,1788762600000,14:30:00,6_4_5_7_1_,2_2_5_8_7_,0,000000,-,108.5000,38,12,0.0000,107.0000,上洋,107.0000,0,otc,1,13:30:00,117.5000,4,96.3000,上洋產業股份有限公司,107.0000,108.5000,0,TPEX,
6730.tw,-,-,20.otc.tw|1397209,-,0,0,32.4000,32.3000,000000,20260907,otc_6730.tw_20260907,32.3000_32.4000_32.8000_33.0000_33.2000_,32.2000_32.1000_32.0000_31.9000_31.8000_,6730,13.otc.tw|2031,20260907,14:30:00,6730.tw,1788762600000,14:30:00,2_3_3_3_3_,1_1_3_4_1_,0,000000,32,32.8000,22,12,32.4000,32.1000,常廣,32.8000,0,otc,-,13:30:00,36.0500,18,29.5500,常廣股份有限公司,32.8000,-,0,TPEX,
6732.tw,2,2,20.otc.tw|1397210,148.5000,0,0,152.0000,149.0000,000000,20260907,otc_6732.tw_20260907,149.0000_149.5000_150.0000_151.0000_152.5000_,148.5000_148.0000_147.5000_147.0000_146.5000_,6732,13.otc.tw|2199,20260907,14:30:00,6732.tw,1788762600000,14:30:00,5_2_6_1_1_,1_26_7_4_5_,0,000000,319,150.0000,24,12,149.0000,148.0000,昇佳電子,150.0000,0,otc,2,13:30:00,164.0000,53,135.0000,昇佳電子股份有限公司,149.5000,148.5000,0,TPEX,
6733.tw,2,2,20.otc.tw|1397017,26.2500,0,0,26.3500,26.3000,000000,20260907,otc_6733.tw_20260907,26.2500_26.3000_26.5000_26.6000_26.7000_,26.2000_26.1500_26.1000_26.0500_26.0000_,6733,13.otc.tw|2367,20260907,14:30:00,6733.tw,1788762600000,14:30:00,4_3_1_1_1_,1_2_12_2_11_,0,000000,-,26.3000,22,12,0.0000,26.0000,博晟生醫,26.2500,0,otc,2,13:30:00,29.3500,59,24.0500,博晟生醫股份有限公司,26.7000,26.2500,0,TPEX,
6735.tw,-,-,20.otc.tw|1397018,-,0,0,62.7000,62.1000,000000,20260907,otc_6735.tw_20260907,63.3000_63.5000_63.7000_63.8000_63.9000_,62.9000_62.3000_62.2000_62.1000_62.0000_,6735,13.otc.tw|1444,20260907,14:30:00,6735.tw,1788762600000,14:30:00,1_1_1_1_7_,1_1_2_4_14_,0,000000,146,63.3000,31,12,62.7000,62.0000,美達科技,63.3000,0,otc,-,13:30:00,69.6000,42,57.0000,美達科技股份有限公司,63.3000,-,0,TPEX,
6739.tw,15,15,20.otc.tw|1397019,1110.0000,0,0,1190.0000,1135.0000,000000,20260907,otc_6739.tw_20260907,1115.0000_1120.0000_1125.0000_1130.0000_1135.0000_,1110.0000_1105.0000_1100.0000_1095.0000_1090.0000_,6739,13.otc.tw|1612,20260907,14:30:00,6739.tw,1788762600000,14:30:00,2_5_2_4_3_,6_2_11_4_7_,0,000000,328,1150.0000,31,12,1135.0000,1075.0000,竹陞科技,1150.0000,0,otc,15,13:30:00,1245.0000,486,1025.0000,竹陞科技股份有限公司,1135.0000,1110.0000,0,TPEX,
6741.tw,7,7,20.otc.tw|1397020,59.9000,0,0,60.1000,60.0000,000000,20260907,otc_6741.tw_20260907,59.9000_60.0000_60.1000_60.2000_60.3000_,59.8000_59.7000_59.6000_59.5000_59.4000_,6741,13.otc.tw|1780,20260907,14:30:00,6741.tw,1788762600000,14:30:00,1_1_7_1_1_,6_4_2_11_7_,0,000000,-,60.2000,36,12,0.0000,59.4000,91APP*-KY,60.0000,0,otc,7,13:30:00,66.0000,107,54.0000,91APP  INC.,60.0000,59.9000,0,TPEX,RR
6751.tw,-,-,20.otc.tw|1397021,-,0,0,43.9000,40.1000,000000,20260907,otc_6751.tw_20260907,41.7000_42.0000_42.1500_42.2500_42.3000_,41.3500_41.3000_41.2500_41.2000_41.0500_,6751,13.otc.tw|1948,20260907,14:30:00,6751.tw,1788762600000,14:30:00,1_1_1_1_2_,1_1_1_3_1_,0,000000,-,41.8000,30,12,0.0000,41.3500,智聯服務,41.4000,0,otc,-,13:30:00,45.1500,10,36.9500,智聯服務股份有限公司,41.0500,-,0,TPEX,
6752.tw,1,1,20.otc.tw|1397022,97.1000,0,0,97.2000,97.1000,000000,20260907,otc_6752.tw_20260907,97.2000_97.4000_97.6000_97.7000_98.0000_,96.6000_96.0000_95.3000_95.0000_94.0000_,6752,13.otc.tw|2116,20260907,14:30:00,6752.tw,1788762600000,14:30:00,2_1_1_10_12_,1_2_1_10_2_,0,000000,9,97.7000,30,12,97.2000,96.0000,叡揚,96.0000,0,otc,1,13:30:00,105.5000,3,86.7000,叡揚資訊股份有限公司,96.3000,97.1000,0,TPEX,
6761.tw,11,11,20.otc.tw|1397024,180.0000,0,0,188.0000,182.0000,000000,20260907,otc_6761.tw_20260907,181.0000_182.5000_183.0000_183.5000_184.0000_,180.0000_179.5000_179.0000_178.5000_178.0000_,6761,13.otc.tw|2284,20260907,14:30:00,6761.tw,1788762600000,14:30:00,3_1_7_5_4_,3_9_8_6_11_,0,000000,239,184.5000,28,12,182.0000,180.0000,穩得,184.5000,0,otc,11,13:30:00,201.0000,289,165.0000,穩得實業股份有限公司,183.0000,180.0000,0,TPEX,
6762.tw,-,-,20.otc.tw|1397025,-,0,0,166.0000,159.5000,000000,20260907,otc_6762.tw_20260907,169.5000_170.0000_171.0000_172.0000_173.0000_,162.0000_161.5000_161.0000_,6762,13.otc.tw|1528,20260907,14:30:00,6762.tw,1788762600000,14:30:00,1_1_1_3_2_,1_1_1_,0,000000,-,168.0000,22,12,0.0000,168.0000,達亞,168.0000,0,otc,-,13:30:00,184.5000,1,151.5000,達亞國際股份有限公司,168.0000,-,0,TPEX,
6763.tw,9,9,20.otc.tw|1397026,40.9000,0,0,41.2000,41.0000,000000,20260907,otc_6763.tw_20260907,41.0000_41.0500_41.1000_41.2000_41.2500_,40.9000_40.8500_40.8000_40.7500_40.7000_,6763,13.otc.tw|1696,20260907,14:30:00,6763.tw,1788762600000,14:30:00,2_12_3_4_4_,4_1_12_29_17_,0,000000,4,41.2000,36,12,41.2000,40.7500,綠界科技*,41.2000,0,otc,9,13:30:00,45.3500,178,37.1500,綠界科技股份有限公司,41.2500,40.9000,0,TPEX,
6767.tw,-,-,20.otc.tw|1397027,-,0,0,27.8000,24.4000,000000,20260907,otc_6767.tw_20260907,24.9500_25.0000_25.3500_25.6000_25.9500_,24.5500_24.5000_24.4000_24.3500_24.3000_,6767,13.otc.tw|1864,20260907,14:30:00,6767.tw,1788762600000,14:30:00,1_5_4_1_1_,1_1_3_1_1_,0,000000,-,24.5000,22,12,0.0000,24.4000,台微醫,24.4000,0,otc,-,13:30:00,27.8500,7,22.8500,台灣微創醫療器材股份有限公司,25.3500,-,0,TPEX,
6785.tw,1,1,20.otc.tw|1397030,94.0000,0,0,96.9000,95.0000,000000,20260907,otc_6785.tw_20260907,94.0000_94.1000_94.2000_94.3000_94.4000_,93.5000_93.0000_92.7000_92.6000_92.2000_,6785,13.otc.tw|2032,20260907,14:30:00,6785.tw,1788762600000,14:30:00,5_1_1_2_1_,1_1_3_1_2_,0,000000,20,94.1000,22,12,95.0000,91.1000,昱展新藥,92.0000,0,otc,1,13:30:00,101.0000,44,82.8000,昱展新藥生技股份有限公司,91.9000,94.0000,0,TPEX,
6788.tw,8,8,20.otc.tw|1397031,359.0000,0,0,357.5000,355.0000,000000,20260907,otc_6788.tw_20260907,359.0000_359.5000_360.0000_360.5000_361.0000_,355.0000_354.5000_354.0000_353.5000_353.0000_,6788,13.otc.tw|2200,20260907,14:30:00,6788.tw,1788762600000,14:30:00,9_4_11_3_2_,2_2_1_1_1_,0,000000,256,362.0000,24,12,355.0000,351.0000,華景電,356.5000,0,otc,8,13:30:00,387.5000,297,317.5000,華景電通股份有限公司,352.5000,358.5000,0,TPEX,
6791.tw,2,2,9.otc.tw|949,99.9000,0,1,100.5000,99.9000,000000,20260907,otc_6791.tw_20260907,100.0000_100.5000_101.0000_101.5000_102.0000_,99.5000_99.1000_99.0000_98.1000_98.0000_,6791,13.otc.tw|2368,20260907,14:30:00,6791.tw,1788762600000,14:30:00,1_2_4_6_3_,2_1_3_2_2_,0,000000,60,101.5000,30,12,100.5000,99.9000,虎門科技,101.5000,0,otc,2,13:30:00,109.5000,16,90.0000,虎門科技股份有限公司,99.9000,99.9000,0,TPEX,
6803.tw,3,3,20.otc.tw|1397034,271.5000,0,0,271.0000,270.5000,000000,20260907,otc_6803.tw_20260907,271.5000_272.0000_272.5000_273.0000_273.5000_,270.5000_270.0000_269.5000_269.0000_268.5000_,6803,13.otc.tw|1445,20260907,14:30:00,6803.tw,1788762600000,14:30:00,11_14_2_2_2_,1_4_3_17_10_,0,000000,27,271.5000,35,12,271.0000,269.0000,崑鼎,271.0000,0,otc,3,13:30:00,297.5000,62,243.5000,崑鼎綠能環保股份有限公司,270.5000,271.5000,0,TPEX,
6804.tw,3,2,20.otc.tw|1397036,18.3000,0,0,18.3000,18.0500,000000,20260907,otc_6804.tw_20260907,18.2000_18.3000_18.4000_18.4500_18.5000_,18.1500_18.1000_18.0500_18.0000_17.9500_,6804,13.otc.tw|1613,20260907,14:30:00,6804.tw,1788762600000,14:30:00,1_30_7_1_14_,28_21_3_23_1_,0,000000,-,18.4000,37,12,0.0000,18.1500,明係,18.3000,0,otc,3,13:30:00,20.0000,74,16.4000,明係事業股份有限公司,18.2000,18.2000,0,TPEX,
6811.tw,11,11,20.otc.tw|1397037,223.5000,0,0,224.5000,224.0000,000000,20260907,otc_6811.tw_20260907,224.5000_225.5000_226.0000_226.5000_227.0000_,223.5000_223.0000_222.5000_222.0000_221.5000_,6811,13.otc.tw|1781,20260907,14:30:00,6811.tw,1788762600000,14:30:00,1_1_1_1_3_,2_3_4_19_5_,0,000000,1,237.0000,36,12,224.0000,221.5000,宏碁資訊,234.0000,0,otc,11,13:30:00,244.0000,637,200.0000,宏碁資訊服務股份有限公司,222.0000,223.5000,0,TPEX,
6821.tw,6,6,20.otc.tw|1397038,40.9500,0,0,0.0000,41.1000,000000,20260907,otc_6821.tw_20260907,40.9500_41.0000_41.5000_41.8000_42.0000_,40.8500_40.8000_40.7000_40.6500_40.6000_,6821,13.otc.tw|1949,20260907,14:30:00,6821.tw,1788762600000,14:30:00,1_5_2_9_4_,1_5_2_5_1_,0,000000,10,41.7500,28,12,41.1000,40.1000,聯寶,41.5000,0,otc,6,13:30:00,46.6000,185,38.2000,聯寶電子股份有限公司,42.4000,40.9500,0,TPEX,
6823.tw,1,1,20.otc.tw|1397040,60.1000,0,0,60.3000,59.7000,000000,20260907,otc_6823.tw_20260907,60.1000_60.2000_60.3000_60.7000_60.8000_,60.0000_59.9000_59.8000_59.5000_59.4000_,6823,13.otc.tw|2117,20260907,14:30:00,6823.tw,1788762600000,14:30:00,2_2_1_3_3_,1_1_2_5_5_,0,000000,-,60.7000,24,12,0.0000,59.3000,濾能,60.4000,0,otc,1,13:30:00,66.3000,92,54.3000,濾能股份有限公司,60.3000,60.1000,0,TPEX,
6829.tw,57,57,9.otc.tw|957,258.0000,0,4,258.5000,258.0000,000000,20260907,otc_6829.tw_20260907,258.5000_259.0000_259.5000_260.0000_260.5000_,258.0000_257.5000_257.0000_256.5000_256.0000_,6829,13.otc.tw|2285,20260907,14:30:00,6829.tw,1788762600000,14:30:00,1_2_1_9_6_,1_15_13_15_7_,0,000000,889,265.0000,24,12,258.5000,245.0000,千附精密,247.0000,0,otc,57,13:30:00,267.5000,1666,219.5000,千附精密股份有限公司,243.5000,258.0000,0,TPEX,
6840.tw,8,8,20.otc.tw|1396849,92.9000,0,0,102.0000,92.4000,000000,20260907,otc_6840.tw_20260907,93.3000_93.5000_93.6000_93.7000_93.9000_,92.9000_92.8000_92.7000_92.6000_92.5000_,6840,13.otc.tw|1529,20260907,14:30:00,6840.tw,1788762600000,14:30:00,5_1_2_3_4_,4_22_18_22_10_,0,000000,21,94.3000,31,12,102.0000,91.6000,東研信超,93.9000,0,otc,8,13:30:00,102.0000,179,83.6000,東研信超股份有限公司,92.8000,92.9000,0,TPEX,
6841.tw,4,4,9.otc.tw|961,53.7000,0,1,55.0000,54.0000,000000,20260907,otc_6841.tw_20260907,53.8000_54.0000_54.1000_54.2000_54.4000_,53.6000_53.5000_53.4000_53.3000_53.2000_,6841,13.otc.tw|1697,20260907,14:30:00,6841.tw,1788762600000,14:30:00,1_24_4_3_1_,2_2_17_3_2_,0,000000,101,54.1000,22,12,54.0000,53.4000,長佳智能,53.9000,0,otc,4,13:30:00,59.4000,133,48.6000,長佳智能股份有限公司,54.0000,53.7000,0,TPEX,
6843.tw,-,-,20.otc.tw|1396852,-,0,0,40.0000,37.9500,000000,20260907,otc_6843.tw_20260907,38.3500_38.6000_39.0000_39.3500_39.7500_,38.2500_38.1000_38.0000_37.8000_37.3000_,6843,13.otc.tw|1865,20260907,14:30:00,6843.tw,1788762600000,14:30:00,2_1_2_2_1_,1_1_2_4_1_,0,000000,-,38.3500,05,12,0.0000,38.1000,進典,38.1000,0,otc,-,13:30:00,41.8000,5,34.2000,進典工業股份有限公司,38.0000,-,0,TPEX,
6844.tw,7,7,20.otc.tw|1396854,59.9000,0,0,60.1000,59.9000,000000,20260907,otc_6844.tw_20260907,59.9000_60.0000_60.1000_60.2000_60.3000_,59.6000_59.5000_59.2000_59.0000_58.5000_,6844,13.otc.tw|2033,20260907,14:30:00,6844.tw,1788762600000,14:30:00,4_7_5_6_2_,3_3_1_3_1_,0,000000,-,59.9000,22,12,0.0000,59.6000,諾貝兒,59.8000,0,otc,7,13:30:00,66.0000,22,54.0000,諾貝兒寶貝股份有限公司,60.0000,59.9000,0,TPEX,
6846.tw,-,-,20.otc.tw|1396855,-,0,0,58.3000,56.3000,000000,20260907,otc_6846.tw_20260907,58.1000_58.2000_58.3000_58.4000_58.5000_,57.2000_56.2000_56.0000_55.1000_55.0000_,6846,13.otc.tw|2201,20260907,14:30:00,6846.tw,1788762600000,14:30:00,1_1_1_1_3_,1_1_1_1_1_,0,000000,-,58.3000,02,12,0.0000,57.8000,綠茵,58.1000,0,otc,-,13:30:00,63.9000,6,52.3000,綠茵生技股份有限公司,58.1000,-,0,TPEX,
6855.tw,-,-,20.otc.tw|1396859,-,0,0,119.5000,116.0000,000000,20260907,otc_6855.tw_20260907,119.0000_119.5000_120.0000_120.5000_122.0000_,115.5000_115.0000_113.0000_112.0000_111.0000_,6855,13.otc.tw|2369,20260907,14:30:00,6855.tw,1788762600000,14:30:00,1_4_3_5_6_,1_1_1_1_1_,0,000000,-,119.5000,31,12,0.0000,119.5000,數泓科,119.5000,0,otc,-,13:30:00,132.5000,1,108.5000,數泓科技股份有限公司,120.5000,-,0,TPEX,
6856.tw,-,-,20.otc.tw|1396860,-,0,0,42.0000,39.9500,000000,20260907,otc_6856.tw_20260907,42.0000_42.0500_42.3500_42.4000_42.4500_,41.0000_40.5000_40.2000_40.1000_40.0000_,6856,13.otc.tw|1446,20260907,14:30:00,6856.tw,1788762600000,14:30:00,2_1_1_1_1_,1_2_1_1_2_,0,000000,-,42.0000,32,12,0.0000,42.0000,鑫傳,42.0000,0,otc,-,13:30:00,46.2500,1,37.8500,鑫傳國際多媒體科技股份有限公司,42.0500,-,0,TPEX,
6859.tw,3,3,20.otc.tw|1396861,111.5000,0,0,112.0000,111.5000,000000,20260907,otc_6859.tw_20260907,112.5000_113.0000_114.0000_114.5000_115.0000_,111.5000_111.0000_110.5000_110.0000_109.5000_,6859,13.otc.tw|1614,20260907,14:30:00,6859.tw,1788762600000,14:30:00,1_1_1_1_2_,3_2_2_8_1_,0,000000,-,115.0000,26,12,0.0000,111.5000,伯特光,115.0000,0,otc,3,13:30:00,126.5000,31,103.5000,伯特光電股份有限公司,115.0000,111.5000,0,TPEX,
6865.tw,-,-,20.otc.tw|1396864,-,0,0,25.5500,24.7500,000000,20260907,otc_6865.tw_20260907,25.5500_25.8500_25.9000_26.5000_26.7000_,25.3000_25.0500_25.0000_24.9500_24.9000_,6865,13.otc.tw|1782,20260907,14:30:00,6865.tw,1788762600000,14:30:00,1_1_1_1_1_,1_1_1_1_1_,0,000000,-,25.6000,36,12,0.0000,25.5500,偉康科技,25.5500,0,otc,-,13:30:00,28.1000,3,23.0000,偉康科技股份有限公司,25.5500,-,0,TPEX,
6870.tw,5,5,20.otc.tw|1396866,301.5000,0,0,302.5000,301.5000,000000,20260907,otc_6870.tw_20260907,302.0000_302.5000_303.0000_303.5000_304.0000_,301.5000_299.5000_297.0000_296.5000_295.0000_,6870,13.otc.tw|1950,20260907,14:30:00,6870.tw,1788762600000,14:30:00,1_7_1_1_1_,1_3_1_2_1_,0,000000,143,315.0000,36,12,301.5000,284.5000,騰雲,291.0000,0,otc,5,13:30:00,319.0000,264,261.0000,騰雲科技服務股份有公司,290.0000,301.5000,0,TPEX,
6872.tw,-,-,20.otc.tw|1398047,-,0,0,0.0000,20.4000,000000,20260907,otc_6872.tw_20260907,-,20.4000_20.3500_20.3000_20.2500_20.2000_,6872,13.otc.tw|2118,20260907,14:30:00,6872.tw,1788762600000,14:30:00,-,504_11_2_12_3_,0,000000,-,20.4000,22,12,0.0000,20.4000,浩宇生醫,20.4000,0,otc,-,13:30:00,20.4000,237,16.7000,浩宇生醫股份有限公司,18.5500,-,0,TPEX,
6874.tw,4,4,20.otc.tw|1398050,68.9000,0,0,70.1000,69.9000,000000,20260907,otc_6874.tw_20260907,69.4000_69.6000_69.7000_70.0000_70.9000_,68.9000_68.8000_68.7000_68.6000_68.5000_,6874,13.otc.tw|2286,20260907,14:30:00,6874.tw,1788762600000,14:30:00,6_2_1_2_3_,2_7_5_2_1_,0,000000,416,71.7000,30,12,69.9000,68.8000,倍力,71.7000,0,otc,4,13:30:00,76.7000,57,62.9000,倍力資訊股份有限公司,69.8000,68.9000,0,TPEX,
6875.tw,2,2,20.otc.tw|1398052,33.0000,0,0,0.0000,33.1000,000000,20260907,otc_6875.tw_20260907,33.0000_33.1000_33.2000_33.2500_33.3000_,32.8000_32.6500_32.6000_32.5000_31.8000_,6875,13.otc.tw|1530,20260907,14:30:00,6875.tw,1788762600000,14:30:00,5_7_2_3_3_,1_1_3_4_1_,0,000000,98,33.5000,22,12,33.1000,33.0000,國邑*,33.1000,0,otc,2,13:30:00,36.4000,120,29.8000,國邑藥品科技股份有限公司,33.1000,33.0000,0,TPEX,
6877.tw,-,-,20.otc.tw|1398053,-,0,0,0.0000,121.5000,000000,20260907,otc_6877.tw_20260907,-,121.5000_120.5000_119.0000_118.5000_118.0000_,6877,13.otc.tw|1698,20260907,14:30:00,6877.tw,1788762600000,14:30:00,-,38_8_8_8_8_,0,000000,222,121.5000,31,12,121.5000,112.5000,鏵友益,112.5000,0,otc,-,13:30:00,121.5000,96,99.5000,鏵友益科技股份有限公司,110.5000,-,0,TPEX,
6881.tw,-,-,20.otc.tw|1398054,-,0,0,214.0000,213.5000,000000,20260907,otc_6881.tw_20260907,213.0000_214.0000_230.0000_235.0000_,212.5000_212.0000_211.5000_210.5000_210.0000_,6881,13.otc.tw|1866,20260907,14:30:00,6881.tw,1788762600000,14:30:00,1_1_1_2_,1_1_1_1_1_,0,000000,-,213.0000,20,12,0.0000,212.0000,潤德,212.0000,0,otc,-,13:30:00,235.0000,3,193.0000,潤德室內裝修設計工程股份有限公司,214.0000,-,0,TPEX,
6884.tw,-,-,20.otc.tw|1398055,-,0,0,30.1500,28.6500,000000,20260907,otc_6884.tw_20260907,30.2000_30.2500_30.4500_30.5000_30.6000_,29.6500_29.6000_29.5500_29.5000_29.4500_,6884,13.otc.tw|2034,20260907,14:30:00,6884.tw,1788762600000,14:30:00,3_5_1_1_2_,1_1_1_3_1_,0,000000,-,30.5000,30,12,0.0000,30.1500,海柏特,30.5000,0,otc,-,13:30:00,32.3500,4,26.5500,海柏特股份有限公司,29.4500,-,0,TPEX,
6894.tw,1,1,20.otc.tw|1398058,353.0000,0,0,354.5000,353.0000,000000,20260907,otc_6894.tw_20260907,353.5000_354.0000_355.0000_357.0000_357.5000_,350.5000_350.0000_349.5000_349.0000_348.5000_,6894,13.otc.tw|2202,20260907,14:30:00,6894.tw,1788762600000,14:30:00,2_1_1_3_1_,1_1_2_1_3_,0,000000,100,357.5000,35,12,353.0000,348.5000,衛司特,353.0000,0,otc,1,13:30:00,388.0000,17,318.0000,衛司特科技股份有限公司,353.0000,353.0000,0,TPEX,
6895.tw,1,1,20.otc.tw|1398683,153.5000,0,0,161.0000,151.0000,000000,20260907,otc_6895.tw_20260907,156.0000_158.0000_158.5000_159.0000_159.5000_,153.5000_153.0000_152.5000_152.0000_151.5000_,6895,13.otc.tw|2370,20260907,14:30:00,6895.tw,1788762600000,14:30:00,1_1_1_1_1_,2_9_2_2_1_,0,000000,1,158.5000,24,12,161.0000,153.5000,宏碩系統,156.0000,0,otc,1,13:33:00,172.0000,25,141.0000,宏碩系統股份有限公司,156.5000,153.5000,0,TPEX,
6899.tw,1,1,20.otc.tw|1398061,49.8000,0,0,49.9500,49.0500,000000,20260907,otc_6899.tw_20260907,50.0000_51.0000_51.2000_51.4000_52.3000_,49.6500_49.6000_49.5500_49.5000_49.4000_,6899,13.otc.tw|1447,20260907,14:30:00,6899.tw,1788762600000,14:30:00,5_2_2_2_1_,1_2_3_1_1_,0,000000,100,50.0000,26,12,49.0500,49.5000,創為精密,50.0000,0,otc,1,13:30:00,55.0000,16,45.0000,創為精密材料(股)公司,50.0000,49.8000,0,TPEX,
6903.tw,10,10,20.otc.tw|1398062,315.0000,0,0,324.5000,318.0000,000000,20260907,otc_6903.tw_20260907,315.5000_316.0000_316.5000_317.0000_317.5000_,315.0000_314.5000_314.0000_313.5000_313.0000_,6903,13.otc.tw|1615,20260907,14:30:00,6903.tw,1788762600000,14:30:00,3_9_4_11_2_,5_1_2_5_2_,0,000000,30,316.5000,31,12,318.0000,312.0000,巨漢,314.0000,0,otc,10,13:30:00,343.5000,153,281.5000,巨漢系統科技股份有限公司,312.5000,315.0000,0,TPEX,
6904.tw,-,-,20.otc.tw|1398065,-,0,0,124.0000,119.0000,000000,20260907,otc_6904.tw_20260907,123.5000_124.0000_124.5000_126.5000_131.0000_,122.0000_120.0000_,6904,13.otc.tw|1783,20260907,14:30:00,6904.tw,1788762600000,14:30:00,2_2_1_1_1_,1_2_,0,000000,-,123.5000,20,12,0.0000,123.5000,伯鑫,123.5000,0,otc,-,13:30:00,135.5000,1,111.5000,伯鑫工具股份有限公司,123.5000,-,0,TPEX,
6907.tw,9,9,9.otc.tw|992,199.5000,0,54,0.0000,199.5000,000000,20260907,otc_6907.tw_20260907,-,199.5000_199.0000_198.5000_198.0000_197.5000_,6907,13.otc.tw|1951,20260907,14:30:00,6907.tw,1788762600000,14:30:00,-,187_2_3_13_6_,0,000000,8117,199.5000,24,12,199.5000,188.0000,雅特力-KY,188.0000,0,otc,9,13:30:00,199.5000,3989,163.5000,雅特力科技(開曼)股份有限公司,181.5000,199.5000,0,TPEX,RR
6910.tw,1,1,20.otc.tw|1398068,24.9000,0,0,0.0000,24.6000,000000,20260907,otc_6910.tw_20260907,25.0000_25.2000_25.4000_25.7000_26.3000_,24.8500_24.7500_24.7000_24.6500_24.6000_,6910,13.otc.tw|2119,20260907,14:30:00,6910.tw,1788762600000,14:30:00,2_6_2_4_2_,1_5_1_2_2_,0,000000,95,25.0000,36,12,24.6000,24.9000,德鴻,25.0000,0,otc,1,13:30:00,27.2000,12,22.3000,德鴻科技股份有限公司,24.7500,24.9000,0,TPEX,
6913.tw,44,43,9.otc.tw|994,136.5000,0,1,137.0000,136.5000,000000,20260907,otc_6913.tw_20260907,136.5000_137.0000_137.5000_138.0000_138.5000_,136.0000_,6913,13.otc.tw|2287,20260907,14:30:00,6913.tw,1788762600000,14:30:00,3_16_8_5_4_,86_,0,000000,1203,143.0000,28,12,136.5000,136.0000,鴻呈,143.0000,0,otc,44,13:30:00,166.0000,1480,136.0000,鴻呈實業股份有限公司,151.0000,136.5000,0,TPEX,
6922.tw,17,17,20.otc.tw|1397723,209.0000,0,0,210.0000,207.5000,000000,20260907,otc_6922.tw_20260907,210.0000_210.5000_211.0000_211.5000_212.0000_,209.0000_208.5000_208.0000_207.5000_207.0000_,6922,13.otc.tw|1531,20260907,14:30:00,6922.tw,1788762600000,14:30:00,2_4_9_1_2_,7_2_5_5_4_,0,000000,250,217.0000,25,12,207.5000,209.0000,宸曜,213.5000,0,otc,17,13:30:00,229.0000,424,188.0000,宸曜科技股份有限公司,208.5000,209.0000,0,TPEX,
6925.tw,1,1,20.otc.tw|1397724,49.8500,0,0,50.0000,49.9000,000000,20260907,otc_6925.tw_20260907,50.1000_50.4000_50.5000_50.8000_50.9000_,49.8500_49.8000_49.7000_49.5000_49.0000_,6925,13.otc.tw|1699,20260907,14:30:00,6925.tw,1788762600000,14:30:00,1_4_2_2_5_,1_2_1_1_2_,0,000000,1,50.0000,36,12,49.9000,49.8500,意藍,50.0000,0,otc,1,13:30:00,55.0000,13,45.0000,意藍資訊股份有限公司,50.0000,49.8500,0,TPEX,
6929.tw,-,-,9.otc.tw|998,-,0,1,22.7500,21.9500,000000,20260907,otc_6929.tw_20260907,22.6000_22.6500_22.7000_22.7500_22.8500_,21.9000_21.5000_21.4000_21.3000_21.2000_,6929,13.otc.tw|1867,20260907,14:30:00,6929.tw,1788762600000,14:30:00,1_5_1_1_1_,1_1_1_1_1_,0,000000,-,22.6500,22,12,0.0000,22.0000,佑全,22.1000,0,otc,-,13:30:00,24.8500,13,20.3500,佑全藥品股份有限公司,22.6000,-,0,TPEX,
6945.tw,7,7,20.otc.tw|1397726,95.3000,0,0,96.5000,96.0000,000000,20260907,otc_6945.tw_20260907,95.7000_95.9000_96.0000_96.5000_96.6000_,95.3000_95.2000_95.1000_95.0000_94.9000_,6945,13.otc.tw|2035,20260907,14:30:00,6945.tw,1788762600000,14:30:00,4_1_1_2_1_,1_3_2_8_1_,0,000000,-,97.0000,22,12,0.0000,95.2000,圓祥生技,97.0000,0,otc,7,13:30:00,105.0000,120,86.1000,圓祥生技股份有限公司,95.6000,95.3000,0,TPEX,
6953.tw,2,2,20.otc.tw|1397727,238.0000,0,0,239.0000,234.5000,000000,20260907,otc_6953.tw_20260907,241.0000_241.5000_243.0000_244.0000_245.0000_,237.5000_236.5000_236.0000_235.0000_234.5000_,6953,13.otc.tw|2203,20260907,14:30:00,6953.tw,1788762600000,14:30:00,1_1_2_1_2_,1_1_4_2_2_,0,000000,10,238.0000,24,12,234.5000,237.0000,家碩,237.5000,0,otc,2,13:30:00,262.0000,7,215.0000,家碩科技股份有限公司,238.5000,238.0000,0,TPEX,
6961.tw,1,1,20.otc.tw|1397729,49.9000,0,0,50.1000,49.9000,000000,20260907,otc_6961.tw_20260907,50.0000_50.1000_50.2000_50.3000_50.5000_,49.9000_49.8500_49.8000_49.7500_49.7000_,6961,13.otc.tw|2371,20260907,14:30:00,6961.tw,1788762600000,14:30:00,7_1_5_2_7_,5_2_1_1_3_,0,000000,-,50.4000,16,12,0.0000,49.9000,旅天下,50.4000,0,otc,1,13:30:00,55.0000,13,45.0000,旅天下聯合國際旅行社股份有限公司,50.0000,49.9000,0,TPEX,
6967.tw,2,2,20.otc.tw|1397730,70.0000,0,0,0.0000,70.3000,000000,20260907,otc_6967.tw_20260907,70.2000_70.9000_71.0000_71.2000_71.5000_,70.0000_69.9000_69.8000_69.4000_69.3000_,6967,13.otc.tw|1448,20260907,14:30:00,6967.tw,1788762600000,14:30:00,2_1_1_2_1_,1_1_3_6_3_,0,000000,-,70.1000,28,12,0.0000,69.2000,汎瑋材料,69.2000,0,otc,2,13:30:00,76.1000,29,62.3000,汎瑋材料科技股份有限公司,69.2000,70.0000,0,TPEX,
6968.tw,1,1,20.otc.tw|1397731,41.7500,0,0,43.8000,41.1000,000000,20260907,otc_6968.tw_20260907,41.8500_41.9000_41.9500_42.0000_42.0500_,41.6000_41.5500_41.5000_41.4500_41.4000_,6968,13.otc.tw|1616,20260907,14:30:00,6968.tw,1788762600000,14:30:00,2_1_2_2_1_,1_1_3_1_1_,0,000000,300,42.1500,38,12,41.1000,41.2000,萬達寵物,41.7000,0,otc,1,13:30:00,45.8500,150,37.5500,萬達寵物事業股份有限公司,41.7000,41.7500,0,TPEX,
6971.tw,3,3,20.otc.tw|1397732,26.3000,0,0,0.0000,26.7000,000000,20260907,otc_6971.tw_20260907,26.3000_26.3500_26.4000_26.5000_26.5500_,26.2500_26.2000_26.1500_26.1000_26.0500_,6971,13.otc.tw|1784,20260907,14:30:00,6971.tw,1788762600000,14:30:00,1_21_1_4_3_,2_9_4_9_3_,0,000000,-,26.3500,35,12,0.0000,26.1000,惠民實業,26.1000,0,otc,3,13:30:00,28.7000,37,23.5000,惠民實業股份有限公司,26.1000,26.3000,0,TPEX,
6982.tw,1,1,20.otc.tw|1397733,46.3000,0,0,0.0000,47.3500,000000,20260907,otc_6982.tw_20260907,46.4000_46.4500_46.5000_46.6000_46.9000_,46.3000_46.2000_46.1500_46.1000_46.0500_,6982,13.otc.tw|1952,20260907,14:30:00,6982.tw,1788762600000,14:30:00,1_1_1_2_1_,1_1_1_1_3_,0,000000,24,47.1500,05,12,47.3500,46.0500,大井泵浦,47.1500,0,otc,1,13:30:00,52.0000,31,42.6500,大井泵浦工業股份有限公司,47.3500,46.3000,0,TPEX,
6983.tw,1,1,20.otc.tw|1397736,349.5000,0,0,351.0000,350.0000,000000,20260907,otc_6983.tw_20260907,352.5000_355.0000_356.0000_357.5000_358.0000_,349.0000_346.0000_345.0000_344.5000_344.0000_,6983,13.otc.tw|2120,20260907,14:30:00,6983.tw,1788762600000,14:30:00,1_1_1_1_2_,2_1_5_1_2_,0,000000,50,359.0000,31,12,351.0000,345.0000,華洋精機,359.0000,0,otc,1,13:30:00,390.5000,44,319.5000,華洋精機股份有限公司,355.0000,349.5000,0,TPEX,
6986.tw,2,2,20.otc.tw|1397737,41.5000,0,0,41.4000,0.0000,000000,20260907,otc_6986.tw_20260907,41.5500_41.6000_41.6500_41.8000_41.9000_,41.4000_41.3000_41.2000_40.9000_40.8500_,6986,13.otc.tw|2288,20260907,14:30:00,6986.tw,1788762600000,14:30:00,1_1_1_3_1_,1_1_1_2_2_,0,000000,35,41.6000,22,12,41.4000,40.8000,和迅,41.6000,0,otc,2,13:30:00,45.9500,63,37.6500,和迅生命科學股份有限公司,41.8000,41.5000,0,TPEX,
6996.tw,2,2,20.otc.tw|1397738,183.5000,0,0,184.5000,184.0000,000000,20260907,otc_6996.tw_20260907,185.0000_185.5000_186.0000_186.5000_187.0000_,183.0000_182.5000_182.0000_181.5000_181.0000_,6996,13.otc.tw|1532,20260907,14:30:00,6996.tw,1788762600000,14:30:00,4_1_1_1_2_,3_1_4_8_5_,0,000000,-,184.0000,24,12,0.0000,183.0000,力領科技,184.0000,0,otc,2,13:30:00,201.5000,19,165.5000,力領科技股份有限公司,183.5000,183.5000,0,TPEX,
6997.tw,-,-,20.otc.tw|1397739,-,0,0,68.5000,66.5000,000000,20260907,otc_6997.tw_20260907,69.0000_70.4000_70.5000_71.5000_72.5000_,68.0000_66.0000_63.7000_63.6000_63.0000_,6997,13.otc.tw|1700,20260907,14:30:00,6997.tw,1788762600000,14:30:00,2_1_1_1_1_,4_3_1_1_1_,0,000000,-,68.9000,36,12,0.0000,68.5000,博弘,68.5000,0,otc,-,13:30:00,75.1000,5,61.5000,博弘雲端科技股份有限公司,68.3000,-,0,TPEX,
7402.tw,14,14,20.otc.tw|1397740,104.5000,0,0,105.0000,104.5000,000000,20260907,otc_7402.tw_20260907,104.5000_105.0000_105.5000_106.0000_106.5000_,104.0000_103.5000_103.0000_102.5000_102.0000_,7402,13.otc.tw|1868,20260907,14:30:00,7402.tw,1788762600000,14:30:00,6_6_6_8_4_,2_20_87_15_35_,0,000000,115,106.0000,26,12,105.0000,103.0000,邑錡,106.0000,0,otc,14,13:30:00,114.5000,198,94.1000,邑錡股份有限公司,104.5000,104.5000,0,TPEX,
7547.tw,-,-,20.otc.tw|1397742,-,0,0,54.1000,50.8000,000000,20260907,otc_7547.tw_20260907,50.9000_51.5000_51.6000_52.0000_52.5000_,50.3000_50.2000_50.1000_50.0000_49.9000_,7547,13.otc.tw|2036,20260907,14:30:00,7547.tw,1788762600000,14:30:00,1_1_1_1_1_,4_2_2_3_1_,0,000000,-,50.3000,36,12,0.0000,50.0000,碩網,50.0000,0,otc,-,13:30:00,55.8000,4,45.7500,碩網資訊股份有限公司,50.8000,-,0,TPEX,
7556.tw,-,-,20.otc.tw|1397743,-,0,0,251.0000,250.0000,000000,20260907,otc_7556.tw_20260907,249.5000_251.0000_251.5000_255.5000_256.0000_,249.0000_248.5000_248.0000_247.0000_246.0000_,7556,13.otc.tw|2204,20260907,14:30:00,7556.tw,1788762600000,14:30:00,3_2_1_2_4_,2_1_1_1_1_,0,000000,1,251.0000,24,12,250.0000,248.5000,意德士,250.0000,0,otc,-,13:30:00,273.0000,13,224.0000,意德士科技股份有限公司,248.5000,-,0,TPEX,
7584.tw,-,-,20.otc.tw|1397746,-,0,0,27.5500,25.9500,000000,20260907,otc_7584.tw_20260907,27.3500_27.4000_27.4500_27.6000_27.7000_,25.9000_25.8500_25.7000_25.5500_25.1000_,7584,13.otc.tw|2372,20260907,14:30:00,7584.tw,1788762600000,14:30:00,1_2_1_1_1_,1_1_1_1_1_,0,000000,-,27.8500,32,12,0.0000,25.8500,樂意,27.8500,0,otc,-,13:30:00,29.7000,4,24.3000,樂意傳播股份有限公司,27.0000,-,0,TPEX,
7642.tw,1,1,20.otc.tw|1397405,75.8000,0,0,75.8000,73.5000,000000,20260907,otc_7642.tw_20260907,76.6000_76.7000_77.7000_77.8000_78.1000_,75.8000_75.6000_75.0000_74.9000_74.6000_,7642,13.otc.tw|1449,20260907,14:30:00,7642.tw,1788762600000,14:30:00,1_1_1_1_1_,3_3_2_1_1_,0,000000,-,75.8000,05,12,0.0000,75.8000,昶瑞機電,75.8000,0,otc,1,13:30:00,83.2000,5,68.2000,昶瑞機電股份有限公司,75.7000,75.8000,0,TPEX,
7703.tw,6,6,20.otc.tw|1397406,201.0000,0,0,199.5000,199.0000,000000,20260907,otc_7703.tw_20260907,201.0000_201.5000_202.0000_202.5000_203.0000_,200.0000_199.5000_199.0000_198.5000_198.0000_,7703,13.otc.tw|1617,20260907,14:30:00,7703.tw,1788762600000,14:30:00,1_5_4_3_3_,7_6_3_4_6_,0,000000,155,201.5000,31,12,199.0000,192.0000,銳澤,195.5000,0,otc,6,13:30:00,206.0000,274,169.0000,銳澤實業股份有限公司,187.5000,200.0000,0,TPEX,
7704.tw,1,1,20.otc.tw|1397407,59.9000,0,0,0.0000,59.3000,000000,20260907,otc_7704.tw_20260907,60.3000_60.9000_61.0000_61.1000_61.3000_,59.8000_59.7000_59.6000_59.5000_59.4000_,7704,13.otc.tw|1785,20260907,14:30:00,7704.tw,1788762600000,14:30:00,1_4_1_1_1_,1_1_1_1_2_,0,000000,11,60.2000,24,12,59.3000,58.6000,明遠精密,59.1000,0,otc,1,13:30:00,65.5000,45,53.7000,明遠精密科技股份有限公司,59.6000,59.9000,0,TPEX,
7708.tw,-,-,20.otc.tw|1397408,-,0,0,93.9000,92.0000,000000,20260907,otc_7708.tw_20260907,92.4000_92.5000_93.0000_93.2000_93.5000_,92.0000_91.8000_91.7000_91.5000_91.0000_,7708,13.otc.tw|1953,20260907,14:30:00,7708.tw,1788762600000,14:30:00,4_1_3_1_2_,2_1_2_1_2_,0,000000,-,92.0000,16,12,0.0000,92.0000,全家餐飲,92.0000,0,otc,-,13:30:00,101.0000,3,82.8000,全家國際餐飲股份有限公司,92.0000,-,0,TPEX,
7709.tw,1,1,20.otc.tw|1397409,85.0000,0,0,0.0000,85.0000,000000,20260907,otc_7709.tw_20260907,-,85.0000_84.9000_84.8000_84.5000_84.4000_,7709,13.otc.tw|2121,20260907,14:30:00,7709.tw,1788762600000,14:30:00,-,467_2_1_3_2_,0,000000,28,85.0000,05,12,85.0000,85.0000,榮田,85.0000,0,otc,1,13:30:00,85.0000,311,69.6000,榮田精機股份有限公司,77.3000,85.0000,0,TPEX,
7712.tw,6,6,20.otc.tw|1397410,155.0000,0,0,160.0000,155.5000,000000,20260907,otc_7712.tw_20260907,155.5000_156.0000_156.5000_157.0000_157.5000_,155.0000_154.0000_153.5000_153.0000_152.5000_,7712,13.otc.tw|2289,20260907,14:30:00,7712.tw,1788762600000,14:30:00,2_4_2_7_1_,4_7_9_2_13_,0,000000,10,159.0000,24,12,155.5000,154.0000,博盛半導體,158.0000,0,otc,6,13:30:00,170.5000,175,139.5000,博盛半導體股份有限公司,155.0000,155.0000,0,TPEX,
7713.tw,-,-,20.otc.tw|1397411,-,0,0,73.9000,73.5000,000000,20260907,otc_7713.tw_20260907,74.5000_75.1000_75.2000_75.5000_76.8000_,73.9000_73.8000_73.7000_73.6000_73.5000_,7713,13.otc.tw|1533,20260907,14:30:00,7713.tw,1788762600000,14:30:00,1_1_5_4_1_,2_1_1_1_5_,0,000000,126,73.9000,22,12,73.5000,73.9000,威力德生醫,73.9000,0,otc,-,13:30:00,81.2000,2,66.6000,威力德生醫股份有限公司,73.9000,-,0,TPEX,
7714.tw,3,3,20.otc.tw|1397413,162.5000,0,0,168.0000,162.0000,000000,20260907,otc_7714.tw_20260907,163.0000_164.0000_165.0000_165.5000_166.0000_,162.5000_162.0000_161.5000_161.0000_160.5000_,7714,13.otc.tw|1701,20260907,14:30:00,7714.tw,1788762600000,14:30:00,1_4_5_1_3_,1_3_4_5_3_,0,000000,50,163.5000,36,12,162.0000,159.0000,創泓科技,161.5000,0,otc,3,13:30:00,176.5000,104,144.5000,創泓科技股份有限公司,160.5000,162.5000,0,TPEX,
7715.tw,2,2,20.otc.tw|1397414,28.9000,0,0,29.0000,28.6000,000000,20260907,otc_7715.tw_20260907,29.0000_29.1500_29.4000_29.5000_29.6000_,28.9000_28.8500_28.8000_28.7000_28.6500_,7715,13.otc.tw|1869,20260907,14:30:00,7715.tw,1788762600000,14:30:00,2_7_1_2_2_,9_1_3_2_3_,0,000000,-,29.1500,35,12,0.0000,28.9000,裕山,29.1000,0,otc,2,13:30:00,31.8000,27,26.1000,裕山環境工程股份公司,28.9500,28.9000,0,TPEX,
7716.tw,-,-,20.otc.tw|1397415,-,0,0,0.0000,23.3000,000000,20260907,otc_7716.tw_20260907,23.8500_23.9000_23.9500_24.0000_24.1000_,23.4000_23.3000_23.2000_23.0500_23.0000_,7716,13.otc.tw|2037,20260907,14:30:00,7716.tw,1788762600000,14:30:00,1_11_1_1_5_,1_3_1_1_2_,0,000000,-,23.5000,15,12,0.0000,23.5000,昱臺國際,23.5000,0,otc,-,13:30:00,25.8500,2,21.1500,昱臺國際股份有限公司,23.5000,-,0,TPEX,
7717.tw,1,1,9.otc.tw|5688,494.0000,0,5,0.0000,494.0000,000000,20260907,otc_7717.tw_20260907,-,494.0000_493.0000_492.0000_491.0000_490.5000_,7717,13.otc.tw|2205,20260907,14:30:00,7717.tw,1788762600000,14:30:00,-,462_1_1_5_6_,0,000000,100,494.0000,27,12,494.0000,492.0000,萊德光電-KY,492.5000,0,otc,1,13:30:00,494.0000,533,405.0000,萊德光電股份有限公司,449.5000,494.0000,0,TPEX,RR
7718.tw,3,3,20.otc.tw|1397417,46.6000,0,0,51.1000,46.6000,000000,20260907,otc_7718.tw_20260907,46.7000_46.7500_46.9000_47.3500_47.4500_,46.5500_46.5000_46.4000_46.3500_46.3000_,7718,13.otc.tw|2373,20260907,14:30:00,7718.tw,1788762600000,14:30:00,1_1_2_1_1_,2_3_1_1_4_,0,000000,-,47.4500,05,12,0.0000,46.5000,友鋮,47.4500,0,otc,3,13:30:00,51.1000,50,41.8500,友鋮股份有限公司,46.5000,46.6000,0,TPEX,
7723.tw,1,1,20.otc.tw|1398070,18.7000,0,0,0.0000,18.8000,000000,20260907,otc_7723.tw_20260907,18.7000_18.7500_18.8500_19.0000_19.2000_,18.6000_18.5500_18.5000_18.4500_18.4000_,7723,13.otc.tw|1450,20260907,14:30:00,7723.tw,1788762600000,14:30:00,3_1_1_5_1_,3_5_10_13_13_,0,000000,219,18.7500,16,12,18.8000,18.4000,築間,18.6500,0,otc,1,13:30:00,20.8000,37,17.1000,築間餐飲事業股份有限公司,18.9500,18.7000,0,TPEX,
7728.tw,2,2,20.otc.tw|1398071,622.0000,0,0,679.0000,626.0000,000000,20260907,otc_7728.tw_20260907,633.0000_634.0000_635.0000_648.0000_650.0000_,622.0000_612.0000_611.0000_609.0000_608.0000_,7728,13.otc.tw|1618,20260907,14:30:00,7728.tw,1788762600000,14:30:00,1_1_1_1_1_,1_1_1_1_2_,0,000000,26,635.0000,31,12,626.0000,601.0000,光焱科技,621.0000,0,otc,2,13:30:00,679.0000,58,557.0000,光焱科技股份有限公司,618.0000,622.0000,0,TPEX,
7734.tw,9,9,9.otc.tw|5692,2915.0000,0,1,2965.0000,2945.0000,000000,20260907,otc_7734.tw_20260907,2920.0000_2935.0000_2955.0000_2960.0000_2965.0000_,2915.0000_2910.0000_2905.0000_2900.0000_2895.0000_,7734,13.otc.tw|1786,20260907,14:30:00,7734.tw,1788762600000,14:30:00,3_1_3_1_2_,2_3_3_8_1_,0,000000,84,3130.0000,24,12,2945.0000,2900.0000,印能科技,2925.0000,0,otc,9,13:30:00,3175.0000,385,2605.0000,印能科技股份有限公司,2890.0000,2915.0000,0,TPEX,
7738.tw,9,3,20.otc.tw|1398073,166.0000,0,0,168.0000,166.0000,000000,20260907,otc_7738.tw_20260907,169.0000_169.5000_170.0000_171.0000_171.5000_,166.0000_165.0000_164.5000_164.0000_163.5000_,7738,13.otc.tw|1954,20260907,14:30:00,7738.tw,1788762600000,14:30:00,21_1_6_3_1_,1_2_4_6_3_,0,000000,-,171.0000,36,12,0.0000,163.5000,東聯互動,166.0000,0,otc,9,13:30:00,181.5000,201,148.5000,東聯互動股份有限公司,165.0000,168.0000,0,TPEX,
7743.tw,3,3,20.otc.tw|1398074,21.9500,0,0,21.9500,21.7000,000000,20260907,otc_7743.tw_20260907,21.9500_22.0000_22.0500_22.1000_22.1500_,21.8500_21.8000_21.7000_21.6000_21.5000_,7743,13.otc.tw|2122,20260907,14:30:00,7743.tw,1788762600000,14:30:00,10_23_7_5_8_,2_2_12_2_10_,0,000000,-,22.0000,02,12,0.0000,21.5000,金利食安,21.5000,0,otc,3,13:30:00,23.8500,54,19.5500,金利食安科技股份有限公司,21.7000,21.9500,0,TPEX,
7744.tw,4,4,20.otc.tw|1398075,561.0000,0,0,564.0000,562.0000,000000,20260907,otc_7744.tw_20260907,562.0000_563.0000_564.0000_565.0000_566.0000_,561.0000_559.0000_558.0000_556.0000_555.0000_,7744,13.otc.tw|2290,20260907,14:30:00,7744.tw,1788762600000,14:30:00,1_1_8_10_2_,1_2_1_1_1_,0,000000,220,572.0000,28,12,564.0000,539.0000,崴寶,548.0000,0,otc,4,13:30:00,599.0000,220,490.5000,崴寶精密科技股份有限公司,545.0000,561.0000,0,TPEX,
7747.tw,1,1,20.otc.tw|1398076,114.0000,0,0,114.5000,110.0000,000000,20260907,otc_7747.tw_20260907,114.5000_115.0000_115.5000_116.0000_117.0000_,112.0000_111.5000_111.0000_110.5000_110.0000_,7747,13.otc.tw|1534,20260907,14:30:00,7747.tw,1788762600000,14:30:00,3_1_4_1_2_,1_1_1_1_1_,0,000000,-,114.0000,36,12,0.0000,113.5000,昕奇雲端,113.5000,0,otc,1,13:30:00,125.5000,2,103.5000,昕奇雲端科技股份有限公司,114.5000,114.0000,0,TPEX,
7751.tw,9,9,9.otc.tw|5697,1590.0000,0,1,1595.0000,1590.0000,000000,20260907,otc_7751.tw_20260907,1610.0000_1615.0000_1620.0000_1625.0000_1635.0000_,1590.0000_1585.0000_1580.0000_1575.0000_1570.0000_,7751,13.otc.tw|1702,20260907,14:30:00,7751.tw,1788762600000,14:30:00,1_1_1_2_1_,4_4_2_3_1_,0,000000,415,1695.0000,24,12,1590.0000,1585.0000,竑騰,1635.0000,0,otc,9,13:30:00,1770.0000,327,1450.0000,竑騰科技股份有限公司,1610.0000,1590.0000,0,TPEX,
7753.tw,1,1,20.otc.tw|1398078,36.3000,0,0,36.6000,36.5000,000000,20260907,otc_7753.tw_20260907,36.3000_36.6000_36.7000_36.8500_36.9000_,36.1500_36.1000_35.7000_35.5000_33.0000_,7753,13.otc.tw|1870,20260907,14:30:00,7753.tw,1788762600000,14:30:00,1_1_1_1_1_,2_1_1_1_1_,0,000000,40,36.8500,26,12,36.6000,36.1000,星亞,36.2500,0,otc,1,13:30:00,40.1500,12,32.8500,星亞視覺股份有限公司,36.5000,36.3000,0,TPEX,
7757.tw,-,-,20.otc.tw|1398079,-,0,,89.2000,88.7000,000000,20260907,otc_7757.tw_20260907,89.3000_89.8000_89.9000_90.4000_90.9000_,88.8000_88.7000_88.6000_87.2000_86.6000_,7757,13.otc.tw|2038,20260907,14:30:00,7757.tw,1788762600000,14:30:00,1_1_3_2_1_,1_1_10_1_1_,0,000000,-,-,16,12,0.0000,-,金色三麥,-,0,otc,-,13:30:00,97.4000,0,79.8000,金色三麥餐飲股份有限公司,88.6000,-,0,TPEX,
7767.tw,4,4,20.otc.tw|1398080,45.0000,0,0,45.1000,45.0000,000000,20260907,otc_7767.tw_20260907,45.0000_45.6500_45.7000_45.7500_46.0000_,44.9500_44.9000_44.8500_44.8000_44.7000_,7767,13.otc.tw|2206,20260907,14:30:00,7767.tw,1788762600000,14:30:00,1_3_1_1_2_,2_3_2_4_5_,0,000000,50,45.0000,30,12,45.1000,44.6000,仁大資訊,44.8500,0,otc,4,13:30:00,49.4000,18,40.5000,仁大資訊股份有限公司,44.9500,45.0000,0,TPEX,
7770.tw,1,1,20.otc.tw|1397747,34.7500,0,0,38.0000,33.7500,000000,20260907,otc_7770.tw_20260907,34.7500_34.8000_34.8500_35.0000_35.5000_,34.3000_34.2500_34.2000_34.1500_34.0500_,7770,13.otc.tw|2374,20260907,14:30:00,7770.tw,1788762600000,14:30:00,1_1_1_1_1_,1_1_1_1_1_,0,000000,100,34.8000,24,12,33.7500,34.5500,君曜,34.8000,0,otc,1,13:30:00,38.5000,9,31.5000,君曜科技股份有限公司,35.0000,34.7500,0,TPEX,
7772.tw,-,-,9.otc.tw|5701,-,0,5,0.0000,119.5000,000000,20260907,otc_7772.tw_20260907,-,119.5000_119.0000_118.0000_116.0000_115.0000_,7772,13.otc.tw|1451,20260907,14:30:00,7772.tw,1788762600000,14:30:00,-,216_3_1_2_8_,0,000000,125,119.5000,24,12,119.5000,119.5000,耀穎,119.5000,0,otc,-,13:30:00,119.5000,75,98.1000,耀穎光電股份有限公司,109.0000,-,0,TPEX,
7777.tw,61,48,20.otc.tw|1397749,37.9500,0,0,39.0500,38.2000,000000,20260907,otc_7777.tw_20260907,38.0500_38.1000_38.1500_38.2000_38.2500_,38.0000_37.9500_37.9000_37.8500_37.8000_,7777,13.otc.tw|1619,20260907,14:30:00,7777.tw,1788762600000,14:30:00,5_9_11_7_9_,5_21_31_16_74_,0,000000,1220,38.7000,20,12,38.2000,37.6500,能率亞洲,38.7000,0,otc,61,13:30:00,42.1000,1335,34.5000,能率亞洲資本股份有限公司,38.3000,38.0000,0,TPEX,
7782.tw,-,-,20.otc.tw|1397750,-,0,0,29.0000,0.0000,000000,20260907,otc_7782.tw_20260907,26.2000_26.4000_26.4500_26.8000_27.0000_,26.0500_26.0000_25.8500_25.8000_25.5000_,7782,13.otc.tw|1787,20260907,14:30:00,7782.tw,1788762600000,14:30:00,1_1_2_1_3_,1_1_4_5_2_,0,000000,-,26.0000,38,12,0.0000,25.9500,光速火箭,26.0000,0,otc,-,13:30:00,29.0000,3,23.8000,光速火箭股份有限公司,26.4000,-,0,TPEX,
7792.tw,7,7,20.otc.tw|1397751,314.5000,0,0,315.5000,314.5000,000000,20260907,otc_7792.tw_20260907,314.5000_315.0000_315.5000_316.0000_316.5000_,313.0000_312.5000_312.0000_311.5000_311.0000_,7792,13.otc.tw|1955,20260907,14:30:00,7792.tw,1788762600000,14:30:00,2_2_3_6_7_,2_2_1_7_1_,0,000000,500,319.5000,31,12,315.5000,308.0000,安葆,308.0000,0,otc,7,13:30:00,338.5000,344,277.5000,安葆國際實業股份有限公司,308.0000,314.5000,0,TPEX,
7794.tw,-,-,20.otc.tw|1397752,-,0,0,0.0000,31.6500,000000,20260907,otc_7794.tw_20260907,-,31.6500_31.4000_31.2000_30.5000_30.1500_,7794,13.otc.tw|2123,20260907,14:30:00,7794.tw,1788762600000,14:30:00,-,190_1_3_1_3_,0,000000,-,31.6500,38,12,0.0000,31.6500,宏碁智新,31.6500,0,otc,-,13:30:00,31.6500,135,25.9500,宏碁智新股份有限公司,28.8000,-,0,TPEX,
7805.tw,3,3,20.otc.tw|1397753,514.0000,0,0,516.0000,515.0000,000000,20260907,otc_7805.tw_20260907,515.0000_519.0000_520.0000_521.0000_522.0000_,512.0000_508.0000_507.0000_506.0000_505.0000_,7805,13.otc.tw|2291,20260907,14:30:00,7805.tw,1788762600000,14:30:00,3_1_3_1_3_,1_4_1_2_2_,0,000000,173,515.0000,36,12,516.0000,506.0000,威聯通,511.0000,0,otc,3,13:30:00,558.0000,30,457.5000,威聯通科技股份有限公司,508.0000,514.0000,0,TPEX,
7810.tw,3,3,20.otc.tw|1397754,217.5000,0,0,218.5000,217.5000,000000,20260907,otc_7810.tw_20260907,219.0000_219.5000_220.0000_220.5000_221.0000_,217.5000_217.0000_216.0000_215.5000_215.0000_,7810,13.otc.tw|1535,20260907,14:30:00,7810.tw,1788762600000,14:30:00,1_1_3_2_1_,1_1_1_2_2_,0,000000,-,224.0000,24,12,0.0000,217.0000,捷創科技,224.0000,0,otc,3,13:30:00,239.0000,52,196.0000,捷創科技股份有限公司,217.5000,217.5000,0,TPEX,
7811.tw,-,-,20.otc.tw|1397755,-,0,0,74.3000,74.1000,000000,20260907,otc_7811.tw_20260907,74.8000_74.9000_75.0000_77.1000_77.2000_,73.7000_73.3000_69.5000_69.4000_69.3000_,7811,13.otc.tw|1703,20260907,14:30:00,7811.tw,1788762600000,14:30:00,1_1_1_1_1_,1_1_1_1_2_,0,000000,-,74.0000,37,12,0.0000,73.7000,民盛,73.7000,0,otc,-,13:30:00,81.0000,3,66.4000,民盛應用企業股份有限公司,73.7000,-,0,TPEX,
7814.tw,1,1,20.otc.tw|1397756,29.0000,0,0,29.6500,0.0000,000000,20260907,otc_7814.tw_20260907,29.0000_29.2000_29.3000_29.5500_29.6500_,28.9500_28.9000_28.8500_28.8000_28.7500_,7814,13.otc.tw|1871,20260907,14:30:00,7814.tw,1788762600000,14:30:00,5_4_1_1_1_,3_1_2_1_1_,0,000000,-,29.5000,22,12,0.0000,28.9500,海昌生技,29.0000,0,otc,1,13:30:00,31.9000,28,26.1000,海昌生化科技股份有限公司,29.0000,29.0000,0,TPEX,
7819.tw,-,-,20.otc.tw|1397757,-,0,0,35.2000,35.0000,000000,20260907,otc_7819.tw_20260907,35.1000_35.1500_35.2000_35.2500_35.3000_,34.7000_34.6500_34.6000_34.5500_34.5000_,7819,13.otc.tw|2039,20260907,14:30:00,7819.tw,1788762600000,14:30:00,1_1_1_1_1_,6_4_3_5_6_,0,000000,100,35.2000,30,12,35.2000,34.6500,精誠金融,35.2000,0,otc,-,13:30:00,38.7000,19,31.7000,精誠金融科技股份有限公司,35.2000,-,0,TPEX,
7820.tw,2,2,20.otc.tw|1397758,114.5000,0,0,115.0000,0.0000,000000,20260907,otc_7820.tw_20260907,115.0000_118.0000_118.5000_119.0000_119.5000_,114.0000_113.5000_113.0000_112.5000_112.0000_,7820,13.otc.tw|2207,20260907,14:30:00,7820.tw,1788762600000,14:30:00,1_2_1_3_2_,1_1_3_6_2_,0,000000,39,120.0000,35,12,115.0000,113.5000,立盈,120.0000,0,otc,2,13:30:00,129.5000,20,106.5000,立盈環保科技股份有限公司,118.0000,114.5000,0,TPEX,
7828.tw,11,10,20.otc.tw|1397759,1865.0000,0,0,1875.0000,1870.0000,000000,20260907,otc_7828.tw_20260907,1875.0000_1880.0000_1885.0000_1890.0000_1895.0000_,1865.0000_1860.0000_1855.0000_1850.0000_1845.0000_,7828,13.otc.tw|2375,20260907,14:30:00,7828.tw,1788762600000,14:30:00,1_1_3_2_1_,3_4_3_6_1_,0,000000,246,2000.0000,24,12,1870.0000,1855.0000,創新服務,1990.0000,0,otc,11,13:30:00,2120.0000,334,1740.0000,創新服務股份有限公司,1930.0000,1870.0000,0,TPEX,
7839.tw,-,-,20.otc.tw|1397760,-,0,0,44.5000,0.0000,000000,20260907,otc_7839.tw_20260907,44.2500_44.3000_44.3500_44.4000_44.4500_,44.0000_43.2000_43.1500_43.1000_43.0500_,7839,13.otc.tw|1452,20260907,14:30:00,7839.tw,1788762600000,14:30:00,2_5_1_1_1_,5_1_1_1_2_,0,000000,-,44.5000,36,12,0.0000,43.5000,達人網,44.2000,0,otc,-,13:30:00,48.3000,7,39.6000,達人網科技股份有限公司,43.9500,-,0,TPEX,
7842.tw,-,-,20.otc.tw|1397761,-,0,0,100.5000,0.0000,000000,20260907,otc_7842.tw_20260907,100.0000_101.0000_101.5000_102.0000_103.0000_,98.5000_97.9000_97.8000_97.7000_97.4000_,7842,13.otc.tw|1620,20260907,14:30:00,7842.tw,1788762600000,14:30:00,8_6_4_5_4_,5_1_2_1_1_,0,000000,-,101.5000,35,12,0.0000,97.2000,天能綠電,97.2000,0,otc,-,13:30:00,108.0000,24,88.4000,天能綠電股份有限公司,98.2000,-,0,TPEX,
8024.tw,-,-,20.otc.tw|1397763,-,0,0,12.8500,12.8000,000000,20260907,otc_8024.tw_20260907,12.8000_12.8500_12.9000_12.9500_13.0000_,12.7000_12.6500_12.6000_12.5500_12.5000_,8024,13.otc.tw|1788,20260907,14:30:00,8024.tw,1788762600000,14:30:00,14_2_14_2_19_,8_6_5_11_67_,0,000000,-,12.9000,24,12,0.0000,12.5500,佑華,12.5500,0,otc,-,13:30:00,14.1500,26,11.6500,佑華微電子股份有限公司,12.9000,-,0,TPEX,
8027.tw,93,92,9.otc.tw|5717,185.5000,0,9,185.5000,185.0000,000000,20260907,otc_8027.tw_20260907,185.5000_186.0000_186.5000_187.0000_187.5000_,185.0000_184.5000_184.0000_183.5000_183.0000_,8027,13.otc.tw|1956,20260907,14:30:00,8027.tw,1788762600000,14:30:00,3_43_20_35_26_,23_36_26_23_30_,0,000000,587,186.0000,05,12,185.5000,180.0000,鈦昇,185.0000,0,otc,93,13:30:00,199.5000,2261,163.5000,鈦昇科技股份有限公司,181.5000,185.5000,0,TPEX,
8032.tw,1,1,20.otc.tw|1397767,35.7500,0,0,0.0000,36.0000,000000,20260907,otc_8032.tw_20260907,35.9000_36.0000_36.0500_36.1500_36.2000_,35.7500_35.6000_35.5000_35.2000_35.1000_,8032,13.otc.tw|2124,20260907,14:30:00,8032.tw,1788762600000,14:30:00,1_1_1_1_1_,2_6_12_4_2_,0,000000,23,36.0000,29,12,36.0000,35.6000,光菱,36.0000,0,otc,1,13:30:00,39.2500,12,32.1500,光菱電子股份有限公司,35.7000,35.7500,0,TPEX,
8034.tw,11,11,9.otc.tw|5720,20.9000,0,2,20.9000,20.7500,000000,20260907,otc_8034.tw_20260907,20.9500_21.0000_21.0500_21.1000_21.1500_,20.8500_20.8000_20.7500_20.7000_20.6500_,8034,13.otc.tw|2292,20260907,14:30:00,8034.tw,1788762600000,14:30:00,10_11_4_7_11_,12_4_3_1_2_,0,000000,1250,21.2500,27,12,20.7500,20.0000,榮群,20.0000,0,otc,11,13:30:00,21.3500,359,17.5500,榮群電訊股份有限公司,19.4500,20.9000,0,TPEX,
8038.tw,1,1,20.otc.tw|1397769,30.8500,0,0,31.9000,31.0000,000000,20260907,otc_8038.tw_20260907,30.8500_30.9000_30.9500_31.0000_31.0500_,30.8000_30.7500_30.7000_30.6500_30.6000_,8038,13.otc.tw|1536,20260907,14:30:00,8038.tw,1788762600000,14:30:00,2_1_5_11_5_,13_3_5_4_7_,0,000000,124,32.0000,28,12,31.0000,30.8500,長園科,32.0000,0,otc,1,13:30:00,35.0500,125,28.7500,長園科技實業股份有限公司,31.9000,30.8500,0,TPEX,
8040.tw,6,6,9.otc.tw|5722,82.5000,0,1,0.0000,82.5000,000000,20260907,otc_8040.tw_20260907,-,82.5000_82.3000_82.2000_82.1000_82.0000_,8040,13.otc.tw|1704,20260907,14:30:00,8040.tw,1788762600000,14:30:00,-,524_3_2_15_20_,0,000000,55,82.5000,24,12,82.5000,74.5000,九暘,77.5000,0,otc,6,13:30:00,82.5000,4892,67.5000,九暘電子股份有限公司,75.0000,82.5000,0,TPEX,
8042.tw,8,8,9.otc.tw|5723,121.5000,0,1,0.0000,121.5000,000000,20260907,otc_8042.tw_20260907,-,121.5000_121.0000_120.5000_120.0000_119.5000_,8042,13.otc.tw|1872,20260907,14:30:00,8042.tw,1788762600000,14:30:00,-,6124_7_6_18_4_,0,000000,2050,121.5000,28,12,121.5000,111.5000,金山電,113.5000,0,otc,8,13:30:00,121.5000,11464,99.5000,臺灣金山電子工業股份有限公司,110.5000,121.5000,0,TPEX,
8043.tw,257,250,9.otc.tw|5725,144.0000,0,7,145.0000,144.5000,000000,20260907,otc_8043.tw_20260907,144.0000_144.5000_145.0000_145.5000_146.0000_,143.5000_143.0000_142.5000_142.0000_141.5000_,8043,13.otc.tw|2040,20260907,14:30:00,8043.tw,1788762600000,14:30:00,13_9_21_21_14_,8_13_38_66_13_,0,000000,1329,149.5000,28,12,144.5000,142.5000,蜜望實,146.0000,0,otc,257,13:30:00,156.0000,4931,128.0000,蜜望實企業股份有限公司,142.0000,144.0000,0,TPEX,
8044.tw,24,24,9.otc.tw|5726,23.7500,0,2,23.8000,23.7500,000000,20260907,otc_8044.tw_20260907,23.8000_23.8500_23.9000_23.9500_24.1500_,23.7500_23.7000_23.6500_23.6000_23.5500_,8044,13.otc.tw|2208,20260907,14:30:00,8044.tw,1788762600000,14:30:00,2_16_6_1_1_,30_8_10_13_9_,0,000000,109,24.2000,36,12,23.8000,23.6500,網家,24.2000,0,otc,24,13:30:00,26.4000,443,21.6000,網路家庭國際資訊股份有限公司,24.0000,23.7500,0,TPEX,
8047.tw,1,1,20.otc.tw|1397422,42.1000,0,0,42.2500,41.6000,000000,20260907,otc_8047.tw_20260907,43.9500_44.0000_44.1500_44.2000_44.4000_,41.9000_41.8000_41.6500_41.5500_41.5000_,8047,13.otc.tw|2376,20260907,14:30:00,8047.tw,1788762600000,14:30:00,3_3_1_1_1_,4_2_3_2_1_,0,000000,-,43.9500,31,12,0.0000,41.1000,星雲,41.1000,0,otc,1,13:30:00,47.3000,28,38.7000,星雲電腦股份有限公司,43.0000,42.1000,0,TPEX,
8048.tw,65,9,20.otc.tw|1397423,50.2000,0,0,51.4000,50.5000,000000,20260907,otc_8048.tw_20260907,50.6000_50.7000_50.8000_50.9000_51.0000_,50.0000_49.9500_49.9000_49.6000_49.1000_,8048,13.otc.tw|1453,20260907,14:30:00,8048.tw,1788762600000,14:30:00,1_6_1_1_4_,2_2_1_1_3_,0,000000,30,51.9000,27,12,50.5000,50.0000,德勝,51.9000,0,otc,65,13:30:00,56.7000,133,46.4500,德勝科技股份有限公司,51.6000,50.0000,0,TPEX,
8049.tw,4,4,20.otc.tw|1397424,24.3000,0,0,25.8000,24.3500,000000,20260907,otc_8049.tw_20260907,24.3500_24.4000_24.4500_24.5000_24.5500_,24.3000_24.2500_24.2000_24.1500_24.1000_,8049,13.otc.tw|1621,20260907,14:30:00,8049.tw,1788762600000,14:30:00,5_2_5_4_8_,2_21_39_24_28_,0,000000,190,24.4500,26,12,24.3500,24.2000,晶采,24.4500,0,otc,4,13:30:00,26.8500,178,22.0500,晶采光電科技股份有限公司,24.4500,24.3000,0,TPEX,
8050.tw,42,41,9.otc.tw|5730,56.6000,0,9,56.7000,56.6000,000000,20260907,otc_8050.tw_20260907,56.7000_56.8000_56.9000_57.0000_57.1000_,56.6000_56.4000_56.3000_56.2000_56.1000_,8050,13.otc.tw|1789,20260907,14:30:00,8050.tw,1788762600000,14:30:00,11_9_2_29_5_,2_16_14_15_4_,0,000000,128,57.0000,25,12,56.6000,55.7000,廣積,57.0000,0,otc,42,13:30:00,62.0000,490,50.8000,廣積科技股份有限公司,56.4000,56.6000,0,TPEX,
8054.tw,19,18,9.otc.tw|5732,82.8000,0,4,83.1000,82.8000,000000,20260907,otc_8054.tw_20260907,82.9000_83.0000_83.1000_83.2000_83.3000_,82.8000_82.7000_82.6000_82.5000_82.4000_,8054,13.otc.tw|1957,20260907,14:30:00,8054.tw,1788762600000,14:30:00,4_11_6_7_5_,1_2_3_3_2_,0,000000,755,83.5000,24,12,82.8000,82.0000,安國,83.5000,0,otc,19,13:30:00,90.7000,298,74.3000,安國國際科技股份有限公司,82.5000,82.8000,0,TPEX,
8059.tw,1,1,20.otc.tw|1397429,13.3000,0,0,13.5000,13.4000,000000,20260907,otc_8059.tw_20260907,13.4000_13.4500_13.5000_13.5500_13.6000_,13.3000_13.2500_13.2000_13.1500_13.1000_,8059,13.otc.tw|2125,20260907,14:30:00,8059.tw,1788762600000,14:30:00,3_10_26_1_1_,2_9_14_10_23_,0,000000,6,13.7000,27,12,13.4000,13.2500,凱碩,13.7000,0,otc,1,13:30:00,14.8500,139,12.1500,凱碩科技股份有限公司,13.5000,13.3000,0,TPEX,
8064.tw,231,223,9.otc.tw|5734,122.5000,0,21,0.0000,123.0000,000000,20260907,otc_8064.tw_20260907,122.5000_123.0000_,122.0000_121.5000_121.0000_120.5000_120.0000_,8064,13.otc.tw|2293,20260907,14:30:00,8064.tw,1788762600000,14:30:00,10_171_,20_22_104_38_60_,0,000000,2126,123.0000,26,12,123.0000,109.0000,東捷,115.0000,0,otc,231,13:30:00,123.0000,17050,101.0000,東捷科技股份有限公司,112.0000,122.5000,0,TPEX,
8066.tw,1,1,20.otc.tw|1397431,14.6000,0,0,15.4500,14.6000,000000,20260907,otc_8066.tw_20260907,14.6000_14.7000_14.7500_14.8500_14.9000_,14.5500_14.5000_14.4500_14.4000_14.3500_,8066,13.otc.tw|1537,20260907,14:30:00,8066.tw,1788762600000,14:30:00,3_4_4_1_2_,1_1_3_7_1_,0,000000,1,14.7500,38,12,14.7000,14.6000,來思達,14.7500,0,otc,1,13:30:00,16.1500,7,13.2500,來思達國際企業股份有限公司,14.7000,14.6000,0,TPEX,
8067.tw,-,-,20.otc.tw|1397432,-,0,0,11.8000,11.5000,000000,20260907,otc_8067.tw_20260907,11.8000_12.0000_12.2500_12.4500_12.5000_,11.4500_11.1000_10.8000_10.6000_,8067,13.otc.tw|1705,20260907,14:30:00,8067.tw,1788762600000,14:30:00,1_4_1_2_1_,1_6_1_2_,0,000000,-,12.0000,29,12,0.0000,11.7500,志旭,12.0000,0,otc,-,13:30:00,12.9000,2,10.6000,志旭國際股份有限公司,11.7500,-,0,TPEX,
8068.tw,-,-,20.otc.tw|1397433,-,0,0,16.9000,16.8000,000000,20260907,otc_8068.tw_20260907,16.8500_16.9000_16.9500_17.0000_17.0500_,16.8000_16.7500_16.7000_16.6500_16.6000_,8068,13.otc.tw|1873,20260907,14:30:00,8068.tw,1788762600000,14:30:00,5_2_4_12_6_,1_10_21_12_15_,0,000000,-,16.9000,29,12,0.0000,16.7000,全達,16.9000,0,otc,-,13:30:00,18.5000,23,15.2000,全達國際股份有限公司,16.8500,-,0,TPEX,
8069.tw,409,438,9.otc.tw|5738,149.5000,0,2,151.5000,151.0000,000000,20260907,otc_8069.tw_20260907,150.5000_151.0000_151.5000_152.0000_152.5000_,150.0000_149.5000_149.0000_148.5000_148.0000_,8069,13.otc.tw|2041,20260907,14:30:00,8069.tw,1788762600000,14:30:00,79_135_98_36_61_,11_122_221_189_265_,0,000000,505,152.5000,26,12,151.5000,147.0000,元太,149.5000,0,otc,409,13:30:00,163.0000,4511,134.0000,元太科技工業股份有限公司,148.5000,150.5000,0,TPEX,
8071.tw,8,8,9.otc.tw|5739,23.0000,0,3,23.2000,23.1000,000000,20260907,otc_8071.tw_20260907,23.0500_23.1000_23.1500_23.2000_23.3000_,23.0000_22.9500_22.9000_22.8500_22.8000_,8071,13.otc.tw|2209,20260907,14:30:00,8071.tw,1788762600000,14:30:00,3_11_2_1_2_,3_1_4_16_25_,0,000000,3,23.4000,28,12,23.1000,22.6500,能率網通,23.4000,0,otc,8,13:30:00,25.5500,414,20.9500,能率網通股份有限公司,23.2500,23.0000,0,TPEX,
8074.tw,14,14,20.otc.tw|1397436,54.5000,0,0,55.0000,54.7000,000000,20260907,otc_8074.tw_20260907,54.6000_54.7000_54.8000_54.9000_55.0000_,54.5000_54.4000_54.3000_54.2000_54.1000_,8074,13.otc.tw|2377,20260907,14:30:00,8074.tw,1788762600000,14:30:00,3_1_1_11_25_,2_4_2_1_8_,0,000000,10,55.6000,28,12,55.0000,54.0000,鉅橡,54.9000,0,otc,14,13:30:00,58.6000,392,48.0000,鉅橡企業股份有限公司,53.3000,54.5000,0,TPEX,
8076.tw,28,28,9.otc.tw|5741,21.9000,0,1,21.9500,21.9000,000000,20260907,otc_8076.tw_20260907,21.9500_22.0000_22.0500_22.1000_22.1500_,21.9000_21.8500_21.8000_21.7500_21.7000_,8076,13.otc.tw|1454,20260907,14:30:00,8076.tw,1788762600000,14:30:00,213_4_8_28_7_,128_23_31_33_25_,0,000000,218,22.2500,25,12,21.9500,21.9000,伍豐,22.2000,0,otc,28,13:30:00,24.3500,449,19.9500,伍豐科技股份有限公司,22.1500,21.9000,0,TPEX,
8077.tw,-,-,20.otc.tw|1397439,-,0,0,0.0000,43.9500,000000,20260907,otc_8077.tw_20260907,44.1000_44.2000_44.8000_45.5000_46.0000_,43.5500_43.5000_43.3000_43.1000_43.0000_,8077,13.otc.tw|1622,20260907,14:30:00,8077.tw,1788762600000,14:30:00,1_1_1_1_5_,2_3_5_3_10_,0,000000,-,43.9500,16,12,0.0000,43.7500,洛碁,43.7500,0,otc,-,13:30:00,48.1000,3,39.4000,洛碁實業股份有限公司,43.7500,-,0,TPEX,
8080.tw,-,-,20.otc.tw|1397440,-,0,0,28.9500,28.6500,000000,20260907,otc_8080.tw_20260907,29.0000_29.3000_29.4000_29.4500_29.6000_,28.8000_28.5000_28.4500_28.4000_27.8000_,8080,13.otc.tw|1790,20260907,14:30:00,8080.tw,1788762600000,14:30:00,1_1_2_1_5_,5_2_1_2_1_,0,000000,-,29.0000,14,12,0.0000,28.8500,泰霖,29.0000,0,otc,-,13:30:00,31.6500,6,25.9500,泰霖事業股份有限公司,28.8000,-,0,TPEX,
8083.tw,10,10,20.otc.tw|1397441,158.0000,0,0,158.5000,156.0000,000000,20260907,otc_8083.tw_20260907,158.0000_158.5000_159.0000_159.5000_160.0000_,157.5000_157.0000_156.5000_156.0000_155.5000_,8083,13.otc.tw|1958,20260907,14:30:00,8083.tw,1788762600000,14:30:00,4_3_3_1_12_,2_4_6_2_5_,0,000000,-,159.0000,05,12,0.0000,157.5000,瑞穎,159.0000,0,otc,10,13:30:00,173.5000,51,142.5000,瑞穎股份有限公司,158.0000,158.0000,0,TPEX,
8084.tw,7,7,9.otc.tw|5745,45.4000,0,4,0.0000,45.6500,000000,20260907,otc_8084.tw_20260907,45.5500_45.6000_45.7500_45.8000_45.8500_,45.4000_45.3500_45.3000_45.2500_45.2000_,8084,13.otc.tw|2126,20260907,14:30:00,8084.tw,1788762600000,14:30:00,7_5_5_5_9_,2_9_4_8_3_,0,000000,-,46.4000,29,12,0.0000,45.0000,巨虹,46.0500,0,otc,7,13:30:00,50.1000,473,41.0000,巨虹電子股份有限公司,45.5500,45.4000,0,TPEX,
8085.tw,13,13,9.otc.tw|5746,15.3000,0,2,15.3000,15.2000,000000,20260907,otc_8085.tw_20260907,15.5500_15.6000_15.6500_15.7000_15.8000_,15.3000_15.2500_15.2000_15.1500_15.1000_,8085,13.otc.tw|2294,20260907,14:30:00,8085.tw,1788762600000,14:30:00,1_8_6_46_6_,4_5_14_11_20_,0,000000,54,15.6500,31,12,15.3000,15.0000,福華,15.5000,0,otc,13,13:30:00,16.7000,646,13.7000,福華電子股份有限公司,15.2000,15.3000,0,TPEX,
8086.tw,77,76,9.otc.tw|5747,112.5000,0,7,113.0000,112.5000,000000,20260907,otc_8086.tw_20260907,113.0000_113.5000_114.0000_114.5000_115.0000_,112.5000_112.0000_111.5000_111.0000_110.5000_,8086,13.otc.tw|1538,20260907,14:30:00,8086.tw,1788762600000,14:30:00,34_63_79_50_85_,75_153_154_157_93_,0,000000,807,113.5000,24,12,113.0000,111.5000,宏捷科,113.0000,0,otc,77,13:30:00,123.5000,1760,101.5000,宏捷科技股份有限公司,112.5000,112.5000,0,TPEX,
8087.tw,-,-,20.otc.tw|1397213,-,0,,27.0500,26.6500,000000,20260907,otc_8087.tw_20260907,26.9500_27.0000_27.2000_27.3000_27.5000_,26.6500_26.2500_26.1500_26.0000_25.1000_,8087,13.otc.tw|1706,20260907,14:30:00,8087.tw,1788762600000,14:30:00,3_2_6_1_1_,1_2_1_2_1_,0,000000,-,-,35,12,0.0000,-,麗升能源,-,0,otc,-,13:30:00,29.7000,0,24.3000,麗升能源科技股份有限公司,27.0000,-,0,TPEX,
8088.tw,23,23,9.otc.tw|5749,43.7000,0,1,45.2000,44.1000,000000,20260907,otc_8088.tw_20260907,43.7500_43.8000_43.9000_43.9500_44.0000_,43.7000_43.6500_43.6000_43.5500_43.5000_,8088,13.otc.tw|1874,20260907,14:30:00,8088.tw,1788762600000,14:30:00,1_4_4_4_27_,15_2_5_10_18_,0,000000,2,44.4000,24,12,44.1000,43.3500,品安,43.8500,0,otc,23,13:30:00,47.4500,423,38.8500,品安科技股份有限公司,43.1500,43.7000,0,TPEX,
8089.tw,1,1,20.otc.tw|1397216,16.9000,0,0,17.0000,16.9000,000000,20260907,otc_8089.tw_20260907,17.0500_17.1000_17.2500_17.3000_17.3500_,16.9000_16.8500_16.8000_16.7500_16.7000_,8089,13.otc.tw|2042,20260907,14:30:00,8089.tw,1788762600000,14:30:00,3_38_2_4_1_,14_4_23_14_22_,0,000000,351,17.1000,27,12,17.0000,16.9000,康全電訊,17.1000,0,otc,1,13:30:00,18.7500,186,15.3500,康全電訊股份有限公司,17.0500,17.0500,0,TPEX,
8091.tw,8,8,20.otc.tw|1397217,216.5000,0,0,226.5000,217.0000,000000,20260907,otc_8091.tw_20260907,217.0000_217.5000_218.0000_218.5000_219.0000_,216.5000_216.0000_215.5000_215.0000_214.5000_,8091,13.otc.tw|2210,20260907,14:30:00,8091.tw,1788762600000,14:30:00,1_1_9_5_8_,2_5_10_10_5_,0,000000,113,219.0000,24,12,217.0000,214.5000,翔名,218.5000,0,otc,8,13:30:00,236.5000,165,193.5000,翔名科技股份有限公司,215.0000,216.5000,0,TPEX,
8092.tw,3,3,20.otc.tw|1397219,12.8500,0,0,12.8500,12.7500,000000,20260907,otc_8092.tw_20260907,12.8500_13.0000_13.1000_13.1500_13.2000_,12.8000_12.7000_12.6500_12.6000_12.5000_,8092,13.otc.tw|2378,20260907,14:30:00,8092.tw,1788762600000,14:30:00,2_30_2_5_1_,7_1_1_2_2_,0,000000,-,13.1000,31,12,0.0000,12.8500,建暐,13.1000,0,otc,3,13:30:00,14.2000,27,11.7000,建暐精密科技股份有限公司,12.9500,12.8500,0,TPEX,
8093.tw,3,3,20.otc.tw|1397221,26.2500,0,0,26.3500,26.1000,000000,20260907,otc_8093.tw_20260907,26.3000_26.3500_26.4000_26.7500_26.8000_,26.2500_26.2000_26.1500_26.1000_26.0500_,8093,13.otc.tw|1455,20260907,14:30:00,8093.tw,1788762600000,14:30:00,1_2_8_2_8_,1_2_1_2_1_,0,000000,-,26.8000,28,12,0.0000,26.2500,保銳,26.3000,0,otc,3,13:30:00,28.9500,24,23.7500,保銳科技股份有限公司,26.3500,26.2500,0,TPEX,
8096.tw,89,89,9.otc.tw|5754,105.0000,0,2,106.0000,105.0000,000000,20260907,otc_8096.tw_20260907,105.5000_106.0000_106.5000_107.0000_107.5000_,105.0000_104.5000_104.0000_103.5000_103.0000_,8096,13.otc.tw|1623,20260907,14:30:00,8096.tw,1788762600000,14:30:00,6_18_26_15_34_,32_97_64_44_53_,0,000000,217,108.0000,29,12,105.0000,104.5000,擎亞,106.5000,0,otc,89,13:30:00,114.5000,1548,94.1000,擎亞電子股份有限公司,104.5000,105.0000,0,TPEX,
8097.tw,-,-,9.otc.tw|5756,-,0,38,49.0500,48.9500,000000,20260907,otc_8097.tw_20260907,48.9000_49.0000_49.1500_49.2000_49.2500_,48.8000_48.7500_48.6000_48.5500_48.5000_,8097,13.otc.tw|1791,20260907,14:30:00,8097.tw,1788762600000,14:30:00,5_4_1_1_2_,5_1_2_3_2_,0,000000,-,48.9500,27,12,0.0000,48.5000,常珵,48.9000,0,otc,-,13:30:00,53.9000,55,44.1000,常珵科技股份有限公司,49.0000,-,0,TPEX,
8099.tw,16,14,20.otc.tw|1397226,58.2000,0,0,58.5000,58.2000,000000,20260907,otc_8099.tw_20260907,58.1000_58.5000_58.6000_58.7000_58.9000_,58.0000_57.9000_57.8000_57.7000_57.6000_,8099,13.otc.tw|1959,20260907,14:30:00,8099.tw,1788762600000,14:30:00,1_1_1_1_1_,4_2_7_4_6_,0,000000,610,59.8000,30,12,58.5000,57.9000,大世科,59.2000,0,otc,16,13:30:00,65.0000,569,53.2000,大同世界科技股份有限公司,59.1000,58.1000,0,TPEX,
8102.tw,1,1,20.otc.tw|1397227,65.8000,0,0,0.0000,65.0000,000000,20260907,otc_8102.tw_20260907,65.9000_66.0000_69.0000_70.9000_71.0000_,65.0000_64.6000_64.5000_63.2000_63.1000_,8102,13.otc.tw|2127,20260907,14:30:00,8102.tw,1788762600000,14:30:00,1_1_4_1_4_,1_1_1_6_6_,0,000000,-,65.8000,24,12,0.0000,63.1000,傑霖科技,63.1000,0,otc,1,13:30:00,71.5000,2,58.5000,傑霖科技股份有限公司,65.0000,65.8000,0,TPEX,
8107.tw,-,-,20.otc.tw|1397229,-,0,0,12.4000,12.3500,000000,20260907,otc_8107.tw_20260907,12.3000_12.4000_12.4500_12.5000_12.6000_,12.2500_12.2000_12.1500_12.1000_12.0000_,8107,13.otc.tw|2295,20260907,14:30:00,8107.tw,1788762600000,14:30:00,1_3_6_1_1_,12_6_2_1_110_,0,000000,100,12.3500,05,12,12.3500,12.2000,大億金茂,12.2000,0,otc,-,13:30:00,13.6000,12,11.2000,大億金茂股份有限公司,12.4000,-,0,TPEX,
8109.tw,9,9,20.otc.tw|1397230,129.0000,0,0,130.0000,129.5000,000000,20260907,otc_8109.tw_20260907,129.0000_129.5000_130.0000_130.5000_131.0000_,128.5000_128.0000_127.5000_127.0000_126.5000_,8109,13.otc.tw|1539,20260907,14:30:00,8109.tw,1788762600000,14:30:00,3_4_11_8_5_,22_68_23_22_34_,0,000000,133,130.5000,28,12,129.5000,128.5000,博大,130.5000,1,otc,9,13:30:00,143.0000,150,117.0000,博大科技股份有限公司,130.0000,129.0000,0,TPEX,
8111.tw,708,708,9.otc.tw|5761,73.5000,0,36,73.9000,73.8000,000000,20260907,otc_8111.tw_20260907,73.5000_73.6000_73.7000_73.8000_73.9000_,73.4000_73.3000_73.2000_73.0000_72.9000_,8111,13.otc.tw|1707,20260907,14:30:00,8111.tw,1788762600000,14:30:00,37_20_35_39_54_,4_6_1_167_18_,0,000000,676,75.5000,26,12,73.9000,70.8000,立碁,72.4000,0,otc,708,13:30:00,77.0000,17120,63.0000,立碁電子工業股份有限公司,70.0000,73.5000,0,TPEX,
8121.tw,10,10,20.otc.tw|1397235,27.6000,0,0,27.7000,27.6000,000000,20260907,otc_8121.tw_20260907,27.6500_27.7000_27.7500_27.8000_27.8500_,27.6000_27.5500_27.5000_27.4500_27.4000_,8121,13.otc.tw|1875,20260907,14:30:00,8121.tw,1788762600000,14:30:00,4_1_7_1_1_,10_24_27_17_15_,0,000000,99,27.9500,28,12,27.6000,27.4500,越峰,27.4500,0,otc,10,13:30:00,30.6500,254,25.1500,越峰電子材料股份有限公司,27.9000,27.6000,0,TPEX,
8147.tw,87,87,9.otc.tw|5766,142.0000,0,1,142.0000,141.5000,000000,20260907,otc_8147.tw_20260907,142.0000_142.5000_143.0000_143.5000_144.0000_,141.5000_140.0000_139.5000_139.0000_138.5000_,8147,13.otc.tw|2043,20260907,14:30:00,8147.tw,1788762600000,14:30:00,12_12_17_7_7_,2_9_6_16_12_,0,000000,67,143.0000,28,12,141.5000,134.0000,正淩,142.0000,0,otc,87,13:30:00,148.5000,924,121.5000,正淩精密工業股份有限公司,135.0000,142.0000,0,TPEX,
8155.tw,11,11,20.otc.tw|1397044,347.0000,0,0,349.0000,348.5000,000000,20260907,otc_8155.tw_20260907,347.5000_348.5000_349.0000_350.0000_350.5000_,347.0000_346.5000_346.0000_345.5000_345.0000_,8155,13.otc.tw|2211,20260907,14:30:00,8155.tw,1788762600000,14:30:00,3_1_3_1_1_,10_9_9_11_15_,0,000000,701,356.0000,28,12,349.0000,346.5000,博智,352.5000,0,otc,11,13:30:00,383.0000,387,314.0000,博智電子股份有限公司,348.5000,347.0000,0,TPEX,
8171.tw,2,2,20.otc.tw|1397048,19.6500,0,0,20.0000,19.4500,000000,20260907,otc_8171.tw_20260907,19.6500_19.7000_19.7500_19.8000_19.8500_,19.5500_19.5000_19.4500_19.4000_19.3500_,8171,13.otc.tw|2379,20260907,14:30:00,8171.tw,1788762600000,14:30:00,2_1_3_2_1_,2_6_13_11_8_,0,000000,-,19.6500,35,12,0.0000,19.3000,天宇,19.6000,0,otc,2,13:30:00,21.5000,70,17.6000,天宇工業股份有限公司,19.5500,19.6500,0,TPEX,
8176.tw,-,-,20.otc.tw|1397051,-,0,0,9.9200,9.8000,000000,20260907,otc_8176.tw_20260907,9.8100_9.8300_9.8400_9.8600_9.8800_,9.7100_9.7000_9.6900_9.6800_9.6700_,8176,13.otc.tw|1456,20260907,14:30:00,8176.tw,1788762600000,14:30:00,2_2_2_2_2_,1_12_20_8_15_,0,000000,1,9.8000,27,12,9.9200,9.6800,智捷,9.6800,0,otc,-,13:30:00,10.7000,59,8.8000,智捷科技股份有限公司,9.7700,-,0,TPEX,
8182.tw,26,26,9.otc.tw|5773,39.6000,0,1,39.7000,39.6000,000000,20260907,otc_8182.tw_20260907,39.6500_39.7000_39.8000_39.9000_39.9500_,39.6000_39.5500_39.5000_39.4500_39.4000_,8182,13.otc.tw|1624,20260907,14:30:00,8182.tw,1788762600000,14:30:00,1_1_4_4_4_,6_11_11_1_4_,0,000000,211,40.5000,28,12,39.6000,38.8500,加高,39.4000,0,otc,26,13:30:00,42.7000,493,35.0000,加高電子股份有限公司,38.8500,39.6000,0,TPEX,
8183.tw,16,16,20.otc.tw|1397053,27.9500,0,0,28.8500,28.1500,000000,20260907,otc_8183.tw_20260907,27.9500_28.0000_28.0500_28.1000_28.2000_,27.8500_27.8000_27.7500_27.7000_27.6500_,8183,13.otc.tw|1792,20260907,14:30:00,8183.tw,1788762600000,14:30:00,2_17_5_9_4_,10_14_20_5_6_,0,000000,14,28.1000,31,12,28.1500,27.5500,精星,27.9500,0,otc,16,13:30:00,30.5500,240,25.0500,台灣精星科技股份有限公司,27.8000,27.9500,0,TPEX,
8227.tw,18,15,9.otc.tw|5777,164.0000,0,6,163.5000,163.0000,000000,20260907,otc_8227.tw_20260907,164.0000_164.5000_165.0000_165.5000_166.0000_,163.5000_163.0000_162.5000_162.0000_161.5000_,8227,13.otc.tw|1960,20260907,14:30:00,8227.tw,1788762600000,14:30:00,1_4_9_1_8_,7_7_1_11_5_,0,000000,278,169.5000,24,12,163.5000,158.0000,巨有科技,160.5000,0,otc,18,13:30:00,174.0000,582,143.0000,巨有科技股份有限公司,158.5000,164.0000,0,TPEX,
8234.tw,38,38,20.otc.tw|1397057,66.5000,0,0,67.3000,66.7000,000000,20260907,otc_8234.tw_20260907,66.6000_66.7000_66.8000_66.9000_67.0000_,66.5000_66.4000_66.3000_66.2000_66.1000_,8234,13.otc.tw|2128,20260907,14:30:00,8234.tw,1788762600000,14:30:00,2_5_2_2_2_,16_9_19_9_4_,0,000000,332,68.7000,25,12,66.7000,66.4000,新漢,68.6000,0,otc,38,13:30:00,75.1000,402,61.5000,新漢股份有限公司,68.3000,66.5000,0,TPEX,
8240.tw,110,101,9.otc.tw|5779,56.1000,0,18,55.9000,55.8000,000000,20260907,otc_8240.tw_20260907,56.0000_56.1000_56.2000_56.3000_56.4000_,55.9000_55.8000_55.4000_55.3000_55.2000_,8240,13.otc.tw|2296,20260907,14:30:00,8240.tw,1788762600000,14:30:00,15_5_5_4_27_,5_48_1_8_5_,0,000000,833,56.6000,26,12,55.9000,50.6000,華宏,51.3000,0,otc,110,13:30:00,56.6000,4875,46.3500,華宏新技股份有限公司,51.5000,56.0000,0,TPEX,
8255.tw,20,19,20.otc.tw|1397059,143.0000,0,0,144.5000,144.0000,000000,20260907,otc_8255.tw_20260907,143.5000_144.0000_144.5000_145.0000_145.5000_,143.0000_142.5000_142.0000_141.5000_141.0000_,8255,13.otc.tw|1540,20260907,14:30:00,8255.tw,1788762600000,14:30:00,3_8_3_12_1_,20_6_14_2_37_,0,000000,1,146.5000,05,12,144.5000,143.0000,朋程,146.0000,0,otc,20,13:30:00,159.5000,253,130.5000,朋程科技股份有限公司,145.0000,143.0000,0,TPEX,
8272.tw,-,-,20.otc.tw|1397061,-,0,0,64.4000,63.0000,000000,20260907,otc_8272.tw_20260907,64.5000_64.6000_64.8000_64.9000_65.0000_,62.8000_62.6000_62.5000_62.4000_62.0000_,8272,13.otc.tw|1708,20260907,14:30:00,8272.tw,1788762600000,14:30:00,1_1_1_1_2_,1_1_1_1_1_,0,000000,-,64.7000,30,12,0.0000,62.6000,全景軟體,64.7000,0,otc,-,13:30:00,71.3000,5,58.5000,全景軟體股份有限公司,64.9000,-,0,TPEX,
8277.tw,1,1,20.otc.tw|1397062,7.9900,0,0,7.9800,7.9300,000000,20260907,otc_8277.tw_20260907,8.0300_8.0400_8.0500_8.0600_8.1000_,7.9900_7.9800_7.8300_7.8200_7.8000_,8277,13.otc.tw|1876,20260907,14:30:00,8277.tw,1788762600000,14:30:00,10_20_9_6_2_,8_14_1_1_1_,0,000000,261,8.1500,24,12,7.9300,7.9800,商丞,7.9800,0,otc,1,13:30:00,8.8000,210,7.2000,商丞科技股份有限公司,8.0000,7.9900,0,TPEX,
8279.tw,2,2,20.otc.tw|1397063,78.1000,0,0,83.0000,78.9000,000000,20260907,otc_8279.tw_20260907,78.2000_78.3000_78.6000_79.5000_80.1000_,78.0000_77.9000_77.8000_77.7000_77.6000_,8279,13.otc.tw|2044,20260907,14:30:00,8279.tw,1788762600000,14:30:00,1_1_2_1_1_,5_2_9_6_4_,0,000000,10,79.2000,22,12,78.9000,77.8000,生展,79.2000,0,otc,2,13:30:00,87.1000,33,71.3000,生展生物科技股份有限公司,79.2000,78.1000,0,TPEX,
8284.tw,4,4,20.otc.tw|1397064,66.0000,0,0,66.2000,66.0000,000000,20260907,otc_8284.tw_20260907,66.3000_66.5000_66.6000_66.7000_67.2000_,65.7000_65.6000_65.5000_64.0000_63.5000_,8284,13.otc.tw|2212,20260907,14:30:00,8284.tw,1788762600000,14:30:00,1_1_2_2_2_,4_1_5_1_1_,0,000000,220,66.6000,30,12,66.2000,66.0000,三竹,66.1000,0,otc,4,13:30:00,72.6000,22,59.4000,三竹資訊股份有限公司,66.0000,66.0000,0,TPEX,
8289.tw,8,8,20.otc.tw|1397065,45.4000,0,0,46.7500,45.2000,000000,20260907,otc_8289.tw_20260907,45.4000_45.4500_45.5000_45.5500_45.6000_,45.1000_45.0500_45.0000_44.9500_44.9000_,8289,13.otc.tw|2380,20260907,14:30:00,8289.tw,1788762600000,14:30:00,1_4_9_6_2_,4_1_1_1_15_,0,000000,240,45.7500,28,12,45.2000,44.4000,泰藝,44.6000,0,otc,8,13:30:00,48.9500,218,40.0500,泰藝電子股份有限公司,44.5000,45.4000,0,TPEX,
8291.tw,-,-,20.otc.tw|1397066,-,0,0,0.0000,31.8000,000000,20260907,otc_8291.tw_20260907,32.3000_32.4500_32.5000_,31.8000_30.7500_30.2000_30.1000_30.0000_,8291,13.otc.tw|1457,20260907,14:30:00,8291.tw,1788762600000,14:30:00,1_1_5_,4_1_2_1_10_,0,000000,72,32.5000,28,12,31.8000,29.9000,尚茂,29.9000,0,otc,-,13:30:00,32.8500,19,26.9500,尚茂電子材料股份有限公司,29.9000,-,0,TPEX,
8299.tw,172,171,9.otc.tw|5788,2095.0000,0,1,2100.0000,2095.0000,000000,20260907,otc_8299.tw_20260907,2100.0000_2105.0000_2110.0000_2115.0000_2120.0000_,2095.0000_2090.0000_2085.0000_2080.0000_2075.0000_,8299,13.otc.tw|1625,20260907,14:30:00,8299.tw,1788762600000,14:30:00,27_35_52_53_54_,8_28_25_104_44_,0,000000,2857,2115.0000,24,12,2095.0000,2065.0000,群聯,2075.0000,0,otc,172,13:30:00,2215.0000,2545,1815.0000,群聯電子股份有限公司,2015.0000,2095.0000,0,TPEX,
8342.tw,-,-,20.otc.tw|1396869,-,0,0,95.0000,85.0000,000000,20260907,otc_8342.tw_20260907,87.0000_88.0000_89.0000_89.9000_95.0000_,86.0000_85.8000_85.7000_85.3000_82.0000_,8342,13.otc.tw|1793,20260907,14:30:00,8342.tw,1788762600000,14:30:00,1_3_2_1_1_,1_1_1_1_1_,0,000000,-,87.0000,20,12,0.0000,87.0000,益張,87.0000,0,otc,-,13:30:00,95.7000,2,78.3000,益張實業股份有限公司,87.0000,-,0,TPEX,
8349.tw,1,1,20.otc.tw|1396870,39.0000,0,0,39.1500,39.0000,000000,20260907,otc_8349.tw_20260907,39.0000_39.0500_39.1000_39.1500_39.2000_,38.9000_38.8000_38.7000_38.6500_38.6000_,8349,13.otc.tw|1961,20260907,14:30:00,8349.tw,1788762600000,14:30:00,10_9_5_5_10_,1_1_6_6_22_,0,000000,99,39.0000,10,12,39.0000,38.6000,恒耀,38.6000,0,otc,1,13:30:00,42.8000,65,35.1000,恒耀國際股份有限公司,38.9500,39.0000,0,TPEX,
8354.tw,2,2,20.otc.tw|1396872,17.4500,0,0,17.4500,17.3500,000000,20260907,otc_8354.tw_20260907,17.5000_17.6000_17.6500_17.7000_17.7500_,17.4500_17.4000_17.3500_17.3000_17.2500_,8354,13.otc.tw|2297,20260907,14:30:00,8354.tw,1788762600000,14:30:00,3_20_5_13_11_,5_2_19_3_3_,0,000000,160,18.0000,20,12,17.4500,17.4500,冠好,18.0000,0,otc,2,13:30:00,19.6000,47,16.1000,冠好科技股份有限公司,17.8500,17.4500,0,TPEX,
8358.tw,261,260,9.otc.tw|5794,515.0000,0,21,517.0000,516.0000,000000,20260907,otc_8358.tw_20260907,516.0000_517.0000_518.0000_519.0000_520.0000_,515.0000_514.0000_513.0000_512.0000_511.0000_,8358,13.otc.tw|1541,20260907,14:30:00,8358.tw,1788762600000,14:30:00,52_20_38_31_110_,4_18_33_56_18_,0,000000,3319,524.0000,28,12,516.0000,502.0000,金居,510.0000,2,otc,261,13:30:00,550.0000,3709,450.0000,金居開發股份有限公司,500.0000,515.0000,0,TPEX,
8383.tw,49,48,9.otc.tw|5795,65.7000,0,3,67.0000,65.8000,000000,20260907,otc_8383.tw_20260907,66.0000_66.2000_66.3000_66.4000_66.5000_,65.7000_65.6000_65.5000_65.4000_65.3000_,8383,13.otc.tw|1709,20260907,14:30:00,8383.tw,1788762600000,14:30:00,2_8_2_6_6_,13_11_29_16_6_,0,000000,372,66.9000,24,12,65.8000,64.6000,千附,65.6000,0,otc,49,13:30:00,71.7000,893,58.7000,千附實業股份有限公司,65.2000,65.7000,0,TPEX,
8390.tw,13,10,20.otc.tw|1396876,96.6000,0,0,99.7000,96.8000,000000,20260907,otc_8390.tw_20260907,96.7000_96.8000_97.0000_97.2000_97.3000_,96.6000_96.5000_96.4000_96.3000_96.2000_,8390,13.otc.tw|1877,20260907,14:30:00,8390.tw,1788762600000,14:30:00,2_4_1_2_11_,10_10_7_10_10_,0,000000,-,97.5000,35,12,0.0000,96.1000,金益鼎,97.0000,0,otc,13,13:30:00,106.5000,202,87.3000,金益鼎企業股份有限公司,97.0000,96.6000,0,TPEX,
8401.tw,1,1,20.otc.tw|1396877,22.8000,0,0,22.8500,22.8000,000000,20260907,otc_8401.tw_20260907,22.9500_23.0000_23.1000_23.2000_23.3000_,22.8000_22.7500_22.7000_22.6500_22.6000_,8401,13.otc.tw|2045,20260907,14:30:00,8401.tw,1788762600000,14:30:00,2_6_10_4_5_,1_8_9_2_5_,0,000000,-,22.9500,20,12,0.0000,22.7500,白紗科,22.7500,0,otc,1,13:30:00,25.0000,18,20.5000,白紗科技印刷股份有限公司,22.7500,22.8000,0,TPEX,
8403.tw,2,2,20.otc.tw|1396878,18.9500,0,0,19.0500,18.9500,000000,20260907,otc_8403.tw_20260907,19.0000_19.1500_19.2000_19.2500_19.3000_,18.9500_18.9000_18.8500_18.8000_18.7500_,8403,13.otc.tw|2213,20260907,14:30:00,8403.tw,1788762600000,14:30:00,3_2_3_1_3_,1_1_14_39_11_,0,000000,378,19.0000,22,12,18.9500,18.8500,盛弘,19.0000,0,otc,2,13:30:00,20.9000,79,17.1000,盛弘醫藥股份有限公司,19.0000,18.9500,0,TPEX,
8409.tw,-,-,20.otc.tw|1396880,-,0,0,18.2500,18.1500,000000,20260907,otc_8409.tw_20260907,18.2500_18.3000_18.4000_18.4500_18.5000_,18.1000_18.0500_18.0000_17.9000_17.8000_,8409,13.otc.tw|2381,20260907,14:30:00,8409.tw,1788762600000,14:30:00,1_1_1_1_1_,1_3_1_2_3_,0,000000,-,18.2000,22,12,0.0000,18.1500,商之器,18.2000,0,otc,-,13:30:00,19.8500,2,16.2500,商之器科技股份有限公司,18.0500,-,0,TPEX,
8410.tw,2,1,20.otc.tw|1396881,30.1500,0,0,0.0000,30.3500,000000,20260907,otc_8410.tw_20260907,30.2500_30.3500_30.4000_30.9500_31.3000_,30.0000_29.9500_29.9000_29.7000_29.6000_,8410,13.otc.tw|1458,20260907,14:30:00,8410.tw,1788762600000,14:30:00,3_2_3_2_1_,43_2_3_1_1_,0,000000,-,30.2000,25,12,0.0000,30.0000,森田,30.1500,0,otc,2,13:30:00,33.4000,44,27.4000,森田印刷廠股份有限公司,30.4000,30.0500,0,TPEX,
8415.tw,34,34,20.otc.tw|1396883,37.2500,0,0,37.2000,37.0000,000000,20260907,otc_8415.tw_20260907,37.2500_37.3000_37.3500_37.4000_37.4500_,37.2000_37.0500_37.0000_36.9500_36.9000_,8415,13.otc.tw|1626,20260907,14:30:00,8415.tw,1788762600000,14:30:00,12_2_5_5_5_,10_7_12_10_55_,0,000000,20,37.7000,10,12,37.2000,36.9000,大國鋼,37.7000,0,otc,34,13:30:00,41.3000,411,33.8000,大成國際鋼鐵股份有限公司,37.5500,37.2000,0,TPEX,
8416.tw,-,-,20.otc.tw|1396884,-,0,0,169.5000,167.5000,000000,20260907,otc_8416.tw_20260907,170.0000_172.0000_175.0000_179.0000_182.5000_,168.0000_167.5000_167.0000_166.5000_166.0000_,8416,13.otc.tw|1794,20260907,14:30:00,8416.tw,1788762600000,14:30:00,1_2_2_1_1_,3_2_2_1_4_,0,000000,1,169.5000,30,12,169.5000,169.5000,實威,169.5000,0,otc,-,13:30:00,185.5000,2,152.5000,實威國際股份有限公司,169.0000,-,0,TPEX,
8421.tw,18,16,9.otc.tw|5805,12.5000,0,2,12.5500,12.5000,000000,20260907,otc_8421.tw_20260907,12.5500_12.6000_12.6500_12.7000_12.7500_,12.5000_12.4500_12.4000_12.3500_12.3000_,8421,13.otc.tw|1962,20260907,14:30:00,8421.tw,1788762600000,14:30:00,5_3_32_4_8_,6_18_43_26_107_,0,000000,324,12.6500,20,12,12.5000,12.1500,旭源,12.5500,0,otc,18,13:30:00,14.1000,590,11.6000,旭源包裝科技股份有限公司,12.8500,12.5000,0,TPEX,
8423.tw,1,1,20.otc.tw|1396888,18.1000,0,0,18.1000,17.5000,000000,20260907,otc_8423.tw_20260907,18.2500_18.3000_18.4000_18.4500_18.6000_,18.0000_17.9500_17.9000_17.7000_17.6500_,8423,13.otc.tw|2130,20260907,14:30:00,8423.tw,1788762600000,14:30:00,2_10_8_2_24_,5_2_10_5_6_,0,000000,50,18.2500,35,12,18.1000,18.1000,保綠-KY,18.2000,0,otc,1,13:30:00,20.0000,18,16.4000,保綠資源股份有限公司,18.2000,18.1000,0,TPEX,RR
8424.tw,1,1,20.otc.tw|1396889,68.6000,0,0,69.3000,68.9000,000000,20260907,otc_8424.tw_20260907,68.8000_68.9000_69.0000_70.1000_73.0000_,68.5000_68.4000_68.3000_68.1000_68.0000_,8424,13.otc.tw|2298,20260907,14:30:00,8424.tw,1788762600000,14:30:00,1_1_2_1_1_,4_3_4_2_11_,0,000000,-,68.7000,14,12,0.0000,68.6000,惠普,68.7000,0,otc,1,13:30:00,75.6000,14,62.0000,惠普股份有限公司,68.8000,68.6000,0,TPEX,
8426.tw,-,-,20.otc.tw|1396890,-,0,0,20.9000,20.1500,000000,20260907,otc_8426.tw_20260907,21.0000_21.1000_21.2500_21.7500_22.0000_,20.8500_20.8000_20.7000_20.6500_20.5000_,8426,13.otc.tw|1542,20260907,14:30:00,8426.tw,1788762600000,14:30:00,2_2_1_1_1_,1_1_1_1_1_,0,000000,-,20.8000,20,12,0.0000,20.6500,紅木-KY,20.8000,0,otc,-,13:30:00,22.8500,12,18.7500,REDWOOD GROUP LTD,20.8000,-,0,TPEX,RR
8431.tw,314,314,9.otc.tw|5809,67.3000,0,25,67.6000,67.4000,000000,20260907,otc_8431.tw_20260907,67.4000_67.5000_67.7000_67.8000_67.9000_,67.3000_67.2000_67.1000_67.0000_66.9000_,8431,13.otc.tw|1710,20260907,14:30:00,8431.tw,1788762600000,14:30:00,5_4_8_2_21_,51_10_9_12_12_,0,000000,739,70.3000,31,12,67.4000,66.9000,匯鑽科,69.1000,1,otc,314,13:30:00,75.6000,5306,62.0000,匯鑽科技股份有限公司,68.8000,67.3000,0,TPEX,
8432.tw,1,1,20.otc.tw|1398082,50.3000,0,0,50.5000,50.3000,000000,20260907,otc_8432.tw_20260907,50.6000_50.7000_50.8000_50.9000_51.0000_,50.3000_50.2000_50.1000_50.0000_49.9000_,8432,13.otc.tw|1878,20260907,14:30:00,8432.tw,1788762600000,14:30:00,1_1_2_2_8_,2_7_9_13_2_,0,000000,100,51.2000,22,12,50.5000,50.2000,東生華,51.2000,0,otc,1,13:30:00,55.9000,94,45.8500,東生華製藥股份有限公司,50.9000,50.3000,0,TPEX,
8433.tw,3,3,20.otc.tw|1398083,54.5000,0,0,55.9000,54.6000,000000,20260907,otc_8433.tw_20260907,54.7000_54.8000_55.0000_55.2000_55.4000_,54.4000_54.3000_54.1000_54.0000_53.9000_,8433,13.otc.tw|2046,20260907,14:30:00,8433.tw,1788762600000,14:30:00,1_1_2_1_1_,5_5_4_10_2_,0,000000,-,54.7000,38,12,0.0000,54.5000,弘帆,54.7000,0,otc,3,13:30:00,60.0000,10,49.1500,弘帆股份有限公司,54.6000,54.5000,0,TPEX,
8435.tw,-,-,20.otc.tw|1398086,-,0,0,53.7000,53.5000,000000,20260907,otc_8435.tw_20260907,53.5000_53.6000_53.7000_53.8000_53.9000_,53.4000_53.3000_53.2000_53.1000_53.0000_,8435,13.otc.tw|2214,20260907,14:30:00,8435.tw,1788762600000,14:30:00,1_1_5_1_1_,5_3_3_2_3_,0,000000,-,53.7000,20,12,0.0000,53.4000,鉅邁,53.7000,0,otc,-,13:30:00,58.7000,6,48.1000,台灣鉅邁股份有限公司,53.4000,-,0,TPEX,
8436.tw,31,32,20.otc.tw|1398087,110.0000,0,0,111.0000,110.5000,000000,20260907,otc_8436.tw_20260907,110.5000_111.0000_111.5000_112.0000_112.5000_,110.0000_109.5000_109.0000_108.5000_108.0000_,8436,13.otc.tw|2382,20260907,14:30:00,8436.tw,1788762600000,14:30:00,13_15_13_12_4_,24_89_124_112_140_,0,000000,121,112.0000,22,12,111.0000,109.0000,大江,111.0000,0,otc,31,13:30:00,123.5000,702,101.5000,大江生醫股份有限公司,112.5000,110.0000,0,TPEX,
8437.tw,-,-,20.otc.tw|1398088,-,0,0,9.2600,9.1000,000000,20260907,otc_8437.tw_20260907,9.2500_9.2600_9.2700_9.3000_9.3300_,9.1700_9.0900_9.0800_9.0700_9.0600_,8437,13.otc.tw|1459,20260907,14:30:00,8437.tw,1788762600000,14:30:00,2_1_1_2_2_,3_1_1_2_1_,0,000000,-,9.3500,20,12,0.0000,9.1000,大地-KY,9.3500,0,otc,-,13:30:00,10.1500,27,8.3100,大地幼教股份有限公司,9.2300,-,0,TPEX,RR
8440.tw,2,2,20.otc.tw|1398090,20.2000,0,0,20.0500,20.0000,000000,20260907,otc_8440.tw_20260907,20.2000_20.2500_20.3000_20.3500_20.4000_,20.1000_20.0000_19.9500_19.9000_19.8500_,8440,13.otc.tw|1627,20260907,14:30:00,8440.tw,1788762600000,14:30:00,3_2_6_1_6_,1_6_8_3_3_,0,000000,100,20.4500,35,12,20.0500,19.8000,綠電,19.9500,0,otc,2,13:30:00,22.2000,89,18.2000,綠電再生股份有限公司,20.2000,20.2000,0,TPEX,
8444.tw,1,1,20.otc.tw|1398093,5.0000,0,0,4.8400,4.8000,000000,20260907,otc_8444.tw_20260907,5.0500_5.1000_5.1900_5.2000_5.4300_,5.0000_4.5200_4.5000_4.4900_4.4600_,8444,13.otc.tw|1795,20260907,14:30:00,8444.tw,1788762600000,14:30:00,1_1_1_8_2_,15_2_3_1_1_,0,000000,210,5.0000,20,12,4.8400,5.0000,綠河-KY,5.0000,0,otc,1,13:30:00,5.4400,14,4.4600,綠河股份有限公司,4.9500,5.0000,0,TPEX,RR
8446.tw,2,2,20.otc.tw|1398094,85.4000,0,0,87.1000,85.5000,000000,20260907,otc_8446.tw_20260907,85.5000_85.6000_85.8000_85.9000_86.0000_,85.3000_85.1000_85.0000_84.9000_84.8000_,8446,13.otc.tw|1963,20260907,14:30:00,8446.tw,1788762600000,14:30:00,4_2_2_2_6_,1_4_5_3_3_,0,000000,20,85.8000,32,12,87.1000,85.0000,華研,85.7000,0,otc,2,13:30:00,94.2000,50,77.2000,華研國際音樂股份有限公司,85.7000,85.4000,0,TPEX,
8450.tw,-,-,20.otc.tw|1398095,-,0,0,14.6000,14.5500,000000,20260907,otc_8450.tw_20260907,14.5500_14.6000_14.6500_14.7000_14.8000_,14.5000_14.4500_14.4000_14.3500_14.2500_,8450,13.otc.tw|2131,20260907,14:30:00,8450.tw,1788762600000,14:30:00,4_5_17_1_2_,2_1_1_4_1_,0,000000,-,14.6000,32,12,0.0000,14.3500,霹靂,14.5000,0,otc,-,13:30:00,16.1000,14,13.2000,霹靂國際多媒體股份有限公司,14.6500,-,0,TPEX,
8455.tw,-,-,20.otc.tw|1398096,-,0,0,23.1000,21.8500,000000,20260907,otc_8455.tw_20260907,23.1500_23.2000_23.5000_23.8000_24.0000_,22.2000_22.1500_22.0500_21.8500_21.5500_,8455,13.otc.tw|2299,20260907,14:30:00,8455.tw,1788762600000,14:30:00,1_4_1_1_1_,1_1_1_6_2_,0,000000,-,23.2000,31,12,0.0000,22.5000,大拓-KY,22.5000,0,otc,-,13:30:00,24.7500,4,20.2500,蓋曼群島商日本大拓股份有限公司,22.5000,-,0,TPEX,RR
8472.tw,-,-,20.otc.tw|1398100,-,0,0,0.0000,77.4000,000000,20260907,otc_8472.tw_20260907,-,78.2000_78.1000_77.0000_76.2000_73.7000_,8472,13.otc.tw|1543,20260907,14:30:00,8472.tw,1788762600000,14:30:00,-,5_2_2_1_1_,0,000000,-,78.2000,36,12,0.0000,71.3000,夠麻吉,74.3000,0,otc,-,13:30:00,78.2000,84,64.0000,夠麻吉股份有限公司,71.1000,-,0,TPEX,
8477.tw,4,4,20.otc.tw|1398103,15.2000,0,0,15.2000,15.0000,000000,20260907,otc_8477.tw_20260907,15.2000_15.2500_15.3000_15.3500_15.4000_,15.0000_14.9000_14.8000_14.7000_14.6000_,8477,13.otc.tw|1711,20260907,14:30:00,8477.tw,1788762600000,14:30:00,1_5_1_2_9_,2_7_3_2_2_,0,000000,-,15.2000,36,12,0.0000,14.9000,創業家,14.9000,0,otc,4,13:30:00,16.7500,24,13.7500,創業家數位股份有限公司,15.2500,15.2000,0,TPEX,
8489.tw,-,-,20.otc.tw|1397771,-,0,0,22.1000,21.6500,000000,20260907,otc_8489.tw_20260907,22.1000_22.1500_22.2000_22.2500_22.3000_,22.0000_21.9000_21.8500_21.8000_21.7500_,8489,13.otc.tw|1879,20260907,14:30:00,8489.tw,1788762600000,14:30:00,3_8_4_2_5_,1_1_9_10_3_,0,000000,19,22.2500,20,12,22.1000,21.8500,三貝德,21.8500,0,otc,-,13:30:00,24.3000,6,19.9000,三貝德數位文創股份有限公司,22.1000,-,0,TPEX,
8905.tw,1,1,20.otc.tw|1397773,34.6000,0,0,34.9000,34.8000,000000,20260907,otc_8905.tw_20260907,34.8500_34.9000_34.9500_35.0000_36.2000_,34.6000_34.4000_34.3500_34.3000_34.2500_,8905,13.otc.tw|2047,20260907,14:30:00,8905.tw,1788762600000,14:30:00,2_1_1_2_1_,1_4_2_1_1_,0,000000,6,34.8000,20,12,34.9000,34.3000,裕國,34.3000,0,otc,1,13:30:00,38.5000,6,31.5000,裕國冷凍冷藏股份有限公司,35.0000,34.6000,0,TPEX,
8906.tw,-,-,20.otc.tw|1397774,-,0,0,29.2000,28.7000,000000,20260907,otc_8906.tw_20260907,29.0000_29.3500_29.4000_29.5000_29.8000_,28.6500_28.5000_28.4000_28.3000_28.1000_,8906,13.otc.tw|2215,20260907,14:30:00,8906.tw,1788762600000,14:30:00,1_1_3_9_10_,2_1_2_1_1_,0,000000,326,29.1000,20,12,28.7000,28.7000,花王,28.7000,0,otc,-,13:30:00,32.0000,14,26.2000,花王企業股份有限公司,29.1000,-,0,TPEX,
8908.tw,1,1,20.otc.tw|1397775,40.2000,0,0,40.2000,39.9500,000000,20260907,otc_8908.tw_20260907,40.2000_40.3000_40.5000_40.6000_40.8000_,39.8000_39.7000_39.6000_39.5500_39.5000_,8908,13.otc.tw|2383,20260907,14:30:00,8908.tw,1788762600000,14:30:00,1_1_7_3_5_,1_5_3_4_17_,0,000000,90,40.5000,23,12,39.9500,39.6000,欣雄,39.9500,0,otc,1,13:30:00,43.9000,27,36.0000,欣雄天然氣股份有限公司,39.9500,40.2000,0,TPEX,
8916.tw,3,3,20.otc.tw|1397776,41.3000,0,0,41.5500,41.5000,000000,20260907,otc_8916.tw_20260907,41.3000_41.4500_41.5000_41.5500_41.6000_,41.2000_41.1500_41.1000_41.0500_41.0000_,8916,13.otc.tw|1460,20260907,14:30:00,8916.tw,1788762600000,14:30:00,1_2_3_2_8_,2_5_3_6_22_,0,000000,-,41.5500,20,12,0.0000,41.0500,光隆,41.0500,0,otc,3,13:30:00,45.0000,133,36.9000,光隆實業股份有限公司,40.9500,41.3000,0,TPEX,
8917.tw,-,-,20.otc.tw|1397777,-,0,0,53.5000,52.3000,000000,20260907,otc_8917.tw_20260907,53.4000_54.0000_54.5000_55.0000_57.7000_,52.8000_52.7000_52.5000_52.1000_52.0000_,8917,13.otc.tw|1628,20260907,14:30:00,8917.tw,1788762600000,14:30:00,1_12_2_1_4_,1_2_2_3_1_,0,000000,200,54.0000,23,12,53.5000,54.0000,欣泰,54.0000,0,otc,-,13:30:00,57.7000,5,47.2500,欣泰石油氣股份有限公司,52.5000,-,0,TPEX,
8921.tw,-,-,20.otc.tw|1397778,-,0,0,16.6500,16.3000,000000,20260907,otc_8921.tw_20260907,16.3000_16.4500_16.7000_17.0000_18.0500_,15.8000_15.5500_15.5000_15.2000_15.0500_,8921,13.otc.tw|1796,20260907,14:30:00,8921.tw,1788762600000,14:30:00,1_1_1_1_1_,1_2_1_1_4_,0,000000,7,16.6000,20,12,16.3000,16.6000,沈氏,16.6000,0,otc,-,13:30:00,18.0500,1,14.8500,沈氏藝術印刷股份有限公司,16.4500,-,0,TPEX,
8923.tw,-,-,20.otc.tw|1397779,-,0,,18.8500,0.0000,000000,20260907,otc_8923.tw_20260907,18.8500_18.9000_19.0000_19.2500_19.3000_,18.4000_18.1000_18.0000_17.8000_17.1000_,8923,13.otc.tw|1964,20260907,14:30:00,8923.tw,1788762600000,14:30:00,1_1_1_1_2_,1_1_2_1_1_,0,000000,-,-,32,12,0.0000,-,時報,-,0,otc,-,13:30:00,20.6000,0,16.9000,時報文化出版企業股份有限公司,18.7500,-,0,TPEX,
8924.tw,3,3,20.otc.tw|1397780,51.0000,0,0,54.0000,53.0000,000000,20260907,otc_8924.tw_20260907,51.4000_51.5000_51.7000_51.8000_51.9000_,51.0000_50.7000_50.6000_50.5000_50.4000_,8924,13.otc.tw|2132,20260907,14:30:00,8924.tw,1788762600000,14:30:00,5_3_1_3_1_,3_2_3_9_2_,0,000000,516,51.4000,37,12,53.0000,50.5000,大田,51.3000,0,otc,3,13:30:00,56.4000,37,46.2000,大田精密工業股份有限公司,51.3000,51.0000,0,TPEX,
8927.tw,3,3,20.otc.tw|1397781,19.3500,0,0,19.3500,19.3000,000000,20260907,otc_8927.tw_20260907,19.5500_19.6000_19.7000_19.7500_19.8000_,19.3500_19.3000_19.2500_19.2000_19.1500_,8927,13.otc.tw|2300,20260907,14:30:00,8927.tw,1788762600000,14:30:00,14_2_3_4_7_,4_9_3_7_1_,0,000000,19,19.7500,23,12,19.3000,19.3500,北基,19.5500,0,otc,3,13:30:00,21.5000,68,17.6000,北基加油站股份有限公司,19.5500,19.3500,0,TPEX,
8928.tw,6,6,20.otc.tw|1397784,24.9500,0,0,24.8000,24.7000,000000,20260907,otc_8928.tw_20260907,25.0000_25.0500_25.1000_25.1500_25.2500_,24.7500_24.5500_24.5000_24.4500_24.4000_,8928,13.otc.tw|1544,20260907,14:30:00,8928.tw,1788762600000,14:30:00,7_1_2_4_2_,1_5_1_2_1_,0,000000,100,24.9500,37,12,24.8000,24.5500,鉅明,24.9500,0,otc,6,13:30:00,27.4000,21,22.5000,鉅明股份有限公司,24.9500,24.9500,0,TPEX,
8929.tw,1,1,20.otc.tw|1397785,12.9000,0,0,14.3000,13.0000,000000,20260907,otc_8929.tw_20260907,13.0000_13.0500_13.1500_13.2000_13.3500_,12.9000_12.8500_12.8000_12.7500_12.7000_,8929,13.otc.tw|1712,20260907,14:30:00,8929.tw,1788762600000,14:30:00,1_8_1_12_1_,10_18_1_2_1_,0,000000,151,13.2500,20,12,13.0000,12.9000,富堡,13.2500,0,otc,1,13:30:00,14.4000,27,11.8000,富堡工業股份有限公司,13.1000,12.9000,0,TPEX,
8930.tw,1,1,20.otc.tw|1397786,29.9000,0,0,29.8000,29.6500,000000,20260907,otc_8930.tw_20260907,29.9000_30.0000_30.0500_30.1000_30.3000_,29.8000_29.7000_29.6500_29.6000_29.5500_,8930,13.otc.tw|1880,20260907,14:30:00,8930.tw,1788762600000,14:30:00,3_1_2_14_2_,1_2_2_3_4_,0,000000,75,30.0000,10,12,29.8000,29.0500,青鋼,30.0000,0,otc,1,13:30:00,33.0000,23,27.0000,青鋼應用材料股份有限公司,30.0000,29.9000,0,TPEX,
8931.tw,-,-,20.otc.tw|1397787,-,0,0,41.0500,41.0000,000000,20260907,otc_8931.tw_20260907,40.9500_41.0500_41.1000_41.2000_41.3500_,40.9000_40.8500_40.8000_40.7500_40.7000_,8931,13.otc.tw|2048,20260907,14:30:00,8931.tw,1788762600000,14:30:00,1_1_3_4_2_,1_1_7_1_2_,0,000000,1,41.3500,23,12,41.0000,40.8500,大汽電,41.3500,0,otc,-,13:30:00,45.1000,167,36.9000,大園汽電共生股份有限公司,41.0000,-,0,TPEX,
8932.tw,168,167,20.otc.tw|1397788,94.2000,0,0,94.2000,93.9000,000000,20260907,otc_8932.tw_20260907,94.2000_94.3000_94.4000_94.5000_94.6000_,94.1000_94.0000_93.9000_93.8000_93.7000_,8932,13.otc.tw|2216,20260907,14:30:00,8932.tw,1788762600000,14:30:00,25_19_32_25_16_,5_9_6_5_5_,0,000000,549,94.3000,36,12,94.2000,91.2000,智通*,92.2000,0,otc,168,13:30:00,100.5000,1969,82.3000,智通科創股份有限公司,91.4000,94.2000,0,TPEX,
8933.tw,1,1,20.otc.tw|1397789,4.6400,0,0,4.6500,4.5500,000000,20260907,otc_8933.tw_20260907,4.6500_4.6600_4.6700_4.7200_4.7400_,4.5300_4.5200_4.5000_4.4900_4.4800_,8933,13.otc.tw|2384,20260907,14:30:00,8933.tw,1788762600000,14:30:00,3_1_25_2_8_,2_1_23_3_7_,0,000000,542,4.6500,37,12,4.5500,4.5000,愛地雅,4.6500,0,otc,1,13:30:00,5.1100,64,4.1900,愛地雅工業股份有限公司,4.6500,4.6400,0,TPEX,
8935.tw,2,2,20.otc.tw|1397790,18.1000,0,0,18.2000,18.1000,000000,20260907,otc_8935.tw_20260907,18.1000_18.1500_18.2000_18.2500_18.3000_,18.0000_17.9500_17.9000_17.8500_17.8000_,8935,13.otc.tw|1461,20260907,14:30:00,8935.tw,1788762600000,14:30:00,2_2_4_4_11_,2_12_16_5_12_,0,000000,-,18.1000,20,12,0.0000,17.9000,邦泰,18.1000,0,otc,2,13:30:00,19.9000,58,16.3000,邦泰複合材料股份有限公司,18.1000,18.1000,0,TPEX,
8936.tw,38,37,9.otc.tw|5843,50.2000,0,2,50.6000,50.5000,000000,20260907,otc_8936.tw_20260907,50.3000_50.4000_50.5000_50.6000_50.7000_,50.2000_50.1000_50.0000_49.9500_49.9000_,8936,13.otc.tw|1629,20260907,14:30:00,8936.tw,1788762600000,14:30:00,15_14_25_28_14_,49_151_265_80_101_,0,000000,67,50.5000,20,12,50.5000,50.2000,國統,50.4000,0,otc,38,13:30:00,55.3000,822,45.3000,國統國際股份有限公司,50.3000,50.2000,0,TPEX,
8937.tw,1,1,20.otc.tw|1397794,28.7000,0,0,28.7000,28.5000,000000,20260907,otc_8937.tw_20260907,29.6000_29.7500_29.8000_29.8500_29.9000_,28.7000_28.6500_28.6000_28.5500_28.5000_,8937,13.otc.tw|1797,20260907,14:30:00,8937.tw,1788762600000,14:30:00,1_1_2_2_3_,3_3_8_31_22_,0,000000,66,30.1000,20,12,28.7000,28.5000,合騏*,30.0500,0,otc,1,13:30:00,33.0000,179,27.0000,合騏工業股份有限公司,30.0000,28.7000,0,TPEX,
8938.tw,3,3,20.otc.tw|1397795,52.2000,0,0,52.2000,52.0000,000000,20260907,otc_8938.tw_20260907,52.4000_52.5000_52.6000_52.7000_52.8000_,52.2000_52.0000_51.9000_51.8000_51.7000_,8938,13.otc.tw|1965,20260907,14:30:00,8938.tw,1788762600000,14:30:00,1_2_3_2_4_,1_1_1_5_2_,0,000000,15,52.5000,37,12,52.2000,51.5000,明安,52.5000,0,otc,3,13:30:00,57.9000,70,47.4500,明安國際企業股份有限公司,52.7000,52.2000,0,TPEX,
8941.tw,-,-,20.otc.tw|1397443,-,0,0,44.4500,43.8000,000000,20260907,otc_8941.tw_20260907,44.0000_44.5000_44.9500_45.0000_45.0500_,43.5500_43.5000_43.0000_42.6000_42.0000_,8941,13.otc.tw|2133,20260907,14:30:00,8941.tw,1788762600000,14:30:00,1_3_1_1_1_,1_9_1_1_1_,0,000000,-,44.4500,38,12,0.0000,43.5000,關中,43.5000,0,otc,-,13:30:00,48.4000,4,39.6000,關中股份有限公司,44.0000,-,0,TPEX,
8942.tw,5,5,20.otc.tw|1397444,42.4000,0,0,42.5000,42.4000,000000,20260907,otc_8942.tw_20260907,42.2500_42.4000_42.4500_42.5000_42.5500_,42.0000_41.9500_41.9000_41.8500_41.8000_,8942,13.otc.tw|2301,20260907,14:30:00,8942.tw,1788762600000,14:30:00,1_2_2_10_1_,1_3_1_25_6_,0,000000,435,42.7000,20,12,42.5000,41.7500,森鉅,42.7000,0,otc,5,13:30:00,46.6000,186,38.2000,森鉅科技材料股份有限公司,42.4000,42.2500,0,TPEX,
9949.tw,-,-,20.otc.tw|1397451,-,0,0,24.1000,23.9000,000000,20260907,otc_9949.tw_20260907,24.2000_24.3500_24.4000_24.5000_24.5500_,24.0000_23.9500_23.9000_23.8000_23.7000_,9949,13.otc.tw|1545,20260907,14:30:00,9949.tw,1788762600000,14:30:00,12_1_1_1_1_,1_8_19_2_5_,0,000000,-,24.0000,32,12,0.0000,23.9500,琉園,24.0000,0,otc,-,13:30:00,26.3000,9,21.6000,琉園股份有限公司,23.9500,-,0,TPEX,
9950.tw,-,-,20.otc.tw|1397452,-,0,0,10.4500,10.2000,000000,20260907,otc_9950.tw_20260907,10.4000_10.4500_10.5000_10.6000_10.7000_,10.3500_10.3000_10.2500_10.2000_10.1500_,9950,13.otc.tw|1713,20260907,14:30:00,9950.tw,1788762600000,14:30:00,5_4_6_4_1_,3_4_5_4_3_,0,000000,-,10.4000,03,12,0.0000,10.2500,萬國通,10.2500,0,otc,-,13:30:00,11.3000,29,9.2700,萬國通路股份有限公司,10.3000,-,0,TPEX,
9951.tw,2,2,20.otc.tw|1397453,50.1000,0,0,50.2000,50.1000,000000,20260907,otc_9951.tw_20260907,50.3000_50.5000_50.6000_50.7000_50.8000_,50.0000_49.9000_49.8500_49.8000_49.7500_,9951,13.otc.tw|1881,20260907,14:30:00,9951.tw,1788762600000,14:30:00,5_3_3_2_5_,61_4_1_3_3_,0,000000,1,50.3000,05,12,50.2000,50.0000,皇田,50.3000,0,otc,2,13:30:00,55.4000,60,45.4000,皇田工業股份有限公司,50.4000,50.1000,0,TPEX,
9960.tw,-,-,20.otc.tw|1397456,-,0,0,30.3500,30.0500,000000,20260907,otc_9960.tw_20260907,30.3500_30.5500_30.7000_31.3500_31.4000_,30.1500_30.0000_29.6500_29.6000_29.5500_,9960,13.otc.tw|2049,20260907,14:30:00,9960.tw,1788762600000,14:30:00,1_19_1_2_8_,1_1_1_1_1_,0,000000,-,31.3500,37,12,0.0000,30.3000,邁達康,30.7000,0,otc,-,13:30:00,33.7500,12,27.6500,邁達康網路事業股份有限公司,30.7000,-,0,TPEX,
9962.tw,-,-,20.otc.tw|1397457,-,0,0,10.3000,10.2000,000000,20260907,otc_9962.tw_20260907,10.1000_10.2500_10.3000_10.3500_10.4000_,9.9700_9.9600_9.9500_9.9300_9.9200_,9962,13.otc.tw|2217,20260907,14:30:00,9962.tw,1788762600000,14:30:00,1_6_16_4_9_,2_4_3_3_5_,0,000000,-,10.3000,10,12,0.0000,9.9100,有益,10.2000,0,otc,-,13:30:00,11.3500,77,9.3200,有益鋼鐵股份有限公司,10.3500,-,0,TPEX,
1101.tw,1544,1492,9.tse.tw|16717,24.3000,0,39,24.4500,24.4000,000000,20260907,tse_1101.tw_20260907,24.3500_24.4000_24.4500_24.5000_24.5500_,24.3000_24.2500_24.2000_24.1500_24.1000_,1101,13.tse.tw|2854,20260907,14:30:00,1101.tw,1788762600000,14:30:00,285_632_661_765_507_,2270_946_1689_1061_926_,0,000000,5674,24.6500,01,12,24.4000,24.3000,台泥,24.6500,0,tse,1544,13:30:00,27.0500,19316,22.1500,臺灣水泥股份有限公司,24.6000,24.3000,0,TWSE,
1102.tw,898,765,20.tse.tw|2231640,35.1000,0,0,35.1000,35.0500,000000,20260907,tse_1102.tw_20260907,35.0500_35.1000_35.1500_35.2000_35.2500_,35.0000_34.9500_34.9000_34.8500_34.8000_,1102,13.tse.tw|3127,20260907,14:30:00,1102.tw,1788762600000,14:30:00,104_212_235_532_142_,48_72_324_8_81_,0,000000,2242,35.3500,01,12,35.0500,34.6000,亞泥,35.3500,0,tse,898,13:30:00,38.6000,7120,31.6000,亞洲水泥股份有限公司,35.1000,35.0500,0,TWSE,
1103.tw,29,28,20.tse.tw|2230619,13.2000,0,0,13.2500,13.2000,000000,20260907,tse_1103.tw_20260907,13.2500_13.3000_13.3500_13.4000_13.4500_,13.2000_13.1500_13.1000_13.0500_13.0000_,1103,13.tse.tw|3263,20260907,14:30:00,1103.tw,1788762600000,14:30:00,20_47_74_37_26_,22_63_27_24_41_,0,000000,100,13.4000,01,12,13.2000,13.2000,嘉泥,13.4000,0,tse,29,13:30:00,14.6000,255,12.0000,嘉新水泥股份有限公司,13.3000,13.2000,0,TWSE,
1104.tw,20,15,20.tse.tw|2230992,27.4000,0,0,27.6000,27.5000,000000,20260907,tse_1104.tw_20260907,27.5000_27.5500_27.6000_27.6500_27.7000_,27.4000_27.3500_27.3000_27.2500_27.2000_,1104,13.tse.tw|2101,20260907,14:30:00,1104.tw,1788762600000,14:30:00,15_18_24_15_20_,7_27_20_31_35_,0,000000,948,27.8500,01,12,27.6000,27.3500,環泥,27.8500,0,tse,20,13:30:00,30.4500,526,24.9500,環球水泥股份有限公司,27.7000,27.5000,0,TWSE,
1108.tw,1,1,20.tse.tw|2230759,11.6500,0,0,11.9500,11.5500,000000,20260907,tse_1108.tw_20260907,11.6500_11.7000_11.7500_11.8000_11.8500_,11.6000_11.5500_11.5000_11.4500_11.4000_,1108,13.tse.tw|2238,20260907,14:30:00,1108.tw,1788762600000,14:30:00,31_36_111_26_49_,8_36_156_56_38_,0,000000,706,11.6500,01,12,11.5500,11.5500,幸福,11.6000,0,tse,1,13:30:00,12.8000,220,10.5000,幸福水泥股份有限公司,11.6500,11.6500,0,TWSE,
1109.tw,3,2,20.tse.tw|2231348,13.5000,0,0,0.0000,14.0000,000000,20260907,tse_1109.tw_20260907,13.5500_13.6000_13.6500_13.7000_13.7500_,13.5000_13.4500_13.4000_13.3500_13.3000_,1109,13.tse.tw|2375,20260907,14:30:00,1109.tw,1788762600000,14:30:00,26_35_3_15_5_,2_24_60_19_43_,0,000000,-,13.6000,01,12,0.0000,13.4500,信大,13.6000,0,tse,3,13:30:00,14.8500,66,12.1500,信大水泥股份有限公司,13.5000,13.5500,0,TWSE,
1110.tw,118,118,20.tse.tw|2230620,15.8500,0,0,15.9500,15.8000,000000,20260907,tse_1110.tw_20260907,16.2500_16.3000_16.3500_16.4000_16.4500_,15.9000_15.8500_15.8000_15.7500_15.7000_,1110,13.tse.tw|2512,20260907,14:30:00,1110.tw,1788762600000,14:30:00,5_25_19_33_57_,1_19_4_11_1_,0,000000,-,16.4500,01,12,0.0000,15.9000,東泥,16.4500,0,tse,118,13:30:00,17.9000,304,14.7000,東南水泥股份有限公司,16.3000,15.9000,0,TWSE,
1201.tw,10,8,9.tse.tw|16725,12.1500,0,3,12.2000,12.1500,000000,20260907,tse_1201.tw_20260907,12.2000_12.2500_12.3000_12.3500_12.4000_,12.1500_12.1000_12.0500_12.0000_11.9500_,1201,13.tse.tw|2649,20260907,14:30:00,1201.tw,1788762600000,14:30:00,56_14_42_11_23_,127_140_57_160_58_,0,000000,992,12.2500,02,12,12.2000,12.1500,味全,12.2500,0,tse,10,13:30:00,13.4500,311,11.0500,味全食品工業股份有限公司,12.2500,12.2000,0,TWSE,
1203.tw,1,1,20.tse.tw|2231349,45.1500,0,0,45.2000,44.7000,000000,20260907,tse_1203.tw_20260907,45.5500_45.6000_45.7000_45.8000_45.8500_,44.7000_44.5000_44.3500_44.3000_44.2500_,1203,13.tse.tw|2786,20260907,14:30:00,1203.tw,1788762600000,14:30:00,2_3_2_11_1_,1_1_1_1_1_,0,000000,691,46.0000,02,12,44.7000,44.7500,味王,45.9000,0,tse,1,13:30:00,49.1500,21,40.2500,味王股份有限公司,44.7000,45.1500,0,TWSE,
1210.tw,43,39,20.tse.tw|2230760,52.1000,0,0,52.3000,52.2000,000000,20260907,tse_1210.tw_20260907,52.2000_52.3000_52.4000_52.5000_52.6000_,52.1000_52.0000_51.9000_51.8000_51.7000_,1210,13.tse.tw|2923,20260907,14:30:00,1210.tw,1788762600000,14:30:00,4_37_67_57_88_,10_92_22_98_108_,0,000000,832,52.4000,02,12,52.2000,51.7000,大成,52.2000,0,tse,43,13:30:00,57.4000,801,47.0000,大成長城企業股份有限公司,52.2000,52.1000,0,TWSE,
1213.tw,-,-,20.tse.tw|2230461,-,0,0,7.6800,7.2100,000000,20260907,tse_1213.tw_20260907,7.6400_7.6900_7.7000_8.0200_8.3500_,7.4500_7.3600_7.1300_7.0200_7.0100_,1213,13.tse.tw|3059,20260907,14:30:00,1213.tw,1788762600000,14:30:00,1_11_4_1_1_,1_1_2_2_5_,0,000000,-,7.6500,02,12,0.0000,7.4500,大飲,7.4500,0,tse,-,13:30:00,8.4700,3,6.9300,大西洋飲料股份有限公司,7.7000,-,0,TWSE,
1215.tw,20,19,9.tse.tw|16729,110.5000,0,1,111.0000,110.5000,000000,20260907,tse_1215.tw_20260907,111.0000_111.5000_112.0000_112.5000_113.0000_,110.5000_110.0000_109.5000_109.0000_108.5000_,1215,13.tse.tw|3195,20260907,14:30:00,1215.tw,1788762600000,14:30:00,53_94_122_92_92_,4_43_26_65_102_,0,000000,1070,111.5000,02,12,111.0000,110.0000,卜蜂,111.0000,0,tse,20,13:30:00,121.5000,556,99.5000,台灣卜蜂企業股份有限公司,110.5000,111.0000,0,TWSE,
1216.tw,514,458,20.tse.tw|2230993,75.3000,0,0,75.5000,75.4000,000000,20260907,tse_1216.tw_20260907,75.2000_75.3000_75.4000_75.5000_75.6000_,75.1000_75.0000_74.9000_74.8000_74.7000_,1216,13.tse.tw|3331,20260907,14:30:00,1216.tw,1788762600000,14:30:00,74_210_88_188_651_,120_86_384_350_310_,0,000000,2729,76.2000,02,12,75.5000,74.9000,統一,76.2000,0,tse,514,13:30:00,83.1000,6310,68.1000,統一企業股份有限公司,75.6000,75.2000,0,TWSE,
1217.tw,12,12,20.tse.tw|2231642,9.9300,0,0,9.9600,9.9500,000000,20260907,tse_1217.tw_20260907,9.9500_9.9600_9.9700_9.9800_9.9900_,9.9300_9.9200_9.9100_9.9000_9.8900_,1217,13.tse.tw|2033,20260907,14:30:00,1217.tw,1788762600000,14:30:00,66_6_9_9_16_,37_22_65_72_21_,0,000000,455,9.9700,02,12,9.9500,9.9300,愛之味,9.9600,0,tse,12,13:30:00,10.9000,227,8.9600,愛之味股份有限公司,9.9500,9.9300,0,TWSE,
1218.tw,11,11,20.tse.tw|2230994,14.5000,0,0,15.0000,14.4500,000000,20260907,tse_1218.tw_20260907,14.5500_14.6000_14.6500_14.7000_14.7500_,14.5000_14.4500_14.4000_14.3500_14.3000_,1218,13.tse.tw|2170,20260907,14:30:00,1218.tw,1788762600000,14:30:00,112_57_14_11_5_,2_11_54_129_135_,0,000000,547,14.5500,02,12,14.4500,14.3500,泰山,14.5500,0,tse,11,13:30:00,15.8500,484,13.0500,泰山企業股份有限公司,14.4500,14.5000,0,TWSE,
1219.tw,5,2,20.tse.tw|2230761,11.6500,0,0,11.6500,11.6000,000000,20260907,tse_1219.tw_20260907,11.6500_11.7000_11.7500_11.8000_11.8500_,11.6000_11.5500_11.5000_11.4500_11.4000_,1219,13.tse.tw|2307,20260907,14:30:00,1219.tw,1788762600000,14:30:00,6_9_21_15_11_,4_3_10_25_21_,0,000000,1064,11.6500,02,12,11.6000,11.5000,福壽,11.6000,0,tse,5,13:30:00,12.7500,231,10.4500,福壽實業股份有限公司,11.6000,11.6500,0,TWSE,
1220.tw,6,6,20.tse.tw|2231351,10.7000,0,0,10.7500,10.7000,000000,20260907,tse_1220.tw_20260907,10.7500_10.8000_10.8500_10.9000_10.9500_,10.7000_10.6500_10.6000_10.5500_10.5000_,1220,13.tse.tw|2444,20260907,14:30:00,1220.tw,1788762600000,14:30:00,5_27_5_5_5_,1_36_34_51_49_,0,000000,408,10.8000,02,12,10.7500,10.7000,台榮,10.7500,0,tse,6,13:30:00,11.7500,109,9.6300,台榮產業股份有限公司,10.7000,10.7000,0,TWSE,
1225.tw,2,2,9.tse.tw|16735,25.0000,0,1,25.1000,25.0000,000000,20260907,tse_1225.tw_20260907,25.0000_25.3000_25.4500_25.5000_25.5500_,24.9000_24.8500_24.8000_24.7500_24.7000_,1225,13.tse.tw|2581,20260907,14:30:00,1225.tw,1788762600000,14:30:00,12_3_5_2_3_,13_5_2_1_6_,0,000000,2,25.5000,02,12,25.0000,24.9500,福懋油,25.3500,0,tse,2,13:30:00,27.5000,105,22.5000,福懋油脂股份有限公司,25.0000,25.0000,0,TWSE,
1227.tw,43,43,20.tse.tw|2230995,28.4000,0,0,28.5000,28.4500,000000,20260907,tse_1227.tw_20260907,28.4000_28.4500_28.5000_28.5500_28.6000_,28.3500_28.3000_28.2500_28.2000_28.1500_,1227,13.tse.tw|2718,20260907,14:30:00,1227.tw,1788762600000,14:30:00,43_22_28_40_32_,32_200_49_92_43_,0,000000,676,28.8500,02,12,28.4500,28.3000,佳格,28.8500,0,tse,43,13:30:00,31.4000,903,25.7000,佳格食品股份有限公司,28.5500,28.4000,0,TWSE,
1229.tw,79,78,20.tse.tw|2230261,41.6500,0,0,41.8500,41.7000,000000,20260907,tse_1229.tw_20260907,41.7000_41.7500_41.8000_41.8500_41.9000_,41.6500_41.6000_41.5500_41.5000_41.4500_,1229,13.tse.tw|2855,20260907,14:30:00,1229.tw,1788762600000,14:30:00,23_165_29_97_31_,17_4_32_86_35_,0,000000,3156,42.2000,02,12,41.7000,41.4500,聯華,42.2000,0,tse,79,13:30:00,46.0000,1282,37.7000,聯華實業控股股份有限公司,41.8500,41.6500,0,TWSE,
1231.tw,17,17,20.tse.tw|2231352,80.1000,0,0,80.7000,80.6000,000000,20260907,tse_1231.tw_20260907,80.2000_80.3000_80.4000_80.5000_80.6000_,80.1000_80.0000_79.9000_79.8000_79.7000_,1231,13.tse.tw|2992,20260907,14:30:00,1231.tw,1788762600000,14:30:00,1_2_2_9_17_,39_70_34_62_11_,0,000000,1893,81.0000,02,12,80.7000,80.1000,聯華食,81.0000,0,tse,17,13:30:00,88.6000,252,72.6000,聯華食品工業股份有限公司,80.6000,80.1000,0,TWSE,
1232.tw,4,3,20.tse.tw|2231353,157.5000,0,0,157.5000,157.0000,000000,20260907,tse_1232.tw_20260907,157.5000_158.0000_158.5000_159.0000_159.5000_,157.0000_156.5000_156.0000_155.5000_155.0000_,1232,13.tse.tw|3128,20260907,14:30:00,1232.tw,1788762600000,14:30:00,14_15_6_16_4_,6_17_19_14_8_,0,000000,18,157.5000,02,12,157.5000,156.5000,大統益,157.5000,0,tse,4,13:30:00,172.5000,87,141.5000,大統益股份有限公司,157.0000,157.5000,0,TWSE,
1233.tw,-,-,20.tse.tw|2230262,-,0,0,28.2000,28.1500,000000,20260907,tse_1233.tw_20260907,28.1500_28.2000_28.2500_28.3000_28.4000_,28.0500_28.0000_27.9500_27.8500_27.6000_,1233,13.tse.tw|3264,20260907,14:30:00,1233.tw,1788762600000,14:30:00,20_1_2_1_1_,1_3_5_1_2_,0,000000,-,28.4000,02,12,0.0000,28.0500,天仁,28.2500,0,tse,-,13:30:00,30.8000,29,25.2000,天仁茶業股份有限公司,28.0000,-,0,TWSE,
1234.tw,5,5,20.tse.tw|2231354,33.3000,0,0,33.4000,33.3000,000000,20260907,tse_1234.tw_20260907,33.3000_33.6000_33.6500_33.7000_33.7500_,33.2500_33.2000_33.1500_33.1000_33.0500_,1234,13.tse.tw|2102,20260907,14:30:00,1234.tw,1788762600000,14:30:00,2_6_3_6_7_,3_7_6_13_7_,0,000000,206,33.6000,02,12,33.4000,33.3000,黑松,33.5000,0,tse,5,13:30:00,36.7500,120,30.1500,黑松股份有限公司,33.4500,33.3000,0,TWSE,
1235.tw,7,7,20.tse.tw|2230996,38.9500,0,0,38.9500,38.5000,000000,20260907,tse_1235.tw_20260907,39.5000_40.0000_40.3000_41.7000_41.8500_,38.9500_37.8500_37.8000_37.4000_37.3500_,1235,13.tse.tw|2239,20260907,14:30:00,1235.tw,1788762600000,14:30:00,2_7_1_2_1_,4_1_1_1_1_,0,000000,67,39.0000,02,12,38.5000,37.8500,興泰,39.0000,0,tse,7,13:30:00,41.8500,21,34.2500,興泰實業股份有限公司,38.0500,38.9500,0,TWSE,
1236.tw,2,2,20.tse.tw|2231355,26.2000,0,0,26.2500,26.2000,000000,20260907,tse_1236.tw_20260907,26.2000_26.2500_26.3000_26.3500_26.4000_,26.1000_25.9500_25.9000_25.8500_25.8000_,1236,13.tse.tw|2376,20260907,14:30:00,1236.tw,1788762600000,14:30:00,7_2_25_1_3_,1_5_4_11_17_,0,000000,81,26.3000,02,12,26.2000,26.0000,宏亞,26.3000,0,tse,2,13:30:00,28.7500,66,23.5500,宏亞食品股份有限公司,26.1500,26.2000,0,TWSE,
1256.tw,2,2,20.tse.tw|2231356,173.5000,0,0,174.0000,173.5000,000000,20260907,tse_1256.tw_20260907,174.5000_175.5000_176.5000_177.0000_178.0000_,172.5000_172.0000_171.5000_171.0000_170.5000_,1256,13.tse.tw|2513,20260907,14:30:00,1256.tw,1788762600000,14:30:00,1_2_1_3_4_,6_8_4_10_10_,0,000000,48,177.5000,02,12,174.0000,172.0000,鮮活果汁-KY,177.5000,0,tse,2,13:30:00,190.0000,79,156.0000,鮮活控股股份有限公司,173.0000,173.5000,0,TWSE,RR
1301.tw,760,728,9.tse.tw|16745,66.5000,0,26,66.7000,66.6000,000000,20260907,tse_1301.tw_20260907,66.6000_66.7000_66.8000_66.9000_67.0000_,66.5000_66.4000_66.3000_66.2000_66.1000_,1301,13.tse.tw|2650,20260907,14:30:00,1301.tw,1788762600000,14:30:00,119_90_212_147_605_,292_213_257_245_228_,0,000000,6657,68.9000,03,12,66.6000,66.2000,台塑,67.0000,0,tse,760,13:30:00,72.6000,29219,59.4000,台灣塑膠工業股份有限公司,66.0000,66.6000,0,TWSE,
1303.tw,2460,2432,9.tse.tw|16746,230.5000,0,136,231.0000,230.5000,000000,20260907,tse_1303.tw_20260907,231.0000_231.5000_232.0000_232.5000_233.0000_,230.5000_230.0000_229.5000_229.0000_228.5000_,1303,13.tse.tw|2787,20260907,14:30:00,1303.tw,1788762600000,14:30:00,33_232_331_193_449_,295_577_326_507_423_,0,000000,11387,240.0000,03,12,230.5000,229.5000,南亞,232.0000,0,tse,2460,13:30:00,248.0000,74983,203.0000,南亞塑膠工業股份有限公司,225.5000,230.5000,0,TWSE,
1304.tw,60,60,20.tse.tw|2230763,12.2000,0,0,12.3000,12.2500,000000,20260907,tse_1304.tw_20260907,12.2500_12.3000_12.3500_12.4000_12.4500_,12.2000_12.1500_12.1000_12.0500_12.0000_,1304,13.tse.tw|2924,20260907,14:30:00,1304.tw,1788762600000,14:30:00,15_30_109_68_74_,155_139_90_235_420_,0,000000,1195,12.5000,03,12,12.2500,12.2000,台聚,12.5000,0,tse,60,13:30:00,13.5500,1667,11.1500,台灣聚合化學品股份有限公司,12.3500,12.2000,0,TWSE,
1305.tw,70,70,9.tse.tw|16748,12.1500,0,2,12.2000,12.1500,000000,20260907,tse_1305.tw_20260907,12.1500_12.2000_12.2500_12.3000_12.3500_,12.1000_12.0500_12.0000_11.9500_11.9000_,1305,13.tse.tw|3060,20260907,14:30:00,1305.tw,1788762600000,14:30:00,44_56_31_17_3_,53_50_100_29_160_,0,000000,833,12.3000,03,12,12.1500,11.9500,華夏,12.3000,0,tse,70,13:30:00,13.4000,1265,11.0000,華夏海灣塑膠股份有限公司,12.2000,12.1500,0,TWSE,
1307.tw,9,9,20.tse.tw|2230998,30.5000,0,0,30.8500,30.5000,000000,20260907,tse_1307.tw_20260907,30.5500_30.6000_30.6500_30.7000_30.7500_,30.5000_30.4500_30.4000_30.3500_30.3000_,1307,13.tse.tw|3196,20260907,14:30:00,1307.tw,1788762600000,14:30:00,9_9_13_4_17_,1_2_18_15_76_,0,000000,100,30.7500,03,12,30.8500,30.3000,三芳,30.7500,0,tse,9,13:30:00,33.4500,311,27.4500,三芳化學工業股份有限公司,30.4500,30.5000,0,TWSE,
1308.tw,81,81,9.tse.tw|16750,13.9000,0,3,14.1000,14.0000,000000,20260907,tse_1308.tw_20260907,14.0000_14.0500_14.1000_14.1500_14.2000_,13.9500_13.9000_13.8500_13.8000_13.7500_,1308,13.tse.tw|3332,20260907,14:30:00,1308.tw,1788762600000,14:30:00,2_2_57_26_23_,1_78_83_139_205_,0,000000,191,14.2500,03,12,14.0000,13.9500,亞聚,14.2000,0,tse,81,13:30:00,15.5500,794,12.7500,亞洲聚合股份有限公司,14.1500,13.9500,0,TWSE,
1309.tw,77,77,20.tse.tw|2230999,13.5000,0,0,13.7000,13.6500,000000,20260907,tse_1309.tw_20260907,13.5000_13.5500_13.6000_13.6500_13.7000_,13.4500_13.4000_13.3500_13.3000_13.2500_,1309,13.tse.tw|2034,20260907,14:30:00,1309.tw,1788762600000,14:30:00,19_21_29_26_68_,6_135_55_70_62_,0,000000,790,13.6000,03,12,13.7000,13.4000,台達化,13.4500,0,tse,77,13:30:00,15.0000,1205,12.3000,台達化學工業股份有限公司,13.6500,13.5000,0,TWSE,
1310.tw,97,97,9.tse.tw|16752,8.6000,0,1,8.6300,8.5600,000000,20260907,tse_1310.tw_20260907,8.6200_8.6300_8.6600_8.6700_8.6800_,8.6000_8.5900_8.5800_8.5700_8.5600_,1310,13.tse.tw|2171,20260907,14:30:00,1310.tw,1788762600000,14:30:00,5_2_4_3_31_,39_11_20_52_46_,0,000000,1719,8.7600,03,12,8.5600,8.5600,台苯,8.7300,0,tse,97,13:30:00,9.5900,1967,7.8500,台灣苯乙烯工業股份有限公司,8.7200,8.6000,0,TWSE,
1312.tw,1858,1801,9.tse.tw|16753,14.1000,0,88,14.3000,14.2000,000000,20260907,tse_1312.tw_20260907,14.1500_14.2000_14.2500_14.3000_14.3500_,14.1000_14.0500_14.0000_13.9500_13.9000_,1312,13.tse.tw|2308,20260907,14:30:00,1312.tw,1788762600000,14:30:00,222_377_318_410_170_,253_673_2076_439_936_,0,000000,2880,14.4500,03,12,14.2000,14.0500,國喬,14.2000,0,tse,1858,13:30:00,16.0500,21533,13.1500,國喬石油化學股份有限公司,14.6000,14.1000,0,TWSE,
1313.tw,77,77,9.tse.tw|16754,11.8000,0,1,11.9000,11.7500,000000,20260907,tse_1313.tw_20260907,11.8000_11.8500_11.9000_11.9500_12.0000_,11.7500_11.7000_11.6500_11.6000_11.5500_,1313,13.tse.tw|2582,20260907,14:30:00,1313.tw,1788762600000,14:30:00,80_76_57_30_80_,40_157_81_351_341_,0,000000,675,12.0000,03,12,11.7500,11.7000,聯成,12.0000,0,tse,77,13:30:00,13.0500,1441,10.7500,聯成化學科技股份有限公司,11.9000,11.8000,0,TWSE,
1314.tw,763,760,9.tse.tw|16755,8.1000,0,46,8.1000,8.0900,000000,20260907,tse_1314.tw_20260907,8.1000_8.1100_8.1200_8.1300_8.1400_,8.0900_8.0800_8.0700_8.0600_8.0500_,1314,13.tse.tw|2719,20260907,14:30:00,1314.tw,1788762600000,14:30:00,46_199_213_148_80_,1042_204_559_488_696_,0,000000,3759,8.1900,03,12,8.1000,8.0500,中石化,8.1500,0,tse,763,13:30:00,8.9300,12970,7.3100,中國石油化學工業開發(股)公司,8.1200,8.1000,0,TWSE,
1315.tw,1,1,20.tse.tw|2230263,66.0000,0,0,65.9000,65.3000,000000,20260907,tse_1315.tw_20260907,66.0000_66.1000_66.2000_66.3000_66.4000_,65.5000_65.4000_65.3000_65.2000_65.1000_,1315,13.tse.tw|2856,20260907,14:30:00,1315.tw,1788762600000,14:30:00,1_4_6_7_3_,1_2_1_1_6_,0,000000,-,66.2000,03,12,0.0000,65.5000,達新,66.1000,0,tse,1,13:30:00,72.3000,78,59.3000,達新工業股份有限公司,65.8000,66.0000,0,TWSE,
1316.tw,61,61,9.tse.tw|16757,10.7500,0,1,10.7500,10.7000,000000,20260907,tse_1316.tw_20260907,10.8000_10.8500_10.9000_10.9500_11.0000_,10.7500_10.7000_10.6500_10.6000_10.5500_,1316,13.tse.tw|2993,20260907,14:30:00,1316.tw,1788762600000,14:30:00,89_129_47_34_79_,78_69_79_347_332_,0,000000,1021,10.8500,14,12,10.7500,10.5500,上曜,10.7000,0,tse,61,13:30:00,11.6500,1516,9.5400,上曜建設開發股份有限公司,10.6000,10.7500,0,TWSE,
1319.tw,107,107,9.tse.tw|16758,81.7000,0,1,82.0000,81.7000,000000,20260907,tse_1319.tw_20260907,81.9000_82.0000_82.1000_82.2000_82.3000_,81.7000_81.6000_81.5000_81.4000_81.3000_,1319,13.tse.tw|3129,20260907,14:30:00,1319.tw,1788762600000,14:30:00,5_3_12_7_3_,64_61_54_37_37_,0,000000,110,83.0000,12,12,81.8000,81.4000,東陽,83.0000,0,tse,107,13:30:00,90.8000,1345,74.4000,東陽實業廠股份有限公司,82.6000,81.7000,0,TWSE,
1321.tw,8,8,20.tse.tw|2230765,32.5500,0,0,32.6500,32.5000,000000,20260907,tse_1321.tw_20260907,32.6000_32.6500_32.7000_32.7500_32.8000_,32.4000_32.3000_32.2500_32.2000_32.1500_,1321,13.tse.tw|3265,20260907,14:30:00,1321.tw,1788762600000,14:30:00,3_3_3_4_2_,1_1_4_8_2_,0,000000,-,32.7000,03,12,0.0000,32.3000,大洋,32.7000,0,tse,8,13:30:00,35.7500,66,29.2500,大洋塑膠工業股份有限公司,32.5000,32.5500,0,TWSE,
1323.tw,2,2,20.tse.tw|2230264,21.2500,0,0,21.3500,21.0500,000000,20260907,tse_1323.tw_20260907,21.2500_21.3000_21.3500_21.4000_21.5000_,21.1500_21.1000_21.0500_21.0000_20.9500_,1323,13.tse.tw|2103,20260907,14:30:00,1323.tw,1788762600000,14:30:00,4_14_2_5_11_,1_4_8_5_1_,0,000000,315,21.3000,03,12,21.0500,21.0500,永裕,21.2000,0,tse,2,13:30:00,23.3500,24,19.1500,永裕塑膠工業股份有限公司,21.2500,21.2500,0,TWSE,
1324.tw,-,-,20.tse.tw|2231001,-,0,0,10.2000,10.1000,000000,20260907,tse_1324.tw_20260907,10.1500_10.2000_10.3000_10.3500_10.4000_,10.0500_10.0000_9.9900_9.9800_9.9700_,1324,13.tse.tw|2240,20260907,14:30:00,1324.tw,1788762600000,14:30:00,1_5_19_4_15_,2_24_1_1_1_,0,000000,3,10.2000,03,12,10.1000,10.0500,地球,10.2000,0,tse,-,13:30:00,11.1000,21,9.0900,地球綜合工業股份有限公司,10.1000,-,0,TWSE,
1325.tw,12,11,9.tse.tw|16762,26.2000,0,2,26.3000,26.0000,000000,20260907,tse_1325.tw_20260907,26.2000_26.2500_26.3000_26.3500_26.4000_,26.1500_26.1000_26.0500_26.0000_25.9500_,1325,13.tse.tw|2377,20260907,14:30:00,1325.tw,1788762600000,14:30:00,5_5_1_11_13_,3_6_7_14_5_,0,000000,1,26.3500,03,12,26.0000,25.5000,恆大,25.5000,0,tse,12,13:30:00,28.0500,426,22.9500,恒大股份有限公司,25.5000,26.2000,0,TWSE,
1326.tw,1095,1093,9.tse.tw|16763,71.9000,0,44,72.1000,72.0000,000000,20260907,tse_1326.tw_20260907,72.0000_72.1000_72.2000_72.3000_72.4000_,71.9000_71.8000_71.7000_71.6000_71.5000_,1326,13.tse.tw|2514,20260907,14:30:00,1326.tw,1788762600000,14:30:00,61_64_42_136_42_,702_201_189_190_368_,0,000000,5072,75.1000,03,12,72.0000,69.9000,台化,70.2000,0,tse,1095,13:30:00,76.7000,57496,62.9000,台灣化學纖維股份有限公司,69.8000,71.9000,0,TWSE,
1337.tw,10,10,20.tse.tw|2231002,4.5600,0,0,4.5800,4.5600,000000,20260907,tse_1337.tw_20260907,4.5600_4.5700_4.5900_4.6000_4.6100_,4.5500_4.5400_4.5300_4.5200_4.5100_,1337,13.tse.tw|2651,20260907,14:30:00,1337.tw,1788762600000,14:30:00,5_1_1_11_12_,2_2_11_24_38_,0,000000,213,4.6700,03,12,4.5600,4.5200,再生-KY,4.5700,0,tse,10,13:30:00,5.0200,217,4.1200,亞洲塑膠再生資源控股有限公司,4.5700,4.5600,0,TWSE,RR
1338.tw,3,3,20.tse.tw|2231003,14.4500,0,0,14.5000,14.4500,000000,20260907,tse_1338.tw_20260907,14.4500_14.5000_14.6500_14.7000_14.7500_,14.4000_14.3500_14.3000_14.2500_14.2000_,1338,13.tse.tw|2788,20260907,14:30:00,1338.tw,1788762600000,14:30:00,3_11_1_2_2_,1_2_4_5_9_,0,000000,2,14.5000,12,12,14.4500,14.1500,廣華-KY,14.5000,0,tse,3,13:30:00,15.8500,105,13.0500,廣華控股有限公司,14.4500,14.4500,0,TWSE,RR
1339.tw,47,47,20.tse.tw|2230766,42.5000,0,0,0.0000,42.8000,000000,20260907,tse_1339.tw_20260907,43.3000_43.3500_43.4000_43.4500_43.5000_,42.7500_42.7000_42.6500_42.6000_42.5000_,1339,13.tse.tw|2925,20260907,14:30:00,1339.tw,1788762600000,14:30:00,2_9_2_6_9_,1_1_2_5_10_,0,000000,-,43.4500,12,12,0.0000,42.8000,昭輝,43.1500,0,tse,47,13:30:00,47.3000,88,38.7000,昭輝實業股份有限公司,43.0000,42.8000,0,TWSE,
1340.tw,78,78,20.tse.tw|2230767,5.1100,0,0,5.1400,5.1300,000000,20260907,tse_1340.tw_20260907,5.1100_5.2500_5.2600_5.2700_5.2800_,5.1000_5.0900_5.0600_5.0100_5.0000_,1340,13.tse.tw|3061,20260907,14:30:00,1340.tw,1788762600000,14:30:00,12_1_4_3_7_,12_1_2_2_13_,0,000000,485,5.2700,03,12,5.1300,5.1100,勝悅-KY,5.2700,0,tse,78,13:30:00,5.7500,185,4.7100,勝悅新材料有限公司,5.2300,5.1100,0,TWSE,RR
1341.tw,-,-,20.tse.tw|2231361,-,0,0,60.0000,58.2000,000000,20260907,tse_1341.tw_20260907,60.1000_60.4000_61.0000_61.2000_61.9000_,58.9000_58.8000_58.7000_58.5000_58.3000_,1341,13.tse.tw|3197,20260907,14:30:00,1341.tw,1788762600000,14:30:00,1_1_2_5_1_,1_1_1_1_2_,0,000000,2,60.0000,03,12,58.2000,59.8000,富林-KY,60.0000,0,tse,-,13:30:00,65.4000,8,53.6000,富林塑膠工業(開曼)控股股份有限公司,59.5000,-,0,TWSE,RR
1342.tw,8,8,20.tse.tw|2230265,103.5000,0,0,105.5000,103.5000,000000,20260907,tse_1342.tw_20260907,104.0000_104.5000_105.0000_105.5000_106.0000_,103.0000_102.5000_102.0000_101.5000_101.0000_,1342,13.tse.tw|3333,20260907,14:30:00,1342.tw,1788762600000,14:30:00,26_36_57_9_15_,36_9_32_12_6_,0,000000,110,105.0000,20,12,103.5000,103.5000,八貫,104.0000,0,tse,8,13:30:00,112.5000,171,92.3000,八貫企業股份有限公司,102.5000,103.5000,0,TWSE,
1402.tw,780,692,9.tse.tw|16770,28.7500,0,3,28.8000,28.7000,000000,20260907,tse_1402.tw_20260907,28.7500_28.8000_28.8500_28.9000_28.9500_,28.7000_28.6500_28.6000_28.5500_28.5000_,1402,13.tse.tw|2035,20260907,14:30:00,1402.tw,1788762600000,14:30:00,214_352_196_299_249_,79_138_200_116_628_,0,000000,1814,29.2000,04,12,28.7000,28.5000,遠東新,29.2000,0,tse,780,13:30:00,32.0500,10022,26.2500,遠東新世紀股份有限公司,29.1500,28.7000,0,TWSE,
1409.tw,257,240,9.tse.tw|16771,24.3500,0,19,24.4000,24.3500,000000,20260907,tse_1409.tw_20260907,24.3500_24.4000_24.4500_24.5000_24.5500_,24.3000_24.2500_24.2000_24.1500_24.1000_,1409,13.tse.tw|2172,20260907,14:30:00,1409.tw,1788762600000,14:30:00,72_73_90_226_189_,116_145_515_254_312_,0,000000,1792,24.8000,04,12,24.3500,24.2000,新纖,24.7000,0,tse,257,13:30:00,27.0000,7283,22.1000,新光合成纖維股份有限公司,24.5500,24.3500,0,TWSE,
1410.tw,1,1,20.tse.tw|2230769,24.7500,0,0,24.7500,24.5000,000000,20260907,tse_1410.tw_20260907,24.7500_24.8000_24.8500_24.9000_25.0500_,24.5500_24.4500_24.4000_24.2500_24.2000_,1410,13.tse.tw|2309,20260907,14:30:00,1410.tw,1788762600000,14:30:00,1_2_2_1_2_,1_2_11_6_7_,0,000000,30,24.8000,04,12,24.7500,24.5000,南染,24.7500,0,tse,1,13:30:00,27.0000,102,22.1000,南洋染整股份有限公司,24.5500,24.7500,0,TWSE,
1413.tw,6,6,20.tse.tw|2231004,9.2900,0,0,9.3200,9.1600,000000,20260907,tse_1413.tw_20260907,9.3100_9.3300_9.3500_9.3800_9.4000_,9.1300_9.1200_9.1000_9.0900_9.0800_,1413,13.tse.tw|2446,20260907,14:30:00,1413.tw,1788762600000,14:30:00,3_4_2_1_3_,2_2_1_4_5_,0,000000,-,9.3300,04,12,0.0000,9.0600,宏洲,9.3300,0,tse,6,13:30:00,10.1000,14,8.2800,宏洲纖維工業股份有限公司,9.1900,9.2900,0,TWSE,
1414.tw,21,18,20.tse.tw|2231363,17.8000,0,0,17.7500,17.6000,000000,20260907,tse_1414.tw_20260907,17.8500_17.9000_17.9500_18.0000_18.0500_,17.7000_17.6500_17.6000_17.5500_17.5000_,1414,13.tse.tw|2583,20260907,14:30:00,1414.tw,1788762600000,14:30:00,40_2_2_13_18_,3_1_4_2_43_,0,000000,362,18.0000,04,12,17.6000,17.7000,東和,17.9000,0,tse,21,13:30:00,19.6000,154,16.1000,東和紡織股份有限公司,17.8500,17.7500,0,TWSE,
1416.tw,8,8,20.tse.tw|2230770,11.6000,0,0,11.6500,11.5500,000000,20260907,tse_1416.tw_20260907,11.6500_11.7000_11.7500_11.8000_11.8500_,11.6000_11.5500_11.5000_11.4500_11.4000_,1416,13.tse.tw|2720,20260907,14:30:00,1416.tw,1788762600000,14:30:00,19_7_42_35_55_,6_32_41_104_63_,0,000000,217,11.7500,20,12,11.5500,11.5500,廣豐,11.7500,0,tse,8,13:30:00,12.9000,192,10.6000,廣豐實業股份有限公司,11.7500,11.6000,0,TWSE,
1417.tw,5,5,20.tse.tw|2231005,8.2500,0,0,8.2100,8.1700,000000,20260907,tse_1417.tw_20260907,8.2500_8.2600_8.2700_8.2800_8.2900_,8.2100_8.1900_8.1700_8.1600_8.1500_,1417,13.tse.tw|2857,20260907,14:30:00,1417.tw,1788762600000,14:30:00,6_3_7_9_7_,5_9_11_22_31_,0,000000,503,8.3100,04,12,8.1700,8.1500,嘉裕,8.3100,0,tse,5,13:30:00,9.1000,142,7.4600,嘉裕股份有限公司,8.2800,8.2300,0,TWSE,
1418.tw,1,1,20.tse.tw|2230624,17.8500,0,0,17.9500,17.7000,000000,20260907,tse_1418.tw_20260907,17.9500_18.0000_18.0500_18.1000_18.1500_,17.7000_17.5000_17.4500_17.4000_17.3500_,1418,13.tse.tw|2994,20260907,14:30:00,1418.tw,1788762600000,14:30:00,2_1_1_2_1_,1_3_1_2_2_,0,000000,181,17.8500,04,12,17.7000,17.5000,東華,17.7500,0,tse,1,13:30:00,19.3500,5,15.8500,東華龍股份有限公司,17.6000,17.8500,0,TWSE,
1419.tw,56,54,20.tse.tw|2230771,68.3000,0,0,68.0000,67.8000,000000,20260907,tse_1419.tw_20260907,68.4000_68.8000_69.0000_69.3000_69.4000_,67.0000_66.8000_66.7000_66.6000_66.5000_,1419,13.tse.tw|3130,20260907,14:30:00,1419.tw,1788762600000,14:30:00,2_1_2_1_1_,1_1_2_3_3_,0,000000,342,68.3000,04,12,67.8000,66.8000,新紡,67.6000,0,tse,56,13:30:00,73.5000,86,60.3000,新光紡織股份有限公司,66.9000,68.3000,0,TWSE,
1423.tw,1,1,20.tse.tw|2231364,35.5500,0,0,35.5500,35.0000,000000,20260907,tse_1423.tw_20260907,35.7000_36.0000_36.0500_37.1500_38.3500_,34.9000_34.8500_34.7000_34.4500_34.4000_,1423,13.tse.tw|3266,20260907,14:30:00,1423.tw,1788762600000,14:30:00,1_3_1_1_9_,1_1_2_4_2_,0,000000,1,36.0000,04,12,35.0000,34.9000,利華,35.5000,0,tse,1,13:30:00,38.9500,33,31.9500,利華羊毛工業股份有限公司,35.4500,35.5500,0,TWSE,
1432.tw,2,2,20.tse.tw|2231365,15.0500,0,0,15.1500,15.0500,000000,20260907,tse_1432.tw_20260907,15.1000_15.1500_15.2000_15.2500_15.3000_,15.0000_14.9500_14.9000_14.8500_14.8000_,1432,13.tse.tw|2104,20260907,14:30:00,1432.tw,1788762600000,14:30:00,28_50_36_12_26_,74_17_21_21_22_,0,000000,415,15.1500,37,12,15.0500,15.0000,大魯閣,15.0000,0,tse,2,13:30:00,16.5000,96,13.5000,大魯閣實業股份有限公司,15.0000,15.0500,0,TWSE,
1434.tw,143,142,9.tse.tw|16781,18.1000,0,1,18.1500,18.1000,000000,20260907,tse_1434.tw_20260907,18.1500_18.2000_18.2500_18.3000_18.3500_,18.1000_18.0500_18.0000_17.9500_17.9000_,1434,13.tse.tw|2241,20260907,14:30:00,1434.tw,1788762600000,14:30:00,12_54_69_93_74_,40_59_84_53_114_,0,000000,252,18.4000,04,12,18.1500,18.1000,福懋,18.3500,0,tse,143,13:30:00,20.0000,1712,16.4000,福懋興業股份有限公司,18.2000,18.1000,0,TWSE,
1435.tw,2,2,9.tse.tw|16782,22.7500,0,2,22.5000,22.0000,000000,20260907,tse_1435.tw_20260907,22.7500_22.8000_22.9500_23.4500_23.5000_,22.0000_21.7000_21.6500_21.5500_21.5000_,1435,13.tse.tw|2378,20260907,14:30:00,1435.tw,1788762600000,14:30:00,1_1_1_2_1_,1_1_1_1_1_,0,000000,2,22.8000,20,12,22.0000,21.6000,中福,21.9000,0,tse,2,13:30:00,24.2000,27,19.8000,中福國際(原名中福振業)(股)公司,22.0000,22.7500,0,TWSE,
1436.tw,2,2,20.tse.tw|2231006,37.9000,0,0,37.9500,37.9000,000000,20260907,tse_1436.tw_20260907,37.9500_38.0000_38.0500_38.1000_38.1500_,37.8500_37.8000_37.7500_37.7000_37.6500_,1436,13.tse.tw|2515,20260907,14:30:00,1436.tw,1788762600000,14:30:00,1_9_1_2_1_,1_9_7_6_3_,0,000000,1016,38.4000,14,12,37.9500,37.7500,華友聯,38.4000,0,tse,2,13:30:00,42.1500,120,34.5500,華友聯開發股份有限公司,38.3500,37.9000,0,TWSE,
1437.tw,3,3,20.tse.tw|2231367,32.2000,0,0,32.0500,31.8000,000000,20260907,tse_1437.tw_20260907,32.2000_32.2500_32.3000_32.4000_32.4500_,32.1000_32.0500_32.0000_31.9500_31.9000_,1437,13.tse.tw|2652,20260907,14:30:00,1437.tw,1788762600000,14:30:00,4_21_9_1_8_,2_3_6_6_1_,0,000000,681,32.2000,20,12,31.8000,32.0000,勤益控,32.0500,0,tse,3,13:30:00,35.2500,83,28.8500,勤益投資控股股份有限公司,32.0500,32.2000,0,TWSE,
1438.tw,2,2,20.tse.tw|2230266,22.7000,0,0,0.0000,23.0000,000000,20260907,tse_1438.tw_20260907,22.7000_22.8500_22.9000_22.9500_23.0000_,22.6000_22.5500_22.5000_22.4000_22.3500_,1438,13.tse.tw|2789,20260907,14:30:00,1438.tw,1788762600000,14:30:00,1_2_2_3_4_,1_1_2_8_5_,0,000000,62,23.1500,14,12,23.0000,22.3500,三地開發,22.5500,0,tse,2,13:30:00,24.6000,127,20.2000,三地開發地產股份有限公司,22.4000,22.7000,0,TWSE,
1439.tw,-,-,20.tse.tw|2231368,-,0,0,29.6000,29.4000,000000,20260907,tse_1439.tw_20260907,29.2500_29.5000_29.6500_29.7000_29.8000_,29.0000_28.9500_28.8500_28.8000_28.7500_,1439,13.tse.tw|2926,20260907,14:30:00,1439.tw,1788762600000,14:30:00,1_9_1_2_1_,10_11_1_3_5_,0,000000,95,29.5000,14,12,29.4000,28.5000,雋揚,28.5000,0,tse,-,13:30:00,32.0000,55,26.2000,雋揚國際股份有限公司,29.1000,-,0,TWSE,
1440.tw,220,200,20.tse.tw|2231007,13.5000,0,0,13.5500,13.5000,000000,20260907,tse_1440.tw_20260907,13.5000_13.5500_13.6000_13.6500_13.7000_,13.4500_13.4000_13.3500_13.3000_13.2500_,1440,13.tse.tw|3062,20260907,14:30:00,1440.tw,1788762600000,14:30:00,18_68_42_80_38_,174_461_84_439_243_,0,000000,835,14.0000,04,12,13.5500,13.4000,南紡,14.0000,0,tse,220,13:30:00,15.2500,3386,12.5500,台南紡織股份有限公司,13.9000,13.5000,0,TWSE,
1441.tw,-,-,20.tse.tw|2230267,-,0,0,9.6700,8.7800,000000,20260907,tse_1441.tw_20260907,8.8700_8.9800_8.9900_9.5900_,8.7200_8.7100_8.7000_8.6800_8.6600_,1441,13.tse.tw|3198,20260907,14:30:00,1441.tw,1788762600000,14:30:00,2_1_3_3_,1_10_18_6_3_,0,000000,51,8.8000,04,12,8.7800,8.7000,大東,8.7800,0,tse,-,13:30:00,9.6800,27,7.9200,大東紡織股份有限公司,8.8000,-,0,TWSE,
1442.tw,1,1,9.tse.tw|16789,29.9000,0,3,30.0000,29.9000,000000,20260907,tse_1442.tw_20260907,30.0000_30.1500_30.2000_30.2500_30.3000_,29.9000_29.8000_29.7000_29.6500_29.6000_,1442,13.tse.tw|3334,20260907,14:30:00,1442.tw,1788762600000,14:30:00,8_5_9_6_4_,2_1_8_3_8_,0,000000,50,30.2500,14,12,30.0000,29.7000,名軒,30.2500,0,tse,1,13:30:00,33.0000,142,27.0000,名軒開發股份有限公司,30.0000,29.9000,0,TWSE,
1443.tw,1,1,20.tse.tw|2231008,23.8000,0,0,23.7500,23.1000,000000,20260907,tse_1443.tw_20260907,23.8000_23.8500_23.9000_24.0000_25.0000_,23.7500_23.5000_23.4500_23.3500_23.3000_,1443,13.tse.tw|2036,20260907,14:30:00,1443.tw,1788762600000,14:30:00,1_1_9_10_1_,1_1_2_1_4_,0,000000,2,23.9000,20,12,23.1000,23.8000,立益物流,23.9000,0,tse,1,13:30:00,26.0500,10,21.3500,立益物流開發股份有限公司,23.7000,23.8000,0,TWSE,
1444.tw,53,52,9.tse.tw|16791,7.0300,0,6,7.0400,7.0300,000000,20260907,tse_1444.tw_20260907,7.0400_7.0500_7.0600_7.0700_7.0800_,7.0300_7.0200_7.0100_7.0000_6.9900_,1444,13.tse.tw|2173,20260907,14:30:00,1444.tw,1788762600000,14:30:00,12_10_14_27_16_,1_17_114_633_42_,0,000000,2079,7.1600,04,12,7.0300,7.0100,力麗,7.1500,0,tse,53,13:30:00,7.7900,1869,6.3900,力麗企業股份有限公司,7.0900,7.0300,0,TWSE,
1445.tw,6,6,20.tse.tw|2231009,10.4000,0,0,10.4500,10.2000,000000,20260907,tse_1445.tw_20260907,10.4000_10.4500_10.5000_10.6500_10.7000_,10.3000_10.2500_10.2000_10.1500_10.1000_,1445,13.tse.tw|2310,20260907,14:30:00,1445.tw,1788762600000,14:30:00,2_3_7_4_8_,1_2_11_110_3_,0,000000,1,10.4000,04,12,10.2000,10.2000,大宇,10.3000,0,tse,6,13:30:00,11.1500,24,9.1400,大宇紡織股份有限公司,10.1500,10.4000,0,TWSE,
1446.tw,1,1,20.tse.tw|2231369,13.4000,0,0,13.5500,13.4000,000000,20260907,tse_1446.tw_20260907,13.4000_13.4500_13.5000_13.5500_13.6000_,13.3500_13.3000_13.2500_13.2000_13.1500_,1446,13.tse.tw|2447,20260907,14:30:00,1446.tw,1788762600000,14:30:00,29_11_15_30_3_,13_23_34_19_62_,0,000000,13,13.5500,04,12,13.4000,13.3500,宏和,13.5500,0,tse,1,13:30:00,14.7000,130,12.1000,宏和精密紡織股份有限公司,13.4000,13.4000,0,TWSE,
1447.tw,27,16,9.tse.tw|16794,6.6800,0,7,6.6600,6.6300,000000,20260907,tse_1447.tw_20260907,6.6800_6.6900_6.7000_6.7100_6.7200_,6.6700_6.6600_6.6500_6.6400_6.6300_,1447,13.tse.tw|2584,20260907,14:30:00,1447.tw,1788762600000,14:30:00,14_10_75_25_73_,6_36_80_65_126_,0,000000,587,6.7200,04,12,6.6600,6.6300,力鵬,6.7100,0,tse,27,13:30:00,7.3800,1258,6.0400,力鵬企業股份有限公司,6.7100,6.6800,0,TWSE,
1449.tw,4,4,20.tse.tw|2230774,12.1500,0,0,12.2000,12.0500,000000,20260907,tse_1449.tw_20260907,12.2500_12.3000_12.3500_12.4000_12.4500_,12.1500_12.1000_12.0500_12.0000_11.9500_,1449,13.tse.tw|2721,20260907,14:30:00,1449.tw,1788762600000,14:30:00,22_26_11_18_17_,7_79_25_58_81_,0,000000,434,12.3000,04,12,12.0500,12.1500,佳和,12.3000,0,tse,4,13:30:00,13.4500,172,11.0500,佳和實業股份有限公司,12.2500,12.1500,0,TWSE,
1451.tw,3,3,20.tse.tw|2231010,17.3000,0,0,18.0000,17.2500,000000,20260907,tse_1451.tw_20260907,17.3000_17.3500_17.4000_17.4500_17.5000_,17.2500_17.2000_17.1500_17.1000_17.0500_,1451,13.tse.tw|2858,20260907,14:30:00,1451.tw,1788762600000,14:30:00,12_3_11_4_7_,1_4_15_23_3_,0,000000,345,17.3500,04,12,17.2500,17.2000,年興,17.3000,0,tse,3,13:30:00,18.9500,41,15.5500,年興紡織股份有限公司,17.2500,17.3000,0,TWSE,
1452.tw,1,1,20.tse.tw|2231011,11.2500,0,0,11.2500,11.1500,000000,20260907,tse_1452.tw_20260907,11.2500_11.3000_11.3500_11.4000_11.4500_,11.2000_11.1500_11.1000_11.0500_11.0000_,1452,13.tse.tw|2995,20260907,14:30:00,1452.tw,1788762600000,14:30:00,1_6_16_11_29_,6_16_13_16_19_,0,000000,60,11.4000,04,12,11.2500,11.2000,宏益,11.4000,0,tse,1,13:30:00,12.4500,128,10.2500,宏益纖維工業股份有限公司,11.3500,11.2500,0,TWSE,
1453.tw,1,1,20.tse.tw|2231370,11.0500,0,0,11.4500,11.0500,000000,20260907,tse_1453.tw_20260907,11.1000_11.1500_11.2000_11.2500_11.3000_,11.0500_11.0000_10.9500_10.9000_10.8500_,1453,13.tse.tw|3131,20260907,14:30:00,1453.tw,1788762600000,14:30:00,4_2_8_2_3_,5_10_6_26_5_,0,000000,88,11.2000,14,12,11.0500,11.0500,大將,11.2000,0,tse,1,13:30:00,12.2500,23,10.0500,大將開發股份有限公司,11.1500,11.0500,0,TWSE,
1454.tw,2,2,20.tse.tw|2230269,12.3500,0,0,0.0000,12.4000,000000,20260907,tse_1454.tw_20260907,12.3500_12.4000_12.4500_12.5000_12.6500_,12.3000_12.2500_12.2000_12.1500_12.1000_,1454,13.tse.tw|3267,20260907,14:30:00,1454.tw,1788762600000,14:30:00,16_4_1_15_1_,1_30_3_1_1_,0,000000,1636,12.3500,04,12,12.4000,12.2500,台富,12.3500,0,tse,2,13:30:00,13.3500,55,10.9500,台灣富綢纖維股份有限公司,12.1500,12.3500,0,TWSE,
1455.tw,36,33,9.tse.tw|16800,9.8000,0,4,9.8300,9.8100,000000,20260907,tse_1455.tw_20260907,9.8000_9.8100_9.8200_9.8300_9.8400_,9.7900_9.7700_9.7500_9.7400_9.7300_,1455,13.tse.tw|2105,20260907,14:30:00,1455.tw,1788762600000,14:30:00,34_4_5_11_3_,2_1_5_18_1_,0,000000,58,10.0500,04,12,9.8100,9.7100,集盛,10.0500,0,tse,36,13:30:00,10.9500,1664,8.9700,集盛實業股份有限公司,9.9600,9.8000,0,TWSE,
1456.tw,11,11,20.tse.tw|2231371,13.6000,0,0,13.6000,13.4500,000000,20260907,tse_1456.tw_20260907,13.6000_13.8000_13.8500_13.9500_14.0000_,13.5500_13.5000_13.4500_13.4000_13.3500_,1456,13.tse.tw|2242,20260907,14:30:00,1456.tw,1788762600000,14:30:00,9_1_5_2_2_,11_14_4_7_3_,0,000000,155,14.3000,14,12,13.6000,13.6000,怡華,14.3000,0,tse,11,13:30:00,15.4000,41,12.6000,怡華實業股份有限公司,14.0000,13.6000,0,TWSE,
1457.tw,10,10,20.tse.tw|2230775,14.3000,0,0,14.3500,14.2000,000000,20260907,tse_1457.tw_20260907,14.5000_14.5500_14.6000_14.6500_14.7000_,14.3000_14.2500_14.2000_14.1500_14.1000_,1457,13.tse.tw|2379,20260907,14:30:00,1457.tw,1788762600000,14:30:00,23_52_20_10_1_,3_7_29_29_15_,0,000000,492,14.5500,04,12,14.2000,14.3000,宜進,14.5000,0,tse,10,13:30:00,15.9500,142,13.0500,宜進實業股份有限公司,14.5000,14.3000,0,TWSE,
1459.tw,114,114,20.tse.tw|2231013,15.3000,0,0,15.4000,15.3000,000000,20260907,tse_1459.tw_20260907,15.9000_15.9500_16.0000_16.0500_16.1000_,15.3500_15.3000_15.2500_15.2000_15.1500_,1459,13.tse.tw|2516,20260907,14:30:00,1459.tw,1788762600000,14:30:00,3_27_115_12_26_,4_107_5_5_8_,0,000000,690,16.0000,04,12,15.3000,15.3500,聯發,15.9000,0,tse,114,13:30:00,17.2000,253,14.1000,聯發紡織纖維股份有限公司,15.6500,15.3500,0,TWSE,
1460.tw,2,2,20.tse.tw|2231014,6.5900,0,0,6.6100,6.5500,000000,20260907,tse_1460.tw_20260907,6.5900_6.6000_6.6100_6.6200_6.6300_,6.5600_6.5500_6.5400_6.5300_6.5200_,1460,13.tse.tw|2653,20260907,14:30:00,1460.tw,1788762600000,14:30:00,1_26_1_3_16_,7_22_3_9_6_,0,000000,568,6.6200,04,12,6.5500,6.5600,宏遠,6.6100,0,tse,2,13:30:00,7.2600,127,5.9400,宏遠興業股份有限公司,6.6000,6.5900,0,TWSE,
1463.tw,1,1,20.tse.tw|2231015,17.3000,0,0,17.4000,17.1000,000000,20260907,tse_1463.tw_20260907,17.3000_17.3500_17.4000_17.4500_17.8500_,17.1500_17.1000_17.0500_16.9500_16.9000_,1463,13.tse.tw|2790,20260907,14:30:00,1463.tw,1788762600000,14:30:00,1_4_4_10_3_,4_2_2_9_2_,0,000000,1,17.4000,04,12,17.1000,17.1500,強盛新,17.2000,0,tse,1,13:30:00,19.1000,59,15.7000,強盛新投資控股股份有限公司,17.4000,17.3000,0,TWSE,
1464.tw,7,7,9.tse.tw|16806,10.0500,0,3,10.1000,10.0500,000000,20260907,tse_1464.tw_20260907,10.0500_10.1000_10.1500_10.2000_10.2500_,10.0000_9.9900_9.9800_9.9700_9.9500_,1464,13.tse.tw|2927,20260907,14:30:00,1464.tw,1788762600000,14:30:00,30_23_57_19_42_,296_1_2_4_19_,0,000000,1065,10.1500,04,12,10.0500,10.0000,得力,10.1500,0,tse,7,13:30:00,11.1000,213,9.0900,得力實業股份有限公司,10.1000,10.0500,0,TWSE,
1465.tw,3,3,20.tse.tw|2230777,11.9000,0,0,11.9500,11.9000,000000,20260907,tse_1465.tw_20260907,11.9500_12.0000_12.0500_12.1000_12.1500_,11.9000_11.8500_11.8000_11.7500_11.7000_,1465,13.tse.tw|3063,20260907,14:30:00,1465.tw,1788762600000,14:30:00,20_20_21_16_12_,2_7_32_37_51_,0,000000,85,12.0000,04,12,11.9500,11.8500,偉全,11.9500,0,tse,3,13:30:00,13.0500,115,10.7500,偉全實業股份有限公司,11.9000,11.9000,0,TWSE,
1466.tw,55,51,9.tse.tw|16808,15.6000,0,20,15.6500,15.5000,000000,20260907,tse_1466.tw_20260907,15.6500_15.7500_15.8000_15.8500_15.9000_,15.6000_15.5500_15.5000_15.4500_15.4000_,1466,13.tse.tw|3199,20260907,14:30:00,1466.tw,1788762600000,14:30:00,2_18_11_4_12_,4_10_62_10_10_,0,000000,2,16.3000,04,12,15.5000,15.6000,聚隆,16.3000,0,tse,55,13:30:00,17.3000,303,14.2000,聚隆纖維股份有限公司,15.7500,15.6000,0,TWSE,
1467.tw,125,125,20.tse.tw|2230271,8.0500,0,0,8.2000,8.0800,000000,20260907,tse_1467.tw_20260907,8.0700_8.2000_8.2700_8.2800_8.2900_,8.0500_8.0300_8.0200_8.0100_8.0000_,1467,13.tse.tw|3335,20260907,14:30:00,1467.tw,1788762600000,14:30:00,2_10_5_5_3_,4_3_15_2_15_,0,000000,1,8.3100,04,12,8.0800,8.0500,南緯,8.1900,0,tse,125,13:30:00,9.0000,291,7.3800,南緯實業股份有限公司,8.1900,8.0500,0,TWSE,
1468.tw,5,4,20.tse.tw|2231016,13.5500,0,0,13.5500,13.3500,000000,20260907,tse_1468.tw_20260907,13.5500_13.6000_13.6500_13.7000_13.8000_,13.4500_13.3000_13.2500_13.1000_12.8000_,1468,13.tse.tw|2037,20260907,14:30:00,1468.tw,1788762600000,14:30:00,1_6_2_1_2_,3_3_6_3_3_,0,000000,55,13.6000,04,12,13.5500,12.7000,昶和,12.8000,0,tse,5,13:30:00,14.3000,90,11.7000,昶和纖維興業股份有限公司,13.0000,13.5000,0,TWSE,
1470.tw,2,2,20.tse.tw|2230272,24.5000,0,0,24.6000,23.7000,000000,20260907,tse_1470.tw_20260907,24.5000_24.5500_24.6000_24.6500_24.8000_,23.8000_23.7500_23.7000_23.6500_23.5000_,1470,13.tse.tw|2174,20260907,14:30:00,1470.tw,1788762600000,14:30:00,10_5_5_1_3_,5_1_1_1_4_,0,000000,-,24.5000,04,12,0.0000,24.0000,大統新創,24.2500,0,tse,2,13:30:00,26.2500,17,21.5500,大統新創股份有限公司,23.9000,24.5000,0,TWSE,
1471.tw,12,12,20.tse.tw|2231372,9.6900,0,0,9.6900,9.6600,000000,20260907,tse_1471.tw_20260907,9.7700_9.8000_9.8200_9.8300_9.8400_,9.6900_9.6800_9.6700_9.6600_9.6500_,1471,13.tse.tw|2311,20260907,14:30:00,1471.tw,1788762600000,14:30:00,6_27_9_2_1_,2_13_21_25_9_,0,000000,707,9.7900,28,12,9.6900,9.6600,首利,9.7100,0,tse,12,13:30:00,10.7000,182,8.7700,首利實業股份有限公司,9.7400,9.6900,0,TWSE,
1472.tw,-,-,20.tse.tw|2231017,-,0,0,90.5000,90.1000,000000,20260907,tse_1472.tw_20260907,90.0000_90.5000_90.6000_90.7000_90.8000_,89.5000_88.5000_88.4000_88.3000_88.2000_,1472,13.tse.tw|2448,20260907,14:30:00,1472.tw,1788762600000,14:30:00,1_5_7_2_8_,1_3_3_1_2_,0,000000,-,90.6000,14,12,0.0000,90.4000,三洋實業,90.6000,0,tse,-,13:30:00,98.8000,11,81.0000,三洋實業股份有限公司,89.9000,-,0,TWSE,
1473.tw,11,11,20.tse.tw|2230273,20.1000,0,0,21.3000,20.1500,000000,20260907,tse_1473.tw_20260907,20.1500_20.2000_20.2500_20.3000_20.3500_,20.0500_20.0000_19.9500_19.9000_19.8500_,1473,13.tse.tw|2585,20260907,14:30:00,1473.tw,1788762600000,14:30:00,33_13_15_4_4_,1_9_2_32_10_,0,000000,-,20.1500,04,12,0.0000,19.9000,台南,20.1000,0,tse,11,13:30:00,22.1000,35,18.1000,台南企業股份有限公司,20.1000,20.1000,0,TWSE,
1474.tw,-,-,20.tse.tw|2231018,-,0,0,0.0000,9.9000,000000,20260907,tse_1474.tw_20260907,9.9700_9.9900_10.0000_10.0500_10.1000_,9.9600_9.9500_9.9400_9.9300_9.9200_,1474,13.tse.tw|2722,20260907,14:30:00,1474.tw,1788762600000,14:30:00,1_3_5_10_5_,1_7_2_13_23_,0,000000,447,10.0500,04,12,9.9000,9.9600,弘裕,10.0500,0,tse,-,13:30:00,11.0000,24,9.0000,弘裕企業股份有限公司,10.0000,-,0,TWSE,
1475.tw,1,1,20.tse.tw|2230465,26.3500,0,0,26.4500,26.0000,000000,20260907,tse_1475.tw_20260907,26.5000_26.6500_26.7500_26.8000_26.8500_,26.2000_26.1000_26.0500_25.9000_25.8500_,1475,13.tse.tw|2859,20260907,14:30:00,1475.tw,1788762600000,14:30:00,9_6_2_2_2_,5_1_1_2_3_,0,000000,-,26.8000,04,12,0.0000,26.0000,業旺,26.8000,0,tse,1,13:30:00,29.0000,21,23.8000,台灣業旺股份有限公司,26.4000,26.3500,0,TWSE,
1476.tw,151,150,9.tse.tw|16817,306.0000,0,2,307.5000,307.0000,000000,20260907,tse_1476.tw_20260907,306.0000_306.5000_307.0000_307.5000_308.0000_,305.5000_305.0000_304.5000_304.0000_303.5000_,1476,13.tse.tw|2996,20260907,14:30:00,1476.tw,1788762600000,14:30:00,4_7_14_13_18_,48_122_23_40_27_,0,000000,1154,316.0000,04,12,307.5000,306.0000,儒鴻,316.0000,0,tse,151,13:30:00,344.0000,1709,282.0000,儒鴻企業股份有限公司,313.0000,306.0000,0,TWSE,
1477.tw,154,145,9.tse.tw|16818,195.5000,0,2,196.0000,195.5000,000000,20260907,tse_1477.tw_20260907,195.0000_195.5000_196.0000_196.5000_197.0000_,194.5000_194.0000_193.5000_193.0000_192.5000_,1477,13.tse.tw|3132,20260907,14:30:00,1477.tw,1788762600000,14:30:00,7_22_33_77_24_,17_61_62_248_121_,0,000000,514,198.5000,04,12,196.0000,193.0000,聚陽,198.5000,0,tse,154,13:30:00,216.0000,1811,177.0000,聚陽實業股份有限公司,196.5000,195.0000,0,TWSE,
1503.tw,64,62,9.tse.tw|16819,207.5000,0,3,208.0000,207.5000,000000,20260907,tse_1503.tw_20260907,208.0000_208.5000_209.0000_209.5000_210.0000_,207.5000_207.0000_206.5000_206.0000_205.5000_,1503,13.tse.tw|3268,20260907,14:30:00,1503.tw,1788762600000,14:30:00,55_26_25_29_68_,13_56_53_41_42_,0,000000,1463,213.0000,05,12,208.0000,206.5000,士電,210.0000,0,tse,64,13:30:00,228.0000,1459,187.0000,士林電機廠股份有限公司,207.5000,207.5000,0,TWSE,
1504.tw,284,275,9.tse.tw|16820,71.7000,0,12,72.0000,71.9000,000000,20260907,tse_1504.tw_20260907,71.8000_71.9000_72.0000_72.1000_72.2000_,71.7000_71.6000_71.5000_71.4000_71.3000_,1504,13.tse.tw|2106,20260907,14:30:00,1504.tw,1788762600000,14:30:00,22_108_49_42_59_,121_186_161_70_256_,0,000000,1986,72.9000,05,12,72.0000,71.6000,東元,72.9000,0,tse,284,13:30:00,79.4000,4316,65.0000,東元電機股份有限公司,72.2000,71.7000,0,TWSE,
1506.tw,4,4,20.tse.tw|2231373,10.1000,0,0,10.1500,10.0000,000000,20260907,tse_1506.tw_20260907,10.1000_10.1500_10.2000_10.2500_10.3000_,10.0000_9.9900_9.9800_9.9700_9.9600_,1506,13.tse.tw|2243,20260907,14:30:00,1506.tw,1788762600000,14:30:00,19_33_19_33_14_,29_21_50_7_14_,0,000000,415,10.1000,05,12,10.0000,9.9800,正道,10.1000,0,tse,4,13:30:00,11.1000,347,9.0900,正道工業股份有限公司,10.1000,10.1000,0,TWSE,
1512.tw,1,1,20.tse.tw|2231020,6.2400,0,0,6.2400,6.2000,000000,20260907,tse_1512.tw_20260907,6.2900_6.3100_6.3500_6.3600_6.3900_,6.2400_6.2300_6.2200_6.2100_6.2000_,1512,13.tse.tw|2380,20260907,14:30:00,1512.tw,1788762600000,14:30:00,2_3_2_1_1_,5_5_3_5_3_,0,000000,38,6.3100,12,12,6.2000,6.2400,瑞利,6.2400,0,tse,1,13:30:00,6.8700,44,5.6300,瑞利企業股份有限公司,6.2500,6.2400,0,TWSE,
1513.tw,139,139,9.tse.tw|16823,167.0000,0,8,168.0000,167.0000,000000,20260907,tse_1513.tw_20260907,167.0000_167.5000_168.0000_168.5000_169.0000_,166.5000_166.0000_165.5000_165.0000_164.5000_,1513,13.tse.tw|2517,20260907,14:30:00,1513.tw,1788762600000,14:30:00,51_56_136_88_173_,20_45_116_140_62_,0,000000,934,169.5000,05,12,168.0000,165.0000,中興電,167.0000,0,tse,139,13:30:00,182.0000,2257,149.0000,中興電工機械股份有限公司,165.5000,167.0000,0,TWSE,
1514.tw,32,32,9.tse.tw|16824,102.5000,0,1,103.0000,102.5000,000000,20260907,tse_1514.tw_20260907,103.0000_103.5000_104.0000_104.5000_105.0000_,102.5000_102.0000_101.5000_101.0000_100.5000_,1514,13.tse.tw|2654,20260907,14:30:00,1514.tw,1788762600000,14:30:00,39_60_53_87_188_,63_141_60_139_197_,0,000000,9123,105.0000,05,12,103.0000,102.0000,亞力,103.5000,0,tse,32,13:30:00,112.0000,925,91.8000,亞力電機股份有限公司,102.0000,102.5000,0,TWSE,
1515.tw,50,50,9.tse.tw|16825,30.5500,0,1,30.8000,30.7000,000000,20260907,tse_1515.tw_20260907,30.6500_30.7000_30.7500_30.8000_30.8500_,30.5500_30.5000_30.4500_30.4000_30.3500_,1515,13.tse.tw|2791,20260907,14:30:00,1515.tw,1788762600000,14:30:00,2_2_3_3_4_,10_62_7_2_2_,0,000000,20,31.3000,05,12,30.8000,30.5000,力山,31.0500,0,tse,50,13:30:00,33.8500,740,27.7500,力山工業股份有限公司,30.8000,30.5500,0,TWSE,
1516.tw,-,-,20.tse.tw|2230275,-,0,0,14.8000,14.6500,000000,20260907,tse_1516.tw_20260907,14.7500_14.8000_15.0000_15.2000_15.3000_,14.1500_14.1000_14.0000_13.9000_13.8500_,1516,13.tse.tw|2928,20260907,14:30:00,1516.tw,1788762600000,14:30:00,1_3_3_2_1_,2_4_4_1_1_,0,000000,3,14.7500,20,12,14.6500,14.1000,川飛,14.5500,0,tse,-,13:30:00,15.7500,45,12.9500,川飛能源股份有限公司,14.3500,-,0,TWSE,
1517.tw,126,126,20.tse.tw|2230467,10.7000,0,0,10.9000,10.8000,000000,20260907,tse_1517.tw_20260907,10.9000_10.9500_11.0000_11.0500_11.1000_,10.7000_10.6500_10.6000_10.5500_10.5000_,1517,13.tse.tw|3064,20260907,14:30:00,1517.tw,1788762600000,14:30:00,4_6_7_1_2_,66_78_9_32_52_,0,000000,2,11.0000,05,12,10.8000,10.7000,利奇,11.0000,0,tse,126,13:30:00,12.0000,376,9.8600,利奇機械工業股份有限公司,10.9500,10.7000,0,TWSE,
1519.tw,152,145,9.tse.tw|16828,738.0000,0,7,741.0000,740.0000,000000,20260907,tse_1519.tw_20260907,740.0000_741.0000_742.0000_743.0000_744.0000_,739.0000_738.0000_737.0000_736.0000_735.0000_,1519,13.tse.tw|3200,20260907,14:30:00,1519.tw,1788762600000,14:30:00,18_3_9_6_6_,3_19_15_12_25_,0,000000,3692,786.0000,05,12,740.0000,739.0000,華城,767.0000,0,tse,152,13:30:00,820.0000,4005,672.0000,華城電機股份有限公司,746.0000,739.0000,0,TWSE,
1521.tw,2,2,20.tse.tw|2230276,25.6500,0,0,25.7500,25.3000,000000,20260907,tse_1521.tw_20260907,25.7000_25.7500_26.0000_26.0500_26.1000_,25.5000_25.4500_25.4000_25.2000_25.1000_,1521,13.tse.tw|3336,20260907,14:30:00,1521.tw,1788762600000,14:30:00,2_3_1_1_1_,4_3_9_2_1_,0,000000,1,25.7000,12,12,25.3000,25.4000,大億,25.7000,0,tse,2,13:30:00,28.3000,25,23.2000,大億交通工業製造股份有限公司,25.7500,25.6500,0,TWSE,
1522.tw,27,27,20.tse.tw|2231375,27.0500,0,0,27.0500,26.9500,000000,20260907,tse_1522.tw_20260907,27.1000_27.1500_27.2000_27.2500_27.6000_,26.9000_26.8000_26.7500_26.7000_26.6500_,1522,13.tse.tw|2038,20260907,14:30:00,1522.tw,1788762600000,14:30:00,5_12_8_4_5_,7_6_200_8_13_,0,000000,695,27.1500,12,12,27.0500,26.5500,堤維西,27.1500,0,tse,27,13:30:00,29.6000,531,24.3000,堤維西交通工業股份有限公司,26.9500,27.0500,0,TWSE,
1524.tw,16,16,20.tse.tw|2230628,26.7500,0,0,26.9500,26.8500,000000,20260907,tse_1524.tw_20260907,26.9000_26.9500_27.0000_27.0500_27.1000_,26.7500_26.7000_26.6500_26.6000_26.5500_,1524,13.tse.tw|2312,20260907,14:30:00,1524.tw,1788762600000,14:30:00,4_24_4_4_9_,3_34_26_34_24_,0,000000,2,27.0500,12,12,26.9000,26.7000,耿鼎,26.9500,0,tse,16,13:30:00,29.5500,257,24.2500,耿鼎企業股份有限公司,26.9000,26.7500,0,TWSE,
1525.tw,3,3,20.tse.tw|2231376,66.4000,0,0,66.6000,65.9000,000000,20260907,tse_1525.tw_20260907,66.4000_67.0000_68.0000_68.6000_68.7000_,65.7000_65.6000_65.5000_65.4000_65.3000_,1525,13.tse.tw|2449,20260907,14:30:00,1525.tw,1788762600000,14:30:00,2_1_2_1_1_,1_1_1_1_3_,0,000000,-,66.6000,12,12,0.0000,65.5000,江申,66.6000,0,tse,3,13:30:00,73.2000,22,60.0000,江申工業股份有限公司,66.6000,66.4000,0,TWSE,
1526.tw,3,3,20.tse.tw|2230778,15.5500,0,0,15.6000,15.5000,000000,20260907,tse_1526.tw_20260907,15.5500_15.6000_15.6500_15.7000_15.7500_,15.5000_15.4500_15.4000_15.3500_15.3000_,1526,13.tse.tw|2586,20260907,14:30:00,1526.tw,1788762600000,14:30:00,4_6_7_7_5_,7_4_23_9_5_,0,000000,418,15.8500,05,12,15.5000,15.4000,日馳,15.8500,0,tse,3,13:30:00,17.3000,112,14.2000,日馳企業股份有限公司,15.7500,15.5500,0,TWSE,
1527.tw,7,6,20.tse.tw|2231377,32.7500,0,0,32.7500,32.6500,000000,20260907,tse_1527.tw_20260907,32.7500_32.8000_32.8500_32.9000_32.9500_,32.7000_32.6500_32.6000_32.5500_32.5000_,1527,13.tse.tw|2723,20260907,14:30:00,1527.tw,1788762600000,14:30:00,7_4_5_4_11_,12_23_19_1_21_,0,000000,154,32.7500,05,12,32.7500,32.6000,鑽全,32.7000,0,tse,7,13:30:00,35.9500,153,29.4500,鑽全實業股份有限公司,32.7000,32.7500,0,TWSE,
1528.tw,11,11,9.tse.tw|16836,19.2000,0,2,0.0000,19.2500,000000,20260907,tse_1528.tw_20260907,19.1500_19.2000_19.2500_19.3000_19.3500_,19.1000_19.0500_19.0000_18.9500_18.9000_,1528,13.tse.tw|2860,20260907,14:30:00,1528.tw,1788762600000,14:30:00,1_8_30_40_6_,23_3_30_8_10_,0,000000,242,19.3000,05,12,19.2500,18.8500,恩德,19.2500,0,tse,11,13:30:00,21.0500,386,17.2500,恩德科技股份有限公司,19.1500,19.1500,0,TWSE,
1529.tw,23,19,9.tse.tw|16837,16.1500,0,1,16.2500,16.1500,000000,20260907,tse_1529.tw_20260907,16.2000_16.2500_16.3000_16.4000_16.4500_,16.1500_16.1000_16.0500_16.0000_15.9500_,1529,13.tse.tw|2997,20260907,14:30:00,1529.tw,1788762600000,14:30:00,10_11_18_12_4_,1_60_41_102_30_,0,000000,972,16.5000,05,12,16.1500,16.1000,樂事綠能,16.5000,0,tse,23,13:30:00,18.0500,404,14.8500,樂事綠能科技股份有限公司,16.4500,16.1500,0,TWSE,
1530.tw,1,1,20.tse.tw|2230277,29.0000,0,0,29.0000,28.5500,000000,20260907,tse_1530.tw_20260907,29.0500_29.1000_29.1500_29.2000_29.2500_,28.8500_28.6500_28.6000_28.5500_28.5000_,1530,13.tse.tw|3133,20260907,14:30:00,1530.tw,1788762600000,14:30:00,1_2_1_2_1_,1_1_1_2_2_,0,000000,-,29.1500,05,12,0.0000,28.5000,亞崴,28.6000,0,tse,1,13:30:00,31.0500,16,25.4500,亞崴機電股份有限公司,28.2500,29.0000,0,TWSE,
1531.tw,122,71,20.tse.tw|2230469,11.7500,0,0,13.2500,12.1000,000000,20260907,tse_1531.tw_20260907,12.1500_12.2000_12.2500_12.3000_12.3500_,11.8500_11.8000_11.7500_11.7000_11.6500_,1531,13.tse.tw|3269,20260907,14:30:00,1531.tw,1788762600000,14:30:00,2_13_4_15_7_,4_20_2_14_2_,0,000000,120,12.3000,05,12,12.1000,11.8500,高林股,12.0500,0,tse,122,13:30:00,13.2500,281,10.8500,高林股份有限公司,12.0500,11.8500,0,TWSE,
1532.tw,9,8,20.tse.tw|2230470,22.8000,0,0,23.1500,22.8500,000000,20260907,tse_1532.tw_20260907,22.8500_23.0000_23.0500_23.1000_23.1500_,22.7500_22.7000_22.6500_22.6000_22.5500_,1532,13.tse.tw|2107,20260907,14:30:00,1532.tw,1788762600000,14:30:00,4_21_16_23_2_,14_46_24_77_61_,0,000000,769,23.0000,05,12,23.1500,22.7500,勤美,23.0000,0,tse,9,13:30:00,25.3000,276,20.7000,勤美股份有限公司,23.0000,22.8000,0,TWSE,
1533.tw,3,3,20.tse.tw|2230780,30.8000,0,0,32.7000,30.8000,000000,20260907,tse_1533.tw_20260907,30.8000_30.8500_31.0000_31.0500_31.1000_,30.7500_30.7000_30.6500_30.6000_30.5500_,1533,13.tse.tw|2244,20260907,14:30:00,1533.tw,1788762600000,14:30:00,13_1_4_2_3_,1_2_6_9_6_,0,000000,339,31.3500,12,12,30.8000,30.6000,車王電,31.3500,0,tse,3,13:30:00,34.0000,45,27.9000,車王電子股份有限公司,30.9500,30.8000,0,TWSE,
1535.tw,2,2,20.tse.tw|2231024,46.0000,0,0,46.0000,45.7000,000000,20260907,tse_1535.tw_20260907,46.0000_46.0500_46.1000_46.2000_46.2500_,45.5500_45.5000_45.4000_45.3500_45.3000_,1535,13.tse.tw|2381,20260907,14:30:00,1535.tw,1788762600000,14:30:00,2_2_2_1_1_,1_1_1_6_5_,0,000000,22,46.1000,05,12,46.0000,45.3500,中宇,45.6500,0,tse,2,13:30:00,49.8500,55,40.8500,中宇環保工程股份有限公司,45.3500,46.0000,0,TWSE,
1536.tw,61,59,9.tse.tw|16843,48.9500,0,1,49.1500,49.0000,000000,20260907,tse_1536.tw_20260907,48.9500_49.0000_49.0500_49.1000_49.2000_,48.9000_48.8500_48.8000_48.7500_48.7000_,1536,13.tse.tw|2518,20260907,14:30:00,1536.tw,1788762600000,14:30:00,10_5_23_3_3_,1_5_2_17_23_,0,000000,17,50.0000,12,12,49.0000,48.6000,和大,50.0000,0,tse,61,13:30:00,54.7000,1730,44.8500,和大工業股份有限公司,49.8000,48.9500,0,TWSE,
1537.tw,3,3,20.tse.tw|2230278,115.5000,0,0,116.0000,115.5000,000000,20260907,tse_1537.tw_20260907,116.0000_116.5000_117.0000_117.5000_118.0000_,115.5000_115.0000_114.5000_114.0000_113.5000_,1537,13.tse.tw|2655,20260907,14:30:00,1537.tw,1788762600000,14:30:00,13_24_4_6_4_,8_70_30_59_33_,0,000000,299,116.0000,05,12,116.0000,115.0000,廣隆,115.5000,0,tse,3,13:30:00,127.0000,98,104.0000,廣隆光電科技股份有限公司,115.5000,115.5000,0,TWSE,
1538.tw,-,-,20.tse.tw|2230471,-,0,0,9.0500,8.7000,000000,20260907,tse_1538.tw_20260907,9.0000_9.5000_9.8400_9.8500_,8.7500_8.0800_8.0700_,1538,13.tse.tw|2792,20260907,14:30:00,1538.tw,1788762600000,14:30:00,2_10_3_1_,2_1_2_,0,000000,55,9.2000,05,12,8.7000,9.0000,正峰,9.0000,0,tse,-,13:30:00,9.8500,42,8.0700,正峰工業股份有限公司,8.9600,-,0,TWSE,
1539.tw,-,-,20.tse.tw|2231379,-,0,0,16.8000,15.6500,000000,20260907,tse_1539.tw_20260907,15.6500_15.7000_15.7500_15.8000_15.8500_,15.5500_15.5000_15.4500_15.4000_15.3500_,1539,13.tse.tw|2929,20260907,14:30:00,1539.tw,1788762600000,14:30:00,1_1_6_2_3_,10_6_1_4_5_,0,000000,-,15.7500,05,12,0.0000,15.5500,巨庭,15.7000,0,tse,-,13:30:00,17.1500,26,14.0500,巨庭機械股份有限公司,15.6000,-,0,TWSE,
1540.tw,10,10,20.tse.tw|2230781,19.5000,0,0,19.7000,19.6000,000000,20260907,tse_1540.tw_20260907,19.6000_19.6500_19.7000_19.7500_19.8000_,19.5000_19.4500_19.4000_19.3500_19.3000_,1540,13.tse.tw|3065,20260907,14:30:00,1540.tw,1788762600000,14:30:00,1_1_8_10_7_,8_8_8_4_13_,0,000000,192,19.9000,05,12,19.7000,19.5000,喬福,19.7000,0,tse,10,13:30:00,21.8000,108,17.9000,喬福機械工業股份有限公司,19.8500,19.5000,0,TWSE,
1541.tw,2,2,20.tse.tw|2231380,21.4500,0,0,21.5500,21.2000,000000,20260907,tse_1541.tw_20260907,21.5000_21.6500_21.7500_22.0000_22.1000_,21.2500_21.2000_21.1000_21.0000_20.9500_,1541,13.tse.tw|3201,20260907,14:30:00,1541.tw,1788762600000,14:30:00,2_1_2_11_1_,3_1_5_1_1_,0,000000,-,21.7500,05,12,0.0000,21.3000,錩泰,21.7500,0,tse,2,13:30:00,23.4000,18,19.2000,錩泰工業股份有限公司,21.3000,21.4500,0,TWSE,
1558.tw,6,6,20.tse.tw|2231381,106.5000,0,0,106.0000,105.5000,000000,20260907,tse_1558.tw_20260907,107.0000_107.5000_108.0000_108.5000_109.0000_,106.5000_106.0000_105.5000_105.0000_104.5000_,1558,13.tse.tw|3337,20260907,14:30:00,1558.tw,1788762600000,14:30:00,1_11_23_12_30_,2_9_19_16_1_,0,000000,231,108.0000,05,12,106.0000,106.0000,伸興,108.0000,0,tse,6,13:30:00,117.0000,140,95.9000,伸興工業股份有限公司,106.5000,106.5000,0,TWSE,
1560.tw,75,70,9.tse.tw|16850,730.0000,0,3,731.0000,730.0000,000000,20260907,tse_1560.tw_20260907,731.0000_732.0000_733.0000_734.0000_735.0000_,730.0000_729.0000_728.0000_727.0000_726.0000_,1560,13.tse.tw|2039,20260907,14:30:00,1560.tw,1788762600000,14:30:00,7_2_14_18_29_,4_3_2_6_8_,0,000000,1493,736.0000,05,12,730.0000,702.0000,中砂,702.0000,0,tse,75,13:30:00,764.0000,1654,626.0000,中國砂輪企業股份有限公司,695.0000,730.0000,0,TWSE,
1563.tw,65,64,9.tse.tw|16851,79.5000,0,1,80.3000,79.8000,000000,20260907,tse_1563.tw_20260907,79.9000_80.0000_80.2000_80.4000_80.5000_,79.5000_79.4000_79.3000_79.2000_79.1000_,1563,13.tse.tw|2176,20260907,14:30:00,1563.tw,1788762600000,14:30:00,2_1_3_4_1_,25_7_3_24_4_,0,000000,3956,88.8000,12,12,79.8000,79.0000,巧新,88.8000,0,tse,65,13:30:00,93.1000,1460,76.2000,巧新科技工業股份有限公司,84.7000,79.5000,0,TWSE,
1568.tw,1,1,20.tse.tw|2230782,29.2500,0,0,29.3500,29.1000,000000,20260907,tse_1568.tw_20260907,29.3500_29.4000_29.4500_29.5000_29.6000_,29.2500_29.2000_29.1500_29.1000_29.0500_,1568,13.tse.tw|2313,20260907,14:30:00,1568.tw,1788762600000,14:30:00,1_3_2_4_5_,1_6_4_7_12_,0,000000,62,29.4500,12,12,29.1000,29.0500,倉佑,29.4500,0,tse,1,13:30:00,32.3500,143,26.5500,倉佑實業股份有限公司,29.4500,29.2500,0,TWSE,
1582.tw,9,7,20.tse.tw|2230279,73.5000,0,0,73.8000,73.7000,000000,20260907,tse_1582.tw_20260907,73.6000_73.7000_73.8000_73.9000_74.0000_,73.5000_73.4000_73.3000_73.2000_73.1000_,1582,13.tse.tw|2450,20260907,14:30:00,1582.tw,1788762600000,14:30:00,3_3_2_4_3_,8_4_6_13_11_,0,000000,17,74.4000,28,12,73.8000,73.2000,信錦,74.4000,0,tse,9,13:30:00,81.5000,222,66.7000,信錦企業股份有限公司,74.1000,73.5000,0,TWSE,
1583.tw,7,7,20.tse.tw|2231382,49.3000,0,0,50.0000,48.6000,000000,20260907,tse_1583.tw_20260907,49.3000_49.4000_49.4500_49.5000_49.6000_,48.5500_48.1500_48.1000_48.0500_48.0000_,1583,13.tse.tw|2587,20260907,14:30:00,1583.tw,1788762600000,14:30:00,1_2_1_2_1_,1_1_3_1_16_,0,000000,-,49.3000,05,12,0.0000,48.0000,程泰,48.9000,0,tse,7,13:30:00,53.8000,30,44.1000,程泰機械股份有限公司,48.9500,49.3000,0,TWSE,
1587.tw,3,3,20.tse.tw|2231027,24.0500,0,0,24.1500,23.9000,000000,20260907,tse_1587.tw_20260907,24.1000_24.1500_24.2000_24.2500_24.3000_,24.0000_23.9500_23.9000_23.8500_23.8000_,1587,13.tse.tw|2724,20260907,14:30:00,1587.tw,1788762600000,14:30:00,8_2_12_2_1_,2_11_21_32_9_,0,000000,433,24.4500,12,12,23.9000,23.9000,吉茂,24.2500,0,tse,3,13:30:00,26.4500,120,21.6500,吉茂精密股份有限公司,24.0500,24.0500,0,TWSE,
1590.tw,51,50,20.tse.tw|2230783,1375.0000,0,0,1375.0000,1370.0000,000000,20260907,tse_1590.tw_20260907,1375.0000_1380.0000_1385.0000_1390.0000_1395.0000_,1370.0000_1365.0000_1360.0000_1355.0000_1350.0000_,1590,13.tse.tw|2861,20260907,14:30:00,1590.tw,1788762600000,14:30:00,9_10_7_5_6_,28_5_11_8_7_,0,000000,154,1420.0000,05,12,1375.0000,1355.0000,亞德客-KY,1420.0000,0,tse,51,13:30:00,1530.0000,525,1260.0000,AIRTAC INTERNATIONAL GROUP,1395.0000,1370.0000,0,TWSE,RR
1597.tw,335,312,9.tse.tw|16857,152.0000,0,21,152.5000,152.0000,000000,20260907,tse_1597.tw_20260907,152.0000_152.5000_153.0000_153.5000_154.0000_,151.5000_151.0000_150.5000_150.0000_149.5000_,1597,13.tse.tw|2998,20260907,14:30:00,1597.tw,1788762600000,14:30:00,25_45_50_29_51_,25_17_27_90_29_,0,000000,298,164.0000,05,12,152.0000,151.0000,直得,159.5000,0,tse,335,13:30:00,170.5000,5727,139.5000,直得科技股份有限公司,155.0000,152.0000,0,TWSE,
1598.tw,12,12,20.tse.tw|2231383,20.5000,0,0,20.5000,20.4000,000000,20260907,tse_1598.tw_20260907,20.5500_20.6000_20.6500_20.7000_20.7500_,20.5000_20.4500_20.4000_20.3000_20.2500_,1598,13.tse.tw|3134,20260907,14:30:00,1598.tw,1788762600000,14:30:00,16_12_5_5_2_,4_11_9_7_4_,0,000000,110,20.5500,37,12,20.4000,20.1000,岱宇,20.3500,0,tse,12,13:30:00,22.2000,310,18.2000,岱宇國際股份有限公司,20.2000,20.5000,0,TWSE,
1603.tw,4,4,9.tse.tw|16859,30.3500,0,1,0.0000,30.3500,000000,20260907,tse_1603.tw_20260907,30.3500_30.4000_30.4500_30.5500_30.7000_,30.3000_30.1000_30.0500_30.0000_29.9500_,1603,13.tse.tw|3270,20260907,14:30:00,1603.tw,1788762600000,14:30:00,11_24_5_6_6_,1_5_10_9_3_,0,000000,33,30.7000,06,12,30.3500,30.0500,華電,30.5500,0,tse,4,13:30:00,33.4000,129,27.4000,中華電線電纜股份有限公司,30.4000,30.3500,0,TWSE,
1604.tw,7,7,20.tse.tw|2230784,23.6500,0,0,23.6000,23.5000,000000,20260907,tse_1604.tw_20260907,23.6500_23.7000_23.7500_23.8000_23.8500_,23.5500_23.5000_23.4500_23.4000_23.3500_,1604,13.tse.tw|2108,20260907,14:30:00,1604.tw,1788762600000,14:30:00,77_39_55_27_11_,50_194_26_46_24_,0,000000,2014,23.6500,06,12,23.5000,23.5500,聲寶,23.6000,0,tse,7,13:30:00,25.8500,332,21.1500,聲寶股份有限公司,23.5000,23.6500,0,TWSE,
1605.tw,875,858,9.tse.tw|16861,37.8500,0,22,38.0500,37.9000,000000,20260907,tse_1605.tw_20260907,37.9000_37.9500_38.0000_38.0500_38.1000_,37.8500_37.8000_37.7500_37.7000_37.6500_,1605,13.tse.tw|2245,20260907,14:30:00,1605.tw,1788762600000,14:30:00,8_79_386_120_124_,281_383_155_159_304_,0,000000,2576,38.9000,06,12,37.9000,37.8500,華新,38.8000,0,tse,875,13:30:00,42.2000,14324,34.6000,華新麗華股份有限公司,38.4000,37.9000,0,TWSE,
1608.tw,146,146,20.tse.tw|2230473,36.0500,0,0,35.9500,35.8500,000000,20260907,tse_1608.tw_20260907,36.1500_36.2500_36.3000_36.3500_36.4000_,36.0500_36.0000_35.9500_35.9000_35.8500_,1608,13.tse.tw|2382,20260907,14:30:00,1608.tw,1788762600000,14:30:00,40_27_20_64_19_,40_84_63_69_76_,0,000000,1910,36.8500,06,12,35.8500,35.9500,華榮,36.8500,0,tse,146,13:30:00,40.1500,2247,32.8500,華榮電線電纜股份有限公司,36.5000,36.0500,0,TWSE,
1609.tw,103,103,9.tse.tw|16863,37.2000,0,7,37.3500,37.2000,000000,20260907,tse_1609.tw_20260907,37.2000_37.2500_37.3000_37.3500_37.4000_,37.1500_37.1000_37.0500_37.0000_36.9500_,1609,13.tse.tw|2519,20260907,14:30:00,1609.tw,1788762600000,14:30:00,22_8_11_24_27_,12_69_59_262_88_,0,000000,2513,37.7500,06,12,37.2000,36.9500,大亞,37.7500,0,tse,103,13:30:00,41.0500,1927,33.6500,大亞電線電纜股份有限公司,37.3500,37.2000,0,TWSE,
1611.tw,18,18,9.tse.tw|16864,11.7000,0,3,11.8500,11.7000,000000,20260907,tse_1611.tw_20260907,11.7500_11.8000_11.8500_11.9000_11.9500_,11.7000_11.6500_11.6000_11.5500_11.5000_,1611,13.tse.tw|2656,20260907,14:30:00,1611.tw,1788762600000,14:30:00,6_36_23_24_40_,96_70_97_30_123_,0,000000,987,11.7500,06,12,11.7000,11.6500,中電,11.7500,0,tse,18,13:30:00,12.9000,301,10.6000,中國電器股份有限公司,11.7500,11.7000,0,TWSE,
1612.tw,11,11,20.tse.tw|2231028,34.7000,0,0,34.7500,34.7000,000000,20260907,tse_1612.tw_20260907,34.7500_34.8000_34.8500_34.9000_34.9500_,34.7000_34.6500_34.6000_34.5500_34.5000_,1612,13.tse.tw|2793,20260907,14:30:00,1612.tw,1788762600000,14:30:00,3_7_8_19_8_,2_15_38_15_15_,0,000000,129,35.1000,06,12,34.7500,34.6500,宏泰,35.1000,0,tse,11,13:30:00,38.3000,476,31.4000,宏泰電工股份有限公司,34.8500,34.7000,0,TWSE,
1614.tw,16,16,20.tse.tw|2231029,30.8500,0,0,30.9500,30.5000,000000,20260907,tse_1614.tw_20260907,30.8500_30.9000_30.9500_31.0000_31.1000_,30.6000_30.5500_30.5000_30.4500_30.4000_,1614,13.tse.tw|2930,20260907,14:30:00,1614.tw,1788762600000,14:30:00,5_3_1_4_1_,1_7_11_10_1_,0,000000,-,30.8500,06,12,0.0000,30.6000,三洋電,30.8000,0,tse,16,13:30:00,33.6500,69,27.5500,台灣三洋電機股份有限公司,30.6000,30.8500,0,TWSE,
1615.tw,2,1,9.tse.tw|16867,43.8500,0,1,44.4500,43.9500,000000,20260907,tse_1615.tw_20260907,43.8500_43.9000_43.9500_44.0000_44.0500_,43.8000_43.7000_43.6500_43.6000_43.5500_,1615,13.tse.tw|3066,20260907,14:30:00,1615.tw,1788762600000,14:30:00,1_1_25_12_2_,4_5_2_9_4_,0,000000,514,44.5000,06,12,44.4500,43.5000,大山,44.5000,0,tse,2,13:30:00,48.4000,82,39.6000,大山電線電纜股份有限公司,44.0000,43.8500,0,TWSE,
1616.tw,20,20,9.tse.tw|16868,18.7000,0,1,18.7000,18.6500,000000,20260907,tse_1616.tw_20260907,18.8500_18.9000_18.9500_19.0000_19.1000_,18.7000_18.6500_18.6000_18.5500_18.5000_,1616,13.tse.tw|3202,20260907,14:30:00,1616.tw,1788762600000,14:30:00,4_15_2_17_1_,33_20_20_18_44_,0,000000,335,19.1000,06,12,18.7000,18.7000,億泰,19.1000,0,tse,20,13:30:00,20.9000,298,17.1000,億泰電線電纜股份有限公司,19.0000,18.7000,0,TWSE,
1617.tw,38,35,9.tse.tw|16869,17.8500,0,3,17.9500,17.9000,000000,20260907,tse_1617.tw_20260907,17.9000_17.9500_18.0000_18.0500_18.1000_,17.8500_17.8000_17.7500_17.7000_17.6500_,1617,13.tse.tw|3338,20260907,14:30:00,1617.tw,1788762600000,14:30:00,7_13_3_6_3_,2_20_9_9_6_,0,000000,130,18.7000,06,12,17.9500,17.8500,榮星,18.7000,0,tse,38,13:30:00,20.4000,446,16.7000,榮星電線工業股份有限公司,18.5500,17.8500,0,TWSE,
1618.tw,9,9,20.tse.tw|2231031,39.3000,0,0,39.3000,39.1000,000000,20260907,tse_1618.tw_20260907,39.3500_39.4000_39.4500_39.5000_39.5500_,39.3000_39.2500_39.2000_39.1500_39.1000_,1618,13.tse.tw|2040,20260907,14:30:00,1618.tw,1788762600000,14:30:00,11_14_1_15_1_,1_3_1_8_17_,0,000000,-,39.9500,06,12,0.0000,39.0500,合機,39.9500,0,tse,9,13:30:00,43.6000,344,35.7000,合機電線電纜股份有限公司,39.6500,39.3000,0,TWSE,
1623.tw,2,2,20.tse.tw|2231032,205.0000,0,0,206.0000,205.5000,000000,20260907,tse_1623.tw_20260907,206.0000_207.5000_208.0000_208.5000_209.5000_,205.0000_204.0000_203.5000_203.0000_202.5000_,1623,13.tse.tw|2177,20260907,14:30:00,1623.tw,1788762600000,14:30:00,1_6_8_3_2_,3_5_4_3_2_,0,000000,6,208.5000,06,12,206.0000,204.0000,大東電,208.5000,0,tse,2,13:30:00,228.5000,54,187.5000,大東電業廠股份有限公司,208.0000,205.0000,0,TWSE,
1626.tw,2,2,20.tse.tw|2231386,9.7300,0,0,9.7000,9.6500,000000,20260907,tse_1626.tw_20260907,9.7300_9.7400_9.7500_9.7600_9.8100_,9.6600_9.5800_9.5700_9.5000_9.4800_,1626,13.tse.tw|2314,20260907,14:30:00,1626.tw,1788762600000,14:30:00,8_1_4_5_2_,1_3_2_7_4_,0,000000,62,9.7400,06,12,9.6500,9.5700,艾美特-KY,9.7000,0,tse,2,13:30:00,10.6000,45,8.7000,艾美特(開曼)國際有限公司,9.6600,9.7300,0,TWSE,RR
1702.tw,4,3,20.tse.tw|2230632,32.5500,0,0,32.7000,32.6000,000000,20260907,tse_1702.tw_20260907,32.6000_32.7500_32.8000_32.8500_32.9000_,32.5500_32.5000_32.4500_32.4000_32.3500_,1702,13.tse.tw|2451,20260907,14:30:00,1702.tw,1788762600000,14:30:00,4_7_9_4_12_,9_9_26_6_9_,0,000000,2,32.9000,02,12,32.6000,32.5000,南僑,32.9000,0,tse,4,13:30:00,35.8500,94,29.3500,南僑投資控股股份有限公司,32.6000,32.6000,0,TWSE,
1707.tw,11,10,20.tse.tw|2231387,91.0000,0,0,91.1000,91.0000,000000,20260907,tse_1707.tw_20260907,91.1000_91.2000_91.3000_91.4000_91.5000_,91.0000_90.8000_90.7000_90.6000_90.5000_,1707,13.tse.tw|2588,20260907,14:30:00,1707.tw,1788762600000,14:30:00,1_1_4_14_16_,1_1_4_10_12_,0,000000,6,91.5000,22,12,91.0000,90.2000,葡萄王,91.5000,0,tse,11,13:30:00,99.5000,288,81.5000,葡萄王生技股份有限公司,90.5000,91.0000,0,TWSE,
1708.tw,110,107,9.tse.tw|16875,50.0000,0,9,50.3000,50.1000,000000,20260907,tse_1708.tw_20260907,50.1000_50.2000_50.3000_50.4000_50.5000_,50.0000_49.9500_49.9000_49.8500_49.8000_,1708,13.tse.tw|2725,20260907,14:30:00,1708.tw,1788762600000,14:30:00,32_5_8_11_16_,215_24_32_16_63_,0,000000,684,51.6000,21,12,50.1000,50.0000,東鹼,51.6000,0,tse,110,13:30:00,56.3000,2358,46.1000,東南實業股份有限公司,51.2000,50.0000,0,TWSE,
1709.tw,485,410,9.tse.tw|16876,34.2500,0,4,34.1500,34.0000,000000,20260907,tse_1709.tw_20260907,34.2500_34.3000_34.3500_34.4000_34.4500_,34.2000_34.1500_34.1000_34.0500_34.0000_,1709,13.tse.tw|2862,20260907,14:30:00,1709.tw,1788762600000,14:30:00,74_52_56_65_47_,17_31_24_31_16_,0,000000,3069,34.7000,21,12,34.0000,33.3000,和益,34.5000,0,tse,485,13:30:00,37.4000,6284,30.6000,和益化學工業股份有限公司,34.0000,34.2000,0,TWSE,
1710.tw,163,160,9.tse.tw|16877,15.6500,0,1,15.7000,15.6500,000000,20260907,tse_1710.tw_20260907,15.7000_15.7500_15.8000_15.8500_15.9000_,15.6500_15.6000_15.5500_15.5000_15.4500_,1710,13.tse.tw|2999,20260907,14:30:00,1710.tw,1788762600000,14:30:00,30_54_51_14_69_,77_66_183_411_81_,0,000000,461,16.0500,21,12,15.6500,15.5500,東聯,16.0000,0,tse,163,13:30:00,17.5000,3963,14.4000,東聯化學股份有限公司,15.9500,15.6500,0,TWSE,
1711.tw,269,269,20.tse.tw|2230474,40.9000,0,0,41.0500,40.9500,000000,20260907,tse_1711.tw_20260907,40.9500_41.0000_41.0500_41.1000_41.1500_,40.9000_40.8500_40.8000_40.7500_40.7000_,1711,13.tse.tw|3135,20260907,14:30:00,1711.tw,1788762600000,14:30:00,15_20_22_13_77_,14_24_11_25_65_,0,000000,1755,42.5000,21,12,40.9500,40.7000,永光,42.5000,0,tse,269,13:30:00,46.5000,4454,38.1000,臺灣永光化學工業股份有限公司,42.3000,40.9000,0,TWSE,
1712.tw,22,22,20.tse.tw|2230634,40.3000,0,0,40.4500,40.3000,000000,20260907,tse_1712.tw_20260907,40.3500_40.4000_40.4500_40.5000_40.5500_,40.3000_40.2500_40.2000_40.1500_40.1000_,1712,13.tse.tw|3271,20260907,14:30:00,1712.tw,1788762600000,14:30:00,5_3_4_11_6_,4_18_44_35_50_,0,000000,1109,40.9000,21,12,40.3000,40.2500,興農,40.9000,0,tse,22,13:30:00,44.7000,606,36.6000,興農股份有限公司,40.6500,40.3000,0,TWSE,
1713.tw,15,15,20.tse.tw|2231033,43.5000,0,0,46.8500,43.3500,000000,20260907,tse_1713.tw_20260907,43.6000_43.7000_43.7500_43.8000_43.8500_,43.5000_43.3000_43.2500_43.2000_43.1500_,1713,13.tse.tw|2109,20260907,14:30:00,1713.tw,1788762600000,14:30:00,10_8_6_11_13_,1_1_3_8_16_,0,000000,169,43.6500,21,12,43.3500,43.1000,國化,43.3000,0,tse,15,13:30:00,47.7500,221,39.1500,國泰化工廠股份有限公司,43.4500,43.5000,0,TWSE,
1714.tw,441,441,9.tse.tw|16881,16.4500,0,27,16.6500,16.4500,000000,20260907,tse_1714.tw_20260907,16.4500_16.5000_16.5500_16.6000_16.6500_,16.4000_16.3500_16.3000_16.2500_16.2000_,1714,13.tse.tw|2246,20260907,14:30:00,1714.tw,1788762600000,14:30:00,21_58_128_107_103_,445_314_475_545_280_,0,000000,1914,16.7500,21,12,16.4500,16.3500,和桐,16.7500,0,tse,441,13:30:00,18.3000,7845,15.0000,和桐化學股份有限公司,16.6500,16.4500,0,TWSE,
1717.tw,970,911,9.tse.tw|16882,73.4000,0,76,73.9000,73.8000,000000,20260907,tse_1717.tw_20260907,73.5000_73.6000_73.7000_73.8000_73.9000_,73.4000_73.3000_73.2000_73.1000_73.0000_,1717,13.tse.tw|2383,20260907,14:30:00,1717.tw,1788762600000,14:30:00,2_81_49_133_137_,214_93_143_298_954_,0,000000,6306,77.9000,21,12,73.8000,73.1000,長興,77.7000,0,tse,970,13:30:00,83.7000,16896,68.5000,長興材料工業股份有限公司,76.1000,73.5000,0,TWSE,
1718.tw,672,608,9.tse.tw|16883,10.4500,0,56,10.5000,10.4500,000000,20260907,tse_1718.tw_20260907,10.5000_10.5500_10.6000_10.6500_10.7000_,10.4500_10.4000_10.3500_10.3000_10.2500_,1718,13.tse.tw|2520,20260907,14:30:00,1718.tw,1788762600000,14:30:00,431_322_307_452_271_,50_670_550_605_610_,0,000000,7370,10.7500,21,12,10.4500,10.4000,中纖,10.7500,0,tse,672,13:30:00,11.6500,11113,9.5400,中國人造纖維股份有限公司,10.6000,10.4500,0,TWSE,
1720.tw,6,5,20.tse.tw|2230281,56.1000,0,0,56.7000,56.2000,000000,20260907,tse_1720.tw_20260907,56.3000_56.4000_56.5000_56.6000_56.7000_,56.1000_56.0000_55.9000_55.8000_55.7000_,1720,13.tse.tw|2657,20260907,14:30:00,1720.tw,1788762600000,14:30:00,6_8_8_11_4_,1_8_27_35_32_,0,000000,1119,56.5000,22,12,56.2000,55.8000,生達,56.5000,0,tse,6,13:30:00,61.6000,185,50.4000,生達化學製藥股份有限公司,56.0000,56.2000,0,TWSE,
1721.tw,11,11,20.tse.tw|2231390,22.4000,0,0,0.0000,22.4000,000000,20260907,tse_1721.tw_20260907,-,22.4000_22.3500_22.3000_22.2500_22.2000_,1721,13.tse.tw|2794,20260907,14:30:00,1721.tw,1788762600000,14:30:00,-,1064_8_2_11_2_,0,000000,209,22.4000,21,12,22.4000,21.0000,國慶科技,21.0000,0,tse,11,13:30:00,22.4000,1201,18.4000,國慶科技股份有限公司,20.4000,22.4000,0,TWSE,
1722.tw,54,44,9.tse.tw|16886,44.6000,0,2,44.8000,44.7500,000000,20260907,tse_1722.tw_20260907,44.6000_44.6500_44.7000_44.7500_44.8000_,44.5500_44.5000_44.4500_44.4000_44.3500_,1722,13.tse.tw|2931,20260907,14:30:00,1722.tw,1788762600000,14:30:00,1_15_21_22_25_,26_92_195_149_113_,0,000000,450,45.1000,21,12,44.8000,44.4500,台肥,45.1000,0,tse,54,13:30:00,49.2500,2499,40.3500,台灣肥料股份有限公司,44.8000,44.6000,0,TWSE,
1723.tw,73,69,9.tse.tw|16887,83.9000,0,1,84.6000,84.5000,000000,20260907,tse_1723.tw_20260907,84.0000_84.1000_84.2000_84.3000_84.4000_,83.9000_83.8000_83.7000_83.6000_83.5000_,1723,13.tse.tw|3067,20260907,14:30:00,1723.tw,1788762600000,14:30:00,4_6_4_3_29_,7_30_14_16_30_,0,000000,217,86.0000,21,12,84.5000,83.6000,中碳,86.0000,0,tse,73,13:30:00,94.6000,1155,77.4000,中鋼碳素化學股份有限公司,86.0000,84.0000,0,TWSE,
1725.tw,11,11,20.tse.tw|2231037,32.1500,0,0,32.2000,32.1000,000000,20260907,tse_1725.tw_20260907,32.1500_32.2000_32.2500_32.3000_32.5000_,32.0000_31.7000_31.5500_31.5000_31.4500_,1725,13.tse.tw|3203,20260907,14:30:00,1725.tw,1788762600000,14:30:00,5_2_2_1_2_,1_1_1_15_2_,0,000000,94,32.5500,21,12,32.2000,31.5000,元禎,32.5500,0,tse,11,13:30:00,35.2000,55,28.8000,元禎企業股份有限公司,32.0000,32.1000,0,TWSE,
1726.tw,-,-,20.tse.tw|2231391,-,0,0,78.1000,78.0000,000000,20260907,tse_1726.tw_20260907,77.8000_78.0000_78.1000_78.2000_78.3000_,77.4000_77.2000_77.0000_76.9000_76.6000_,1726,13.tse.tw|3339,20260907,14:30:00,1726.tw,1788762600000,14:30:00,3_1_2_5_1_,1_1_1_1_2_,0,000000,51,78.2000,21,12,78.0000,77.0000,永記,78.2000,0,tse,-,13:30:00,85.1000,27,69.7000,永記造漆工業股份有限公司,77.4000,-,0,TWSE,
1727.tw,239,239,9.tse.tw|16890,91.0000,0,8,93.9000,91.8000,000000,20260907,tse_1727.tw_20260907,91.1000_91.2000_91.3000_91.4000_91.5000_,91.0000_90.9000_90.8000_90.7000_90.6000_,1727,13.tse.tw|2041,20260907,14:30:00,1727.tw,1788762600000,14:30:00,8_5_9_5_10_,18_30_32_3_10_,0,000000,909,95.4000,21,12,91.8000,90.8000,中華化,94.7000,0,tse,239,13:30:00,104.0000,4184,85.3000,臺灣中華化學工業股份有限公司,94.7000,91.0000,0,TWSE,
1730.tw,-,-,20.tse.tw|2230283,-,0,0,51.8000,51.7000,000000,20260907,tse_1730.tw_20260907,51.7000_51.8000_51.9000_52.0000_52.1000_,51.5000_51.4000_51.3000_51.2000_51.1000_,1730,13.tse.tw|2178,20260907,14:30:00,1730.tw,1788762600000,14:30:00,2_3_10_21_5_,5_6_5_9_6_,0,000000,19,51.9000,21,12,51.8000,51.4000,花仙子,51.5000,0,tse,-,13:30:00,56.6000,22,46.3500,花仙子股份有限公司,51.5000,-,0,TWSE,
1731.tw,-,-,20.tse.tw|2231038,-,0,0,20.9000,20.8000,000000,20260907,tse_1731.tw_20260907,20.9500_21.0000_21.0500_21.1000_21.1500_,20.9000_20.8500_20.8000_20.7500_20.7000_,1731,13.tse.tw|2315,20260907,14:30:00,1731.tw,1788762600000,14:30:00,5_15_3_9_11_,5_34_13_19_21_,0,000000,287,21.1000,22,12,20.9000,20.8500,美吾華,21.1000,0,tse,-,13:30:00,23.0000,90,18.9000,美吾華股份有限公司,20.9500,-,0,TWSE,
1732.tw,11,10,20.tse.tw|2231039,26.0500,0,0,27.3000,26.0500,000000,20260907,tse_1732.tw_20260907,26.2000_26.2500_26.3000_26.3500_26.5000_,26.0500_26.0000_25.9500_25.9000_25.8500_,1732,13.tse.tw|2452,20260907,14:30:00,1732.tw,1788762600000,14:30:00,4_17_6_4_5_,13_14_12_24_10_,0,000000,21,26.2500,21,12,26.0500,25.9500,毛寶,26.1500,0,tse,11,13:30:00,28.7000,175,23.5000,毛寶股份有限公司,26.1000,26.0500,0,TWSE,
1733.tw,79,79,9.tse.tw|16894,31.7000,0,2,31.8000,31.7500,000000,20260907,tse_1733.tw_20260907,32.4000_32.4500_32.5000_32.5500_32.6000_,31.7000_31.6500_31.6000_31.5500_31.5000_,1733,13.tse.tw|2589,20260907,14:30:00,1733.tw,1788762600000,14:30:00,3_13_20_10_9_,3_16_1_4_12_,0,000000,3,32.5000,22,12,31.7500,31.7000,五鼎,32.3000,0,tse,79,13:30:00,35.5500,260,29.1500,五鼎生物技術股份有限公司,32.3500,31.7000,0,TWSE,
1734.tw,63,61,20.tse.tw|2230476,31.1500,0,0,31.1000,30.9500,000000,20260907,tse_1734.tw_20260907,31.2000_31.2500_31.3000_31.3500_31.4000_,31.1500_31.1000_31.0500_31.0000_30.9500_,1734,13.tse.tw|2726,20260907,14:30:00,1734.tw,1788762600000,14:30:00,6_3_3_10_4_,1_83_12_15_17_,0,000000,1543,31.3000,22,12,30.9500,30.3500,杏輝,30.6500,0,tse,63,13:30:00,33.6500,575,27.5500,杏輝藥品工業股份有限公司,30.6000,31.1500,0,TWSE,
1735.tw,1,1,9.tse.tw|16896,20.2500,0,1,20.0500,20.0000,000000,20260907,tse_1735.tw_20260907,20.3000_20.3500_20.4000_20.4500_20.5000_,20.1500_20.1000_20.0500_20.0000_19.9000_,1735,13.tse.tw|2863,20260907,14:30:00,1735.tw,1788762600000,14:30:00,1_1_3_3_4_,1_3_8_22_5_,0,000000,183,20.4500,21,12,20.0500,20.0000,日勝化,20.4500,0,tse,1,13:30:00,22.2500,53,18.2500,日勝化工股份有限公司,20.2500,20.2500,0,TWSE,
1736.tw,10,10,20.tse.tw|2231392,126.0000,0,0,127.0000,126.0000,000000,20260907,tse_1736.tw_20260907,126.0000_126.5000_127.0000_127.5000_128.0000_,125.5000_125.0000_124.5000_124.0000_123.5000_,1736,13.tse.tw|3000,20260907,14:30:00,1736.tw,1788762600000,14:30:00,4_6_17_25_6_,6_3_5_18_44_,0,000000,19,127.5000,37,12,126.0000,125.0000,喬山,127.5000,0,tse,10,13:30:00,138.0000,164,113.0000,喬山健康科技股份有限公司,125.5000,126.0000,0,TWSE,
1737.tw,4,3,20.tse.tw|2230636,30.6000,0,0,30.6500,30.5500,000000,20260907,tse_1737.tw_20260907,30.6000_30.7000_30.7500_30.8000_30.8500_,30.5500_30.5000_30.4500_30.4000_30.3500_,1737,13.tse.tw|3136,20260907,14:30:00,1737.tw,1788762600000,14:30:00,1_1_1_22_7_,18_80_43_41_5_,0,000000,721,30.8000,02,12,30.5500,30.5500,臺鹽,30.8000,0,tse,4,13:30:00,33.7000,285,27.6000,台鹽實業股份有限公司,30.6500,30.5500,0,TWSE,
1752.tw,1,-,20.tse.tw|2231393,-,0,0,32.0000,31.7500,000000,20260907,tse_1752.tw_20260907,31.8500_31.9000_31.9500_32.0000_32.0500_,31.5500_31.5000_31.4000_31.3500_31.3000_,1752,13.tse.tw|3272,20260907,14:30:00,1752.tw,1788762600000,14:30:00,3_3_3_32_1_,5_14_15_3_13_,0,000000,-,32.0000,22,12,0.0000,31.5000,南光,31.8500,0,tse,1,13:30:00,35.0000,46,28.7000,南光化學製藥股份有限公司,31.8500,31.7500,0,TWSE,
1760.tw,1,1,9.tse.tw|16900,56.4000,0,1,57.0000,56.9000,000000,20260907,tse_1760.tw_20260907,56.6000_56.7000_57.4000_57.5000_57.6000_,56.4000_56.3000_56.2000_56.1000_56.0000_,1760,13.tse.tw|2110,20260907,14:30:00,1760.tw,1788762600000,14:30:00,4_1_3_1_12_,1_1_1_5_36_,0,000000,1,56.7000,22,12,56.9000,56.0000,寶齡富錦,56.4000,0,tse,1,13:30:00,61.9000,102,50.7000,寶齡富錦生技股份有限公司,56.3000,56.4000,0,TWSE,
1762.tw,15,14,20.tse.tw|2231041,35.0000,0,0,35.1000,35.0500,000000,20260907,tse_1762.tw_20260907,35.2000_35.4000_35.4500_35.5000_35.6000_,35.0000_34.9000_34.8500_34.7500_34.7000_,1762,13.tse.tw|2247,20260907,14:30:00,1762.tw,1788762600000,14:30:00,1_5_2_14_1_,14_1_2_1_1_,0,000000,2,35.7500,22,12,35.0500,35.0000,中化生,35.7500,0,tse,15,13:30:00,39.3000,112,32.2000,中化合成生技股份有限公司,35.7500,35.0000,0,TWSE,
1773.tw,68,66,20.tse.tw|2230786,160.5000,0,0,161.5000,161.0000,000000,20260907,tse_1773.tw_20260907,161.0000_161.5000_162.0000_162.5000_163.0000_,160.0000_159.5000_159.0000_158.5000_158.0000_,1773,13.tse.tw|2384,20260907,14:30:00,1773.tw,1788762600000,14:30:00,8_19_10_13_7_,54_23_40_44_63_,0,000000,1138,164.5000,21,12,161.5000,160.5000,勝一,164.5000,0,tse,68,13:30:00,178.5000,494,146.5000,勝一化工股份有限公司,162.5000,160.5000,0,TWSE,
1776.tw,6,6,20.tse.tw|2230284,17.1500,0,0,17.1500,16.9000,000000,20260907,tse_1776.tw_20260907,17.1500_17.2000_17.2500_17.3000_17.4000_,17.0500_16.9500_16.9000_16.8500_16.8000_,1776,13.tse.tw|2521,20260907,14:30:00,1776.tw,1788762600000,14:30:00,2_15_2_1_1_,1_8_9_9_8_,0,000000,-,17.1500,21,12,0.0000,16.9500,展宇,17.1500,0,tse,6,13:30:00,18.9000,31,15.5000,展宇科技材料股份有限公司,17.2000,17.1500,0,TWSE,
1783.tw,2,2,20.tse.tw|2231394,38.0500,0,0,38.2000,38.1000,000000,20260907,tse_1783.tw_20260907,38.4500_38.5500_38.6500_38.7000_38.8000_,38.0500_38.0000_37.9500_37.9000_37.8500_,1783,13.tse.tw|2658,20260907,14:30:00,1783.tw,1788762600000,14:30:00,1_1_2_4_3_,1_16_6_4_4_,0,000000,107,39.0000,22,12,38.1000,38.0000,和康生,39.0000,0,tse,2,13:30:00,42.1000,79,34.5000,和康生物科技股份有限公司,38.3000,38.0500,0,TWSE,
1786.tw,3,3,20.tse.tw|2231042,45.9000,0,0,46.0500,46.0000,000000,20260907,tse_1786.tw_20260907,46.0000_46.1500_46.5000_46.6000_46.8000_,45.9000_45.8000_45.5000_45.4500_45.3500_,1786,13.tse.tw|2795,20260907,14:30:00,1786.tw,1788762600000,14:30:00,3_1_1_1_1_,1_3_1_2_1_,0,000000,34,47.5000,22,12,46.0000,45.8500,科妍,47.5000,0,tse,3,13:30:00,51.7000,162,42.3500,科妍生物科技股份有限公司,47.0500,45.9000,0,TWSE,
1789.tw,22,20,20.tse.tw|2231043,19.4000,0,0,19.4000,19.3000,000000,20260907,tse_1789.tw_20260907,19.4000_19.4500_19.5000_19.5500_19.6000_,19.3500_19.3000_19.2500_19.2000_19.1500_,1789,13.tse.tw|2932,20260907,14:30:00,1789.tw,1788762600000,14:30:00,6_11_12_16_14_,3_6_11_5_22_,0,000000,593,19.6500,22,12,19.3000,19.1000,神隆,19.4000,0,tse,22,13:30:00,21.0000,550,17.2000,台灣神隆股份有限公司,19.1000,19.4000,0,TWSE,
1795.tw,44,44,20.tse.tw|2230285,180.5000,0,0,181.5000,181.0000,000000,20260907,tse_1795.tw_20260907,181.0000_181.5000_182.0000_182.5000_183.0000_,180.5000_180.0000_179.5000_179.0000_178.5000_,1795,13.tse.tw|3068,20260907,14:30:00,1795.tw,1788762600000,14:30:00,4_30_18_16_21_,48_117_56_76_34_,0,000000,641,184.0000,22,12,181.5000,180.5000,美時,184.0000,0,tse,44,13:30:00,200.0000,529,164.0000,美時化學製藥股份有限公司,182.0000,180.5000,0,TWSE,
1802.tw,1316,1283,9.tse.tw|16908,60.7000,0,49,60.9000,60.8000,000000,20260907,tse_1802.tw_20260907,60.8000_60.9000_61.0000_61.1000_61.2000_,60.7000_60.6000_60.5000_60.4000_60.3000_,1802,13.tse.tw|3204,20260907,14:30:00,1802.tw,1788762600000,14:30:00,19_23_493_258_439_,31_329_348_271_240_,0,000000,2955,61.5000,08,12,60.8000,60.0000,台玻,60.4000,0,tse,1316,13:30:00,65.0000,21567,53.2000,台灣玻璃工業股份有限公司,59.1000,60.7000,0,TWSE,
1805.tw,1,1,20.tse.tw|2231044,10.1000,0,0,10.1000,10.0000,000000,20260907,tse_1805.tw_20260907,10.1000_10.1500_10.2000_10.2500_10.3000_,10.0000_9.9900_9.9800_9.9500_9.9100_,1805,13.tse.tw|3340,20260907,14:30:00,1805.tw,1788762600000,14:30:00,5_13_11_1_22_,18_5_1_4_7_,0,000000,-,10.1500,14,12,0.0000,10.0000,寶徠,10.1500,0,tse,1,13:30:00,11.1000,102,9.0900,寶徠建設股份有限公司,10.1000,10.1000,0,TWSE,
1806.tw,2,-,20.tse.tw|2230478,-,0,0,8.0200,8.0100,000000,20260907,tse_1806.tw_20260907,8.0600_8.0700_8.0800_8.0900_8.1000_,8.0500_8.0200_8.0100_8.0000_7.9900_,1806,13.tse.tw|2042,20260907,14:30:00,1806.tw,1788762600000,14:30:00,2_2_11_2_7_,2_2_4_14_3_,0,000000,710,8.0800,08,12,8.0100,8.0100,冠軍,8.0400,0,tse,2,13:30:00,8.8400,125,7.2400,冠軍建材股份有限公司,8.0400,8.0500,0,TWSE,
1808.tw,44,43,9.tse.tw|16911,34.2500,0,1,34.3000,34.2500,000000,20260907,tse_1808.tw_20260907,34.3000_34.3500_34.4000_34.4500_34.5000_,34.2500_34.2000_34.1500_34.1000_34.0500_,1808,13.tse.tw|2179,20260907,14:30:00,1808.tw,1788762600000,14:30:00,26_4_4_14_18_,5_7_13_18_15_,0,000000,1043,35.0500,14,12,34.2500,34.0000,潤隆,35.0500,0,tse,44,13:30:00,38.1500,1107,31.2500,潤隆建設股份有限公司,34.7000,34.2500,0,TWSE,
1809.tw,33,30,9.tse.tw|16912,37.8500,0,1,37.9000,37.5000,000000,20260907,tse_1809.tw_20260907,37.9000_37.9500_38.0500_38.1500_38.2000_,37.8500_37.8000_37.7500_37.7000_37.6500_,1809,13.tse.tw|2316,20260907,14:30:00,1809.tw,1788762600000,14:30:00,11_7_3_3_4_,3_4_4_20_2_,0,000000,791,38.2500,08,12,37.5000,37.5000,中釉,37.7500,0,tse,33,13:30:00,41.5000,831,34.0000,中國製釉股份有限公司,37.7500,37.9000,0,TWSE,
1810.tw,77,77,9.tse.tw|16913,24.0500,0,23,24.1000,24.0500,000000,20260907,tse_1810.tw_20260907,24.1000_24.1500_24.2000_24.2500_24.3000_,24.0500_24.0000_23.9500_23.9000_23.8500_,1810,13.tse.tw|2453,20260907,14:30:00,1810.tw,1788762600000,14:30:00,7_11_21_18_44_,4_189_37_81_23_,0,000000,450,24.5000,08,12,24.1000,24.0000,和成,24.4000,0,tse,77,13:30:00,26.6500,1420,21.8500,和成欣業股份有限公司,24.2500,24.0500,0,TWSE,
1817.tw,1,1,20.tse.tw|2231045,40.1000,0,0,40.9000,39.8500,000000,20260907,tse_1817.tw_20260907,40.1000_40.2000_40.2500_40.3000_40.3500_,40.0500_40.0000_39.9500_39.9000_39.8500_,1817,13.tse.tw|2590,20260907,14:30:00,1817.tw,1788762600000,14:30:00,1_19_3_3_7_,2_1_10_12_5_,0,000000,-,40.2000,08,12,0.0000,39.9000,凱撒衛,40.1000,0,tse,1,13:30:00,44.0500,96,36.0500,凱撒衛浴股份有限公司,40.0500,40.1000,0,TWSE,
1903.tw,1,-,20.tse.tw|2230787,-,0,0,51.9000,48.0000,000000,20260907,tse_1903.tw_20260907,47.7000_47.7500_47.8000_47.8500_47.9000_,47.5000_47.4500_47.3500_47.3000_47.2500_,1903,13.tse.tw|2727,20260907,14:30:00,1903.tw,1788762600000,14:30:00,2_9_14_3_2_,3_1_3_5_12_,0,000000,200,47.7000,09,12,51.9000,47.2500,士紙,47.6500,0,tse,1,13:30:00,52.4000,59,42.9000,士林紙業股份有限公司,47.6500,47.6000,0,TWSE,
1904.tw,123,122,9.tse.tw|16916,24.4000,0,2,24.5000,24.4500,000000,20260907,tse_1904.tw_20260907,24.5000_24.5500_24.6000_24.6500_24.7000_,24.4500_24.4000_24.3500_24.3000_24.2500_,1904,13.tse.tw|2864,20260907,14:30:00,1904.tw,1788762600000,14:30:00,40_24_27_42_18_,3_46_8_49_19_,0,000000,666,25.0000,09,12,24.4500,24.1000,正隆,25.0000,0,tse,123,13:30:00,27.2500,2183,22.3500,正隆股份有限公司,24.8000,24.4500,0,TWSE,
1905.tw,91,91,20.tse.tw|2230637,13.2000,0,0,13.3000,13.2500,000000,20260907,tse_1905.tw_20260907,13.2500_13.3000_13.3500_13.4000_13.4500_,13.2000_13.1500_13.1000_13.0500_13.0000_,1905,13.tse.tw|3001,20260907,14:30:00,1905.tw,1788762600000,14:30:00,16_34_36_25_29_,150_66_51_26_204_,0,000000,289,13.6000,09,12,13.2500,13.2000,華紙,13.6000,0,tse,91,13:30:00,14.8500,1581,12.1500,中華紙漿股份有限公司,13.5000,13.2000,0,TWSE,
1906.tw,3,3,20.tse.tw|2231398,11.2000,0,0,11.2000,11.0500,000000,20260907,tse_1906.tw_20260907,11.2000_11.2500_11.3000_11.3500_11.4000_,11.1500_11.1000_11.0500_11.0000_10.9500_,1906,13.tse.tw|3137,20260907,14:30:00,1906.tw,1788762600000,14:30:00,2_14_16_15_30_,5_5_18_31_13_,0,000000,130,11.3500,09,12,11.0500,11.2000,寶隆,11.2000,0,tse,3,13:30:00,12.3000,64,10.1000,寶隆國際股份有限公司,11.2000,11.2000,0,TWSE,
1907.tw,71,57,9.tse.tw|16919,29.1000,0,1,29.2000,29.1000,000000,20260907,tse_1907.tw_20260907,29.1500_29.2000_29.2500_29.3000_29.3500_,29.1000_29.0500_29.0000_28.9500_28.9000_,1907,13.tse.tw|3273,20260907,14:30:00,1907.tw,1788762600000,14:30:00,9_11_6_134_5_,1_4_46_114_52_,0,000000,1352,30.2000,09,12,29.2000,28.8500,永豐餘,30.2000,0,tse,71,13:30:00,32.8000,1648,26.9000,永豐餘投資控股股份有限公司,29.8500,29.1000,0,TWSE,
1909.tw,166,151,9.tse.tw|16920,10.8500,0,2,11.2000,11.0000,000000,20260907,tse_1909.tw_20260907,10.8500_10.9000_10.9500_11.0000_11.0500_,10.8000_10.7500_10.7000_10.6500_10.6000_,1909,13.tse.tw|2111,20260907,14:30:00,1909.tw,1788762600000,14:30:00,3_85_82_156_69_,503_212_495_519_143_,0,000000,1100,11.1000,09,12,11.0000,10.8000,榮成,11.0500,0,tse,166,13:30:00,12.1000,2652,9.9000,榮成紙業股份有限公司,11.0000,10.8500,0,TWSE,
2002.tw,1757,1366,9.tse.tw|16921,19.0000,0,26,19.0000,18.9500,000000,20260907,tse_2002.tw_20260907,19.0500_19.1000_19.1500_19.2000_19.2500_,19.0000_18.9500_18.9000_18.8500_18.8000_,2002,13.tse.tw|2248,20260907,14:30:00,2002.tw,1788762600000,14:30:00,611_2289_1951_1722_2929_,2130_2103_2644_1505_2151_,0,000000,20635,19.1500,10,12,19.0000,19.0000,中鋼,19.1500,0,tse,1757,13:30:00,21.0000,15796,17.2000,中國鋼鐵股份有限公司,19.1000,19.0000,0,TWSE,
2006.tw,100,100,20.tse.tw|2231399,80.8000,0,0,80.5000,80.3000,000000,20260907,tse_2006.tw_20260907,80.9000_81.0000_81.1000_81.2000_81.3000_,80.8000_80.6000_80.5000_80.4000_80.3000_,2006,13.tse.tw|2522,20260907,14:30:00,2006.tw,1788762600000,14:30:00,5_3_15_4_55_,3_16_48_79_64_,0,000000,1585,81.9000,10,12,80.5000,80.4000,東和鋼鐵,81.9000,0,tse,100,13:30:00,89.7000,1171,73.5000,東和鋼鐵企業股份有限公司,81.6000,80.8000,0,TWSE,
2007.tw,-,-,20.tse.tw|2231046,-,0,0,7.0200,6.9100,000000,20260907,tse_2007.tw_20260907,6.9900_7.0000_7.0100_7.0200_7.0300_,6.9700_6.9600_6.9500_6.9400_6.9300_,2007,13.tse.tw|2659,20260907,14:30:00,2007.tw,1788762600000,14:30:00,11_10_1_12_1_,4_4_17_2_5_,0,000000,622,7.0000,10,12,6.9100,6.9500,燁興,6.9900,0,tse,-,13:30:00,7.7000,85,6.3000,燁興企業股份有限公司,7.0000,-,0,TWSE,
2008.tw,-,-,20.tse.tw|2231047,-,0,0,31.2000,30.8500,000000,20260907,tse_2008.tw_20260907,31.2500_31.5000_31.7000_31.7500_31.8500_,30.7000_30.6000_30.5500_30.5000_30.2500_,2008,13.tse.tw|2796,20260907,14:30:00,2008.tw,1788762600000,14:30:00,1_9_1_1_1_,1_1_2_34_1_,0,000000,449,31.5000,10,12,31.2000,30.8500,高興昌,30.9000,0,tse,-,13:30:00,33.8500,18,27.7500,高興昌鋼鐵股份有限公司,30.8000,-,0,TWSE,
2009.tw,65,63,9.tse.tw|16926,38.9500,0,2,40.2000,39.2000,000000,20260907,tse_2009.tw_20260907,38.9500_39.0000_39.0500_39.1000_39.1500_,38.9000_38.8500_38.8000_38.7500_38.7000_,2009,13.tse.tw|2933,20260907,14:30:00,2009.tw,1788762600000,14:30:00,11_5_6_6_11_,104_59_121_41_43_,0,000000,700,39.9000,10,12,39.2000,38.8000,第一銅,39.9000,0,tse,65,13:30:00,43.3000,1238,35.5000,第一伸銅科技股份有限公司,39.4000,38.9500,0,TWSE,
2010.tw,36,31,20.tse.tw|2231400,22.3000,0,0,22.4000,22.3500,000000,20260907,tse_2010.tw_20260907,22.3000_22.3500_22.4000_22.4500_22.5000_,22.2500_22.2000_22.1500_22.1000_22.0500_,2010,13.tse.tw|3069,20260907,14:30:00,2010.tw,1788762600000,14:30:00,2_16_52_22_16_,5_42_68_62_33_,0,000000,-,22.7000,10,12,0.0000,22.1000,春源,22.7000,0,tse,36,13:30:00,24.8000,1168,20.3000,春源鋼鐵工業股份有限公司,22.5500,22.3000,0,TWSE,
2012.tw,3,3,20.tse.tw|2231048,14.6500,0,0,14.6000,14.5000,000000,20260907,tse_2012.tw_20260907,14.6500_14.7000_14.8000_14.8500_15.0000_,14.6000_14.4000_14.3500_14.3000_14.2500_,2012,13.tse.tw|3205,20260907,14:30:00,2012.tw,1788762600000,14:30:00,3_2_10_10_1_,1_1_2_47_8_,0,000000,524,14.6000,10,12,14.5000,14.3000,春雨,14.4500,0,tse,3,13:30:00,15.9500,44,13.0500,春雨工廠股份有限公司,14.5000,14.6000,0,TWSE,
2013.tw,2,2,20.tse.tw|2230639,41.7500,0,0,41.9000,41.8000,000000,20260907,tse_2013.tw_20260907,41.7500_41.9000_41.9500_42.0000_42.0500_,41.7000_41.6000_41.5500_41.5000_41.4500_,2013,13.tse.tw|3341,20260907,14:30:00,2013.tw,1788762600000,14:30:00,40_6_1_8_3_,1_2_9_9_2_,0,000000,101,41.7500,10,12,41.8000,41.5000,中鋼構,41.7500,0,tse,2,13:30:00,45.9000,50,37.6000,中國鋼鐵結構股份有限公司,41.7500,41.7500,0,TWSE,
2014.tw,68,55,9.tse.tw|16930,17.0000,0,2,17.0000,16.9500,000000,20260907,tse_2014.tw_20260907,17.0000_17.0500_17.1000_17.1500_17.2000_,16.9500_16.9000_16.8500_16.8000_16.7500_,2014,13.tse.tw|2043,20260907,14:30:00,2014.tw,1788762600000,14:30:00,52_99_72_128_90_,1_91_509_643_140_,0,000000,1054,17.1500,10,12,16.9500,16.8500,中鴻,17.1500,0,tse,68,13:30:00,18.7000,1370,15.3000,中鴻鋼鐵股份有限公司,17.0000,17.0000,0,TWSE,
2015.tw,20,16,20.tse.tw|2231049,64.5000,0,0,64.9000,64.7000,000000,20260907,tse_2015.tw_20260907,64.7000_64.8000_65.0000_65.1000_65.2000_,64.5000_64.3000_64.2000_64.1000_64.0000_,2015,13.tse.tw|2180,20260907,14:30:00,2015.tw,1788762600000,14:30:00,13_3_11_4_11_,1_13_17_10_12_,0,000000,187,65.2000,10,12,64.7000,63.8000,豐興,65.2000,0,tse,20,13:30:00,71.3000,202,58.5000,豐興鋼鐵股份有限公司,64.9000,64.7000,0,TWSE,
2017.tw,364,364,9.tse.tw|16932,8.9200,0,13,8.9600,8.9400,000000,20260907,tse_2017.tw_20260907,8.9700_8.9800_8.9900_9.0000_9.0100_,8.9300_8.9200_8.9100_8.9000_8.8900_,2017,13.tse.tw|2317,20260907,14:30:00,2017.tw,1788762600000,14:30:00,13_18_21_20_15_,3_28_8_130_1_,0,000000,832,9.1600,10,12,8.9400,8.9200,官田鋼,9.1400,0,tse,364,13:30:00,10.0500,1013,8.2400,官田鋼鐵股份有限公司,9.1500,8.9300,0,TWSE,
2020.tw,122,122,20.tse.tw|2230640,21.6000,0,0,21.7000,21.6500,000000,20260907,tse_2020.tw_20260907,21.8500_21.9000_21.9500_22.0000_22.0500_,21.6500_21.6000_21.5500_21.5000_21.4500_,2020,13.tse.tw|2454,20260907,14:30:00,2020.tw,1788762600000,14:30:00,1_7_14_62_10_,1_16_9_49_4_,0,000000,100,22.0500,10,12,21.7000,21.6500,美亞,22.0500,0,tse,122,13:30:00,24.0000,419,19.7000,美亞鋼管廠股份有限公司,21.8500,21.6500,0,TWSE,
2022.tw,7,7,20.tse.tw|2231050,7.4800,0,0,7.4700,7.4200,000000,20260907,tse_2022.tw_20260907,7.4800_7.4900_7.5000_7.5200_7.5400_,7.4600_7.4500_7.4400_7.4300_7.4200_,2022,13.tse.tw|2591,20260907,14:30:00,2022.tw,1788762600000,14:30:00,76_2_23_6_27_,47_13_16_20_14_,0,000000,3457,7.5500,10,12,7.4200,7.4400,聚亨,7.5500,0,tse,7,13:30:00,8.3000,445,6.8000,聚亨企業股份有限公司,7.5500,7.4800,0,TWSE,
2023.tw,69,69,9.tse.tw|16935,13.9500,0,1,13.9000,13.8500,000000,20260907,tse_2023.tw_20260907,13.9500_14.0000_14.0500_14.1000_14.1500_,13.9000_13.8500_13.8000_13.7500_13.7000_,2023,13.tse.tw|2728,20260907,14:30:00,2023.tw,1788762600000,14:30:00,142_132_56_136_42_,50_12_67_113_24_,0,000000,3792,13.9500,10,12,13.8500,13.7500,燁輝,13.9500,0,tse,69,13:30:00,15.2000,666,12.5000,燁輝企業股份有限公司,13.8500,13.9500,0,TWSE,
2024.tw,-,-,20.tse.tw|2231403,-,0,0,13.4000,13.1500,000000,20260907,tse_2024.tw_20260907,13.3000_13.3500_13.5000_13.5500_13.6000_,13.0500_13.0000_12.9500_12.9000_12.8500_,2024,13.tse.tw|2865,20260907,14:30:00,2024.tw,1788762600000,14:30:00,1_2_2_5_1_,2_2_8_2_3_,0,000000,76,13.3500,10,12,13.1500,13.0000,志聯,13.2500,0,tse,-,13:30:00,14.5500,91,11.9500,志聯工業股份有限公司,13.2500,-,0,TWSE,
2025.tw,36,12,9.tse.tw|16937,12.3000,0,2,12.5000,12.4000,000000,20260907,tse_2025.tw_20260907,12.4500_12.5000_12.5500_12.6000_12.6500_,12.4000_12.3500_12.3000_12.2500_12.2000_,2025,13.tse.tw|3002,20260907,14:30:00,2025.tw,1788762600000,14:30:00,7_19_6_54_7_,2_1_8_50_43_,0,000000,1422,12.6500,10,12,12.4000,12.3000,千興,12.6000,0,tse,36,13:30:00,13.9500,475,11.4500,千興不銹鋼(股)公司,12.7000,12.4500,0,TWSE,
2027.tw,1476,1421,9.tse.tw|16938,49.1000,0,16,49.1500,49.1000,000000,20260907,tse_2027.tw_20260907,49.1000_49.1500_49.2000_49.2500_49.3000_,49.0500_49.0000_48.9500_48.9000_48.8500_,2027,13.tse.tw|3138,20260907,14:30:00,2027.tw,1788762600000,14:30:00,6_164_233_203_130_,8_21_198_90_106_,0,000000,5823,50.6000,10,12,49.1000,48.3000,大成鋼,50.6000,0,tse,1476,13:30:00,55.2000,20535,45.2000,大成不銹鋼工業股份有限公司,50.2000,49.1000,0,TWSE,
2028.tw,22,22,20.tse.tw|2231404,15.7500,0,0,15.7500,15.6000,000000,20260907,tse_2028.tw_20260907,15.7500_15.8000_15.8500_15.9000_16.0000_,15.7000_15.6500_15.6000_15.5500_15.5000_,2028,13.tse.tw|3274,20260907,14:30:00,2028.tw,1788762600000,14:30:00,18_12_4_19_16_,1_25_2_7_3_,0,000000,140,15.8000,10,12,15.7500,15.6500,威致,15.8000,0,tse,22,13:30:00,17.3000,83,14.2000,威致鋼鐵工業股份有限公司,15.7500,15.7500,0,TWSE,
2029.tw,23,21,20.tse.tw|2230482,21.3500,0,0,21.4000,21.2500,000000,20260907,tse_2029.tw_20260907,21.4000_21.4500_21.5000_21.5500_21.6000_,21.3500_21.3000_21.2500_21.2000_21.1500_,2029,13.tse.tw|2112,20260907,14:30:00,2029.tw,1788762600000,14:30:00,2_11_21_6_9_,30_21_29_5_4_,0,000000,681,21.9500,10,12,21.4000,21.4000,盛餘,21.9500,0,tse,23,13:30:00,23.9500,515,19.6500,盛餘股份有限公司,21.8000,21.4000,0,TWSE,
2030.tw,84,84,20.tse.tw|2230289,22.8500,0,0,22.9500,22.7000,000000,20260907,tse_2030.tw_20260907,22.9000_22.9500_23.0000_23.0500_23.1000_,22.8000_22.7500_22.7000_22.6500_22.6000_,2030,13.tse.tw|2249,20260907,14:30:00,2030.tw,1788762600000,14:30:00,16_13_47_18_13_,23_12_3_42_156_,0,000000,2121,23.5000,10,12,22.9500,22.5500,彰源,23.3500,0,tse,84,13:30:00,25.7500,2347,21.1500,彰源企業股份有限公司,23.4500,22.8500,0,TWSE,
2031.tw,66,58,9.tse.tw|16942,44.3500,0,6,44.4500,44.4000,000000,20260907,tse_2031.tw_20260907,44.4000_44.4500_44.5000_44.5500_44.6000_,44.3000_44.2500_44.2000_44.1500_44.1000_,2031,13.tse.tw|2386,20260907,14:30:00,2031.tw,1788762600000,14:30:00,10_2_5_4_14_,18_21_47_37_26_,0,000000,160,45.5000,10,12,44.4500,44.2000,新光鋼,45.5000,0,tse,66,13:30:00,49.4000,596,40.5000,新光鋼鐵股份有限公司,44.9500,44.3000,0,TWSE,
2032.tw,31,31,20.tse.tw|2230290,17.2000,0,0,17.2000,17.0000,000000,20260907,tse_2032.tw_20260907,17.1000_17.1500_17.2000_17.2500_17.3000_,17.0000_16.8500_16.8000_16.7500_16.7000_,2032,13.tse.tw|2523,20260907,14:30:00,2032.tw,1788762600000,14:30:00,7_6_14_6_15_,1_13_38_12_45_,0,000000,-,17.3000,10,12,0.0000,16.8000,新鋼,17.3000,0,tse,31,13:30:00,19.0000,338,15.6000,新鋼工業股份有限公司,17.3000,17.1000,0,TWSE,
2033.tw,36,36,20.tse.tw|2230483,25.7000,0,0,25.8000,25.5500,000000,20260907,tse_2033.tw_20260907,25.7500_25.8500_25.9000_25.9500_26.0000_,25.7000_25.6500_25.6000_25.5500_25.5000_,2033,13.tse.tw|2660,20260907,14:30:00,2033.tw,1788762600000,14:30:00,2_3_1_5_2_,6_10_12_17_8_,0,000000,3,27.3500,10,12,25.8000,25.7000,佳大,26.1000,0,tse,36,13:30:00,28.6500,1211,23.4500,佳大世界股份有限公司,26.0500,25.7000,0,TWSE,
2034.tw,60,60,9.tse.tw|16945,20.9000,0,2,21.0500,21.0000,000000,20260907,tse_2034.tw_20260907,20.9000_20.9500_21.0000_21.0500_21.1000_,20.7500_20.7000_20.6500_20.6000_20.5500_,2034,13.tse.tw|2797,20260907,14:30:00,2034.tw,1788762600000,14:30:00,11_29_11_8_37_,4_1_25_55_118_,0,000000,1774,21.4000,10,12,21.0000,20.5500,允強,21.4000,0,tse,60,13:30:00,23.2000,1571,19.0000,允強實業股份有限公司,21.1000,20.9000,0,TWSE,
2038.tw,113,113,20.tse.tw|2230641,12.4000,0,0,12.5000,12.4000,000000,20260907,tse_2038.tw_20260907,12.7000_12.7500_12.8000_12.8500_12.9000_,12.4500_12.4000_12.3500_12.3000_12.2500_,2038,13.tse.tw|2934,20260907,14:30:00,2038.tw,1788762600000,14:30:00,14_6_6_5_13_,3_37_12_3_13_,0,000000,923,12.8500,10,12,12.4000,12.4500,海光,12.8500,0,tse,113,13:30:00,14.0000,256,11.5000,海光企業股份有限公司,12.7500,12.4500,0,TWSE,
2049.tw,128,125,9.tse.tw|16947,365.0000,0,9,365.0000,364.5000,000000,20260907,tse_2049.tw_20260907,365.0000_365.5000_366.0000_366.5000_367.0000_,364.5000_364.0000_363.5000_363.0000_362.5000_,2049,13.tse.tw|3070,20260907,14:30:00,2049.tw,1788762600000,14:30:00,7_41_7_7_3_,15_26_22_130_28_,0,000000,1546,377.5000,05,12,365.0000,362.5000,上銀,371.0000,0,tse,128,13:30:00,399.0000,3772,327.0000,上銀科技股份有限公司,363.0000,364.5000,0,TWSE,
2059.tw,19,17,20.tse.tw|2230484,13900.0000,0,0,13925.0000,13920.0000,000000,20260907,tse_2059.tw_20260907,13970.0000_14000.0000_14010.0000_14015.0000_14020.0000_,13880.0000_13840.0000_13815.0000_13770.0000_13765.0000_,2059,13.tse.tw|3206,20260907,14:30:00,2059.tw,1788762600000,14:30:00,1_1_2_1_1_,2_1_1_1_1_,0,000000,588,14145.0000,28,12,13925.0000,13700.0000,川湖,14015.0000,0,tse,19,13:30:00,15245.0000,274,12475.0000,川湖科技股份有限公司,13860.0000,13905.0000,0,TWSE,
2062.tw,4,4,9.tse.tw|16949,19.4500,0,1,20.0000,19.4000,000000,20260907,tse_2062.tw_20260907,19.5000_19.5500_19.6000_19.6500_19.7000_,19.4500_19.4000_19.3500_19.3000_19.2500_,2062,13.tse.tw|3342,20260907,14:30:00,2062.tw,1788762600000,14:30:00,34_17_44_4_29_,1_4_39_14_26_,0,000000,5,19.5000,38,12,19.4000,19.3000,橋椿,19.5000,0,tse,4,13:30:00,21.3000,130,17.5000,橋椿金屬股份有限公司,19.4000,19.4500,0,TWSE,
2069.tw,106,106,9.tse.tw|16950,20.4000,0,1,20.9000,20.6500,000000,20260907,tse_2069.tw_20260907,20.6000_20.6500_20.7000_20.7500_20.8000_,20.4000_20.3500_20.3000_20.2500_20.2000_,2069,13.tse.tw|2044,20260907,14:30:00,2069.tw,1788762600000,14:30:00,4_10_12_10_16_,41_16_81_5_62_,0,000000,-,21.2000,10,12,0.0000,20.4000,運錩,21.2000,0,tse,106,13:30:00,23.1000,527,18.9000,運錩鋼鐵股份有限公司,21.0000,20.4000,0,TWSE,
2072.tw,104,94,9.tse.tw|16951,132.0000,0,3,135.0000,134.5000,000000,20260907,tse_2072.tw_20260907,133.0000_133.5000_134.0000_135.0000_135.5000_,132.0000_131.5000_131.0000_130.5000_130.0000_,2072,13.tse.tw|2181,20260907,14:30:00,2072.tw,1788762600000,14:30:00,1_1_20_17_9_,10_21_8_3_33_,0,000000,347,137.0000,35,12,135.0000,132.0000,世紀風電,135.5000,0,tse,104,13:30:00,149.5000,521,122.5000,世紀離岸風電設備股份有限公司,136.0000,132.0000,0,TWSE,
2101.tw,87,86,20.tse.tw|2231406,31.1000,0,0,31.2000,31.0000,000000,20260907,tse_2101.tw_20260907,31.1000_31.1500_31.2000_31.2500_31.3000_,31.0500_31.0000_30.9500_30.9000_30.8500_,2101,13.tse.tw|2318,20260907,14:30:00,2101.tw,1788762600000,14:30:00,5_11_16_41_47_,67_155_70_60_64_,0,000000,2129,31.6500,11,12,31.0000,31.0000,南港,31.6500,0,tse,87,13:30:00,34.4500,1509,28.2500,南港輪胎股份有限公司,31.3500,31.1000,0,TWSE,
2102.tw,14,14,20.tse.tw|2230791,17.9000,0,0,18.0000,17.8000,000000,20260907,tse_2102.tw_20260907,17.9500_18.0000_18.0500_18.1000_18.1500_,17.9000_17.8500_17.8000_17.7500_17.7000_,2102,13.tse.tw|2455,20260907,14:30:00,2102.tw,1788762600000,14:30:00,4_41_17_26_6_,1_1_49_29_21_,0,000000,596,18.3000,11,12,17.8000,17.8000,泰豐,18.3000,0,tse,14,13:30:00,20.0500,385,16.4500,泰豐輪胎股份有限公司,18.2500,17.9000,0,TWSE,
2103.tw,254,221,9.tse.tw|16954,27.4000,0,3,27.5000,27.3500,000000,20260907,tse_2103.tw_20260907,27.4000_27.4500_27.5000_27.5500_27.6000_,27.3500_27.3000_27.2500_27.2000_27.1500_,2103,13.tse.tw|2592,20260907,14:30:00,2103.tw,1788762600000,14:30:00,5_55_79_75_28_,72_35_176_512_132_,0,000000,2091,28.4500,11,12,27.3500,27.2000,台橡,28.4500,0,tse,254,13:30:00,31.0500,6903,25.4500,台橡股份有限公司,28.2500,27.4000,0,TWSE,
2104.tw,139,139,9.tse.tw|16955,10.0500,0,1,10.3000,10.2000,000000,20260907,tse_2104.tw_20260907,10.1000_10.1500_10.2000_10.2500_10.3000_,10.0500_10.0000_9.9900_9.9800_9.9700_,2104,13.tse.tw|2729,20260907,14:30:00,2104.tw,1788762600000,14:30:00,202_70_172_29_73_,9_373_108_158_103_,0,000000,798,10.4000,11,12,10.2000,9.9700,國際中橡,10.4000,0,tse,139,13:30:00,11.3000,5317,9.2700,國際中橡投資控股股份有限公司,10.3000,10.0500,0,TWSE,
2105.tw,179,150,20.tse.tw|2230293,30.7000,0,0,30.8000,30.7500,000000,20260907,tse_2105.tw_20260907,30.7000_30.7500_30.8000_30.8500_30.9000_,30.6500_30.6000_30.5500_30.5000_30.4500_,2105,13.tse.tw|2866,20260907,14:30:00,2105.tw,1788762600000,14:30:00,34_112_60_59_84_,50_246_370_706_112_,0,000000,430,31.1500,11,12,30.7500,30.5000,正新,31.1500,0,tse,179,13:30:00,34.0000,3923,27.9000,正新橡膠工業股份有限公司,30.9500,30.7000,0,TWSE,
2106.tw,40,39,20.tse.tw|2230294,16.9500,0,0,17.0500,16.9500,000000,20260907,tse_2106.tw_20260907,16.9500_17.0000_17.0500_17.1000_17.1500_,16.9000_16.8500_16.8000_16.7500_16.7000_,2106,13.tse.tw|3003,20260907,14:30:00,2106.tw,1788762600000,14:30:00,22_17_32_24_21_,42_178_197_99_294_,0,000000,490,17.4000,11,12,16.9500,16.8500,建大,17.4000,0,tse,40,13:30:00,19.0000,2137,15.6000,建大工業股份有限公司,17.3000,16.9500,0,TWSE,
2107.tw,3,3,20.tse.tw|2230792,26.5000,0,0,26.3000,26.0500,000000,20260907,tse_2107.tw_20260907,26.5500_26.6000_26.6500_26.7000_26.7500_,26.5000_26.4500_26.4000_26.3500_26.3000_,2107,13.tse.tw|3139,20260907,14:30:00,2107.tw,1788762600000,14:30:00,1_4_4_3_10_,6_8_6_19_6_,0,000000,2262,26.8500,11,12,26.0500,26.3500,厚生,26.8500,0,tse,3,13:30:00,29.4500,187,24.1500,厚生股份有限公司,26.8000,26.5000,0,TWSE,
2108.tw,52,48,9.tse.tw|16959,29.0500,0,1,29.9500,29.1000,000000,20260907,tse_2108.tw_20260907,29.0500_29.1000_29.1500_29.2000_29.2500_,29.0000_28.9500_28.9000_28.8500_28.8000_,2108,13.tse.tw|3275,20260907,14:30:00,2108.tw,1788762600000,14:30:00,17_7_24_1_3_,1_18_63_54_61_,0,000000,51,30.0500,11,12,29.1000,28.8500,南帝,29.9500,0,tse,52,13:30:00,32.6500,1425,26.7500,南帝化學工業股份有限公司,29.7000,29.0000,0,TWSE,
2109.tw,8,8,20.tse.tw|2231407,14.9000,0,0,0.0000,15.0000,000000,20260907,tse_2109.tw_20260907,14.9000_14.9500_15.0000_15.0500_15.1000_,14.8000_14.7500_14.7000_14.6500_14.6000_,2109,13.tse.tw|2113,20260907,14:30:00,2109.tw,1788762600000,14:30:00,3_10_24_2_72_,13_21_13_13_37_,0,000000,400,14.9000,11,12,15.0000,14.7500,華豐,14.8000,0,tse,8,13:30:00,16.2500,168,13.3500,華豐橡膠工業股份有限公司,14.8000,14.9000,0,TWSE,
2114.tw,-,-,20.tse.tw|2230295,-,0,0,90.0000,89.1000,000000,20260907,tse_2114.tw_20260907,89.4000_90.0000_90.1000_90.2000_90.4000_,88.8000_88.7000_88.6000_88.5000_88.4000_,2114,13.tse.tw|2250,20260907,14:30:00,2114.tw,1788762600000,14:30:00,1_5_2_3_1_,1_1_1_2_1_,0,000000,-,90.3000,11,12,0.0000,88.6000,鑫永銓,88.8000,0,tse,-,13:30:00,97.6000,22,80.0000,鑫永銓股份有限公司,88.8000,-,0,TWSE,
2115.tw,-,-,20.tse.tw|2231408,-,0,0,23.9000,23.6000,000000,20260907,tse_2115.tw_20260907,23.7000_23.8000_23.9000_23.9500_24.0000_,23.6500_23.6000_23.5500_23.5000_23.4500_,2115,13.tse.tw|2387,20260907,14:30:00,2115.tw,1788762600000,14:30:00,1_1_1_5_9_,4_2_4_3_2_,0,000000,-,23.8500,12,12,0.0000,23.6000,六暉-KY,23.8000,0,tse,-,13:30:00,26.1500,15,21.4500,英屬開曼群島六暉控股股份有限公司,23.8000,-,0,TWSE,RR
2201.tw,278,269,9.tse.tw|16963,30.8000,0,4,31.1000,31.0000,000000,20260907,tse_2201.tw_20260907,30.8000_30.8500_30.9000_30.9500_31.0000_,30.7500_30.7000_30.6500_30.6000_30.5500_,2201,13.tse.tw|2524,20260907,14:30:00,2201.tw,1788762600000,14:30:00,20_18_20_68_69_,117_309_149_206_83_,0,000000,780,31.2500,12,12,31.0000,30.7000,裕隆,31.1500,0,tse,278,13:30:00,34.2000,4207,28.0000,裕隆汽車製造股份有限公司,31.1000,30.8000,0,TWSE,
2204.tw,35,30,9.tse.tw|16964,53.6000,0,1,53.8000,53.7000,000000,20260907,tse_2204.tw_20260907,53.7000_53.8000_53.9000_54.0000_54.1000_,53.6000_53.5000_53.4000_53.3000_53.2000_,2204,13.tse.tw|2661,20260907,14:30:00,2204.tw,1788762600000,14:30:00,7_30_11_9_33_,24_14_30_43_43_,0,000000,1200,54.2000,12,12,53.7000,53.4000,中華,54.2000,0,tse,35,13:30:00,59.5000,724,48.7000,中華汽車工業股份有限公司,54.1000,53.6000,0,TWSE,
2206.tw,75,72,20.tse.tw|2231057,63.4000,0,0,63.4000,63.0000,000000,20260907,tse_2206.tw_20260907,63.5000_63.6000_63.7000_63.8000_63.9000_,63.4000_63.3000_63.1000_63.0000_62.8000_,2206,13.tse.tw|2798,20260907,14:30:00,2206.tw,1788762600000,14:30:00,30_13_64_11_8_,77_4_2_2_16_,0,000000,601,64.1000,12,12,63.0000,62.7000,三陽工業,64.1000,0,tse,75,13:30:00,69.7000,496,57.1000,三陽工業股份有限公司,63.4000,63.4000,0,TWSE,
2207.tw,38,35,20.tse.tw|2231409,538.0000,0,0,538.0000,536.0000,000000,20260907,tse_2207.tw_20260907,539.0000_540.0000_541.0000_542.0000_543.0000_,538.0000_537.0000_536.0000_535.0000_534.0000_,2207,13.tse.tw|2935,20260907,14:30:00,2207.tw,1788762600000,14:30:00,1_6_10_9_7_,3_14_2_5_22_,0,000000,195,548.0000,12,12,538.0000,533.0000,和泰車,548.0000,0,tse,38,13:30:00,592.0000,272,485.5000,和泰汽車股份有限公司,539.0000,539.0000,0,TWSE,
2208.tw,177,177,9.tse.tw|16967,18.8000,0,5,19.2000,18.9000,000000,20260907,tse_2208.tw_20260907,18.8500_18.9000_18.9500_19.0000_19.0500_,18.8000_18.7500_18.7000_18.6500_18.6000_,2208,13.tse.tw|3071,20260907,14:30:00,2208.tw,1788762600000,14:30:00,9_36_41_135_45_,14_142_123_102_72_,0,000000,178,19.1000,15,12,18.9000,18.8000,台船,19.1000,0,tse,177,13:30:00,20.6500,1294,16.9500,台灣國際造船股份有限公司,18.8000,18.8000,0,TWSE,
2211.tw,10,10,20.tse.tw|2231410,83.0000,0,0,83.9000,83.0000,000000,20260907,tse_2211.tw_20260907,83.1000_83.2000_83.3000_83.4000_83.5000_,83.0000_82.8000_82.7000_82.6000_82.5000_,2211,13.tse.tw|3207,20260907,14:30:00,2211.tw,1788762600000,14:30:00,3_5_4_9_2_,3_4_8_14_59_,0,000000,200,83.6000,10,12,83.0000,82.4000,長榮鋼,83.6000,0,tse,10,13:30:00,91.3000,231,74.7000,長榮鋼鐵股份有限公司,83.0000,83.0000,0,TWSE,
2227.tw,18,18,20.tse.tw|2231411,48.3000,0,0,50.2000,48.0000,000000,20260907,tse_2227.tw_20260907,48.3000_48.4000_48.5000_48.7000_49.6500_,47.3000_47.2000_47.1500_47.1000_47.0500_,2227,13.tse.tw|3343,20260907,14:30:00,2227.tw,1788762600000,14:30:00,2_1_2_3_1_,1_2_5_5_7_,0,000000,-,48.3000,12,12,0.0000,47.1000,裕日車,48.3000,0,tse,18,13:30:00,52.4000,42,42.9000,裕隆日產股份有限公司,47.6500,48.3000,0,TWSE,
2228.tw,1,1,20.tse.tw|2230296,74.9000,0,0,75.2000,74.9000,000000,20260907,tse_2228.tw_20260907,75.0000_75.3000_75.4000_75.5000_76.0000_,74.8000_74.7000_74.4000_74.1000_74.0000_,2228,13.tse.tw|2045,20260907,14:30:00,2228.tw,1788762600000,14:30:00,2_3_1_3_2_,3_1_2_2_1_,0,000000,436,74.9000,12,12,74.9000,73.5000,劍麟,73.8000,0,tse,1,13:30:00,81.1000,68,66.5000,劍麟股份有限公司,73.8000,74.9000,0,TWSE,
2231.tw,9,9,20.tse.tw|2230642,90.3000,0,0,92.9000,90.6000,000000,20260907,tse_2231.tw_20260907,90.5000_90.6000_91.0000_91.1000_91.4000_,90.3000_90.2000_90.1000_90.0000_89.9000_,2231,13.tse.tw|2182,20260907,14:30:00,2231.tw,1788762600000,14:30:00,1_7_2_1_1_,2_8_3_13_3_,0,000000,2,93.5000,12,12,92.9000,90.2000,為升,93.5000,0,tse,9,13:30:00,99.6000,216,81.6000,為升電裝工業股份有限公司,90.6000,90.3000,0,TWSE,
2233.tw,11,11,20.tse.tw|2230486,168.5000,0,0,168.0000,167.5000,000000,20260907,tse_2233.tw_20260907,169.0000_169.5000_170.0000_170.5000_171.0000_,168.5000_168.0000_167.5000_167.0000_166.5000_,2233,13.tse.tw|2319,20260907,14:30:00,2233.tw,1788762600000,14:30:00,5_1_6_4_10_,2_9_5_15_14_,0,000000,454,171.0000,12,12,168.0000,166.5000,宇隆,170.0000,0,tse,11,13:30:00,185.0000,336,152.0000,宇隆科技股份有限公司,168.5000,168.5000,0,TWSE,
2236.tw,37,29,20.tse.tw|2231412,118.0000,0,0,124.0000,119.0000,000000,20260907,tse_2236.tw_20260907,120.0000_120.5000_121.0000_121.5000_122.0000_,119.5000_119.0000_118.5000_118.0000_117.5000_,2236,13.tse.tw|2456,20260907,14:30:00,2236.tw,1788762600000,14:30:00,2_4_10_13_4_,1_2_9_21_6_,0,000000,-,121.5000,12,12,0.0000,118.5000,百達-KY,121.5000,0,tse,37,13:30:00,133.5000,194,109.5000,百達精密工業股份有限公司,121.5000,120.0000,0,TWSE,RR
2237.tw,2,2,20.tse.tw|2231413,27.8500,3,0,27.9500,27.8500,000000,20260907,tse_2237.tw_20260907,27.9000_27.9500_28.0000_28.0500_28.1000_,27.8500_27.7500_27.7000_27.6500_27.6000_,2237,13.tse.tw|2593,20260907,14:30:00,2237.tw,1788762600000,14:30:00,11_4_1_1_3_,1_4_11_6_5_,0,000000,-,28.2500,12,12,0.0000,27.5500,華德動能-創,27.7000,0,tse,2,13:30:00,30.4500,196,24.9500,華德動能科技股份有限公司,27.7000,27.8500,0,TWSE,
2239.tw,5,5,20.tse.tw|2230487,19.9000,0,0,20.0000,19.7000,000000,20260907,tse_2239.tw_20260907,19.9000_20.0000_20.0500_20.1000_20.1500_,19.8500_19.8000_19.7000_19.6500_19.6000_,2239,13.tse.tw|2730,20260907,14:30:00,2239.tw,1788762600000,14:30:00,55_1_6_4_2_,3_1_2_2_1_,0,000000,-,20.1500,12,12,0.0000,19.6500,英利-KY,19.9500,0,tse,5,13:30:00,21.8000,36,17.9000,開曼英利工業股份有限公司,19.8500,19.9000,0,TWSE,RR
2241.tw,16,16,20.tse.tw|2230297,34.3500,0,0,34.4000,34.3500,000000,20260907,tse_2241.tw_20260907,34.4000_34.4500_34.5500_34.6000_34.6500_,34.3500_34.3000_34.2500_34.2000_34.1500_,2241,13.tse.tw|2867,20260907,14:30:00,2241.tw,1788762600000,14:30:00,1_1_1_1_3_,6_6_2_4_4_,0,000000,101,35.5500,12,12,34.4000,34.3500,艾姆勒,35.4500,0,tse,16,13:30:00,38.8500,292,31.8500,艾姆勒科技股份有限公司,35.3500,34.3500,0,TWSE,
2243.tw,18,18,20.tse.tw|2231414,45.2500,0,0,45.3500,45.2500,000000,20260907,tse_2243.tw_20260907,45.4000_45.5500_45.7500_45.8000_45.8500_,45.2500_45.2000_45.1500_45.1000_45.0500_,2243,13.tse.tw|3004,20260907,14:30:00,2243.tw,1788762600000,14:30:00,1_1_1_4_1_,6_4_1_4_1_,0,000000,-,47.1000,12,12,0.0000,44.9000,宏旭-KY,47.0000,0,tse,18,13:30:00,50.6000,271,41.4000,宏旭控股股份有限公司,46.0000,45.2500,0,TWSE,RR
2247.tw,5,5,20.tse.tw|2231058,234.0000,0,0,233.5000,232.0000,000000,20260907,tse_2247.tw_20260907,235.0000_235.5000_236.0000_236.5000_237.0000_,233.0000_232.5000_232.0000_230.0000_229.5000_,2247,13.tse.tw|3140,20260907,14:30:00,2247.tw,1788762600000,14:30:00,6_7_5_2_4_,1_1_1_1_3_,0,000000,21,235.5000,12,12,233.5000,229.5000,汎德永業,235.5000,0,tse,5,13:30:00,254.5000,35,208.5000,汎德永業汽車股份有限公司,231.5000,234.0000,0,TWSE,
2248.tw,3,3,9.tse.tw|16979,60.4000,0,100,0.0000,59.7000,000000,20260907,tse_2248.tw_20260907,60.8000_60.9000_61.2000_61.3000_61.4000_,60.1000_60.0000_59.9000_59.8000_59.7000_,2248,13.tse.tw|3276,20260907,14:30:00,2248.tw,1788762600000,14:30:00,1_1_1_2_2_,2_34_1_1_1_,0,000000,-,61.1000,12,12,0.0000,60.1000,華勝-KY,61.1000,0,tse,3,13:33:00,67.6000,54,55.4000,華勝汽車電子股份有限公司,61.5000,60.4000,0,TWSE,RR
2250.tw,3,3,20.tse.tw|2230795,57.1000,0,0,60.4000,57.3000,000000,20260907,tse_2250.tw_20260907,58.3000_58.5000_58.9000_59.0000_59.3000_,57.0000_56.9000_56.8000_56.7000_56.6000_,2250,13.tse.tw|2114,20260907,14:30:00,2250.tw,1788762600000,14:30:00,2_7_1_1_2_,3_1_5_4_1_,0,000000,100,58.2000,12,12,57.3000,57.1000,IKKA-KY,57.3000,0,tse,3,13:30:00,63.3000,23,51.9000,第一化成控股(開曼)股份有限公司,57.6000,57.1000,0,TWSE,RR
2254.tw,37,33,20.tse.tw|2230644,62.4000,3,0,62.6000,62.4000,000000,20260907,tse_2254.tw_20260907,62.7000_62.8000_62.9000_63.0000_63.5000_,62.4000_62.1000_61.8000_61.7000_61.6000_,2254,13.tse.tw|2251,20260907,14:30:00,2254.tw,1788762600000,14:30:00,9_30_7_10_6_,6_6_2_15_15_,0,000000,-,63.5000,12,12,0.0000,61.8000,巨鎧精密-創,62.1000,0,tse,37,13:30:00,68.3000,2583,55.9000,巨鎧精密工業股份有限公司,62.1000,62.4000,0,TWSE,
2258.tw,22,6,20.tse.tw|2231415,31.5000,3,0,32.5000,31.6000,000000,20260907,tse_2258.tw_20260907,31.5000_31.5500_31.6000_31.6500_31.7000_,31.4500_31.4000_31.3500_31.3000_31.2500_,2258,13.tse.tw|2388,20260907,14:30:00,2258.tw,1788762600000,14:30:00,9_24_16_15_84_,19_22_10_16_27_,0,000000,21,31.9500,12,12,31.6000,31.0000,鴻華先進-創,31.9500,0,tse,22,13:30:00,33.3000,759,27.3000,鴻華先進科技股份有限公司,30.3000,31.5000,0,TWSE,
2301.tw,1331,1283,9.tse.tw|16983,298.5000,0,48,301.0000,300.5000,000000,20260907,tse_2301.tw_20260907,299.0000_299.5000_300.0000_300.5000_301.0000_,298.5000_298.0000_297.5000_297.0000_296.5000_,2301,13.tse.tw|2525,20260907,14:30:00,2301.tw,1788762600000,14:30:00,36_132_803_113_121_,263_573_225_496_325_,0,000000,7651,314.0000,25,12,300.5000,297.0000,光寶科,314.0000,0,tse,1331,13:30:00,338.5000,24136,277.5000,光寶科技股份有限公司,308.0000,299.0000,0,TWSE,
2302.tw,126,126,9.tse.tw|16984,43.3000,0,6,43.3000,43.1000,000000,20260907,tse_2302.tw_20260907,43.3500_43.4000_43.4500_43.5000_43.5500_,43.3000_43.2500_43.2000_43.1500_43.1000_,2302,13.tse.tw|2662,20260907,14:30:00,2302.tw,1788762600000,14:30:00,37_1_5_2_6_,18_6_37_29_63_,0,000000,541,45.0000,24,12,43.1000,43.1000,麗正,43.5000,0,tse,126,13:30:00,47.4000,3843,38.8000,麗正國際科技股份有限公司,43.1000,43.3000,0,TWSE,
2303.tw,838,827,9.tse.tw|16985,143.0000,0,50,0.0000,143.0000,000000,20260907,tse_2303.tw_20260907,-,143.0000_142.5000_142.0000_141.5000_141.0000_,2303,13.tse.tw|2799,20260907,14:30:00,2303.tw,1788762600000,14:30:00,-,77476_1058_1603_1136_983_,0,000000,77880,143.0000,24,12,143.0000,134.0000,聯電,134.5000,0,tse,838,13:30:00,143.0000,331715,117.0000,聯華電子股份有限公司,130.0000,143.0000,0,TWSE,
2305.tw,449,449,9.tse.tw|16986,33.4000,0,22,33.4500,33.3500,000000,20260907,tse_2305.tw_20260907,33.4500_33.5000_33.5500_33.6000_33.6500_,33.4000_33.3500_33.3000_33.2500_33.2000_,2305,13.tse.tw|2936,20260907,14:30:00,2305.tw,1788762600000,14:30:00,49_16_1_10_37_,50_14_23_29_30_,0,000000,3860,33.7000,25,12,33.3500,30.5500,全友,31.1000,0,tse,449,13:30:00,33.9000,12408,27.8000,全友電腦股份有限公司,30.8500,33.4000,0,TWSE,
2308.tw,641,606,9.tse.tw|16987,1850.0000,0,16,1850.0000,1845.0000,000000,20260907,tse_2308.tw_20260907,1850.0000_1855.0000_1860.0000_1865.0000_1870.0000_,1845.0000_1840.0000_1835.0000_1830.0000_1825.0000_,2308,13.tse.tw|3072,20260907,14:30:00,2308.tw,1788762600000,14:30:00,46_114_234_261_229_,66_74_168_129_216_,0,000000,11450,1885.0000,28,12,1850.0000,1825.0000,台達電,1845.0000,0,tse,641,13:30:00,2005.0000,6927,1645.0000,台達電子工業股份有限公司,1825.0000,1850.0000,0,TWSE,
2312.tw,550,550,9.tse.tw|16988,32.3000,0,37,32.5000,32.4000,000000,20260907,tse_2312.tw_20260907,32.3500_32.4000_32.4500_32.5000_32.5500_,32.3000_32.2500_32.2000_32.1500_32.1000_,2312,13.tse.tw|3208,20260907,14:30:00,2312.tw,1788762600000,14:30:00,22_41_107_102_83_,39_37_104_27_245_,0,000000,2222,33.3500,31,12,32.4000,31.8500,金寶,33.3500,0,tse,550,13:30:00,36.1000,11733,29.6000,金寶電子工業股份有限公司,32.8500,32.3000,0,TWSE,
2313.tw,2422,2421,9.tse.tw|16989,240.0000,0,34,243.0000,242.0000,000000,20260907,tse_2313.tw_20260907,240.5000_241.0000_241.5000_242.0000_242.5000_,240.0000_239.5000_239.0000_238.5000_238.0000_,2313,13.tse.tw|3344,20260907,14:30:00,2313.tw,1788762600000,14:30:00,145_201_220_286_254_,739_159_600_279_687_,0,000000,11658,258.0000,28,12,242.0000,239.0000,華通,252.5000,0,tse,2422,13:30:00,274.0000,55478,225.0000,華通電腦股份有限公司,249.5000,240.0000,0,TWSE,
2314.tw,6,6,9.tse.tw|16990,11.2000,0,2,11.2000,11.1000,000000,20260907,tse_2314.tw_20260907,11.2500_11.3000_11.3500_11.4000_11.5000_,11.2000_11.1500_11.1000_11.0000_10.9500_,2314,13.tse.tw|2046,20260907,14:30:00,2314.tw,1788762600000,14:30:00,31_2_6_15_2_,1_31_19_11_1_,0,000000,301,11.3500,27,12,11.2000,11.1500,台揚,11.3500,0,tse,6,13:30:00,12.4500,36,10.2500,台揚科技股份有限公司,11.3500,11.2000,0,TWSE,
2316.tw,61,55,9.tse.tw|16991,159.0000,0,5,159.0000,158.0000,000000,20260907,tse_2316.tw_20260907,159.0000_159.5000_160.0000_160.5000_161.0000_,158.5000_158.0000_157.5000_157.0000_156.5000_,2316,13.tse.tw|2183,20260907,14:30:00,2316.tw,1788762600000,14:30:00,6_4_8_23_44_,33_22_23_29_78_,0,000000,3537,162.0000,28,12,158.0000,155.0000,楠梓電,156.5000,0,tse,61,13:30:00,170.5000,1634,139.5000,楠梓電子股份有限公司,155.0000,159.0000,0,TWSE,
2317.tw,1650,1442,9.tse.tw|16992,256.0000,0,42,256.5000,256.0000,000000,20260907,tse_2317.tw_20260907,256.0000_256.5000_257.0000_257.5000_258.0000_,255.5000_255.0000_254.5000_254.0000_253.5000_,2317,13.tse.tw|2320,20260907,14:30:00,2317.tw,1788762600000,14:30:00,134_668_877_791_1643_,273_600_340_517_542_,0,000000,30225,259.0000,31,12,256.0000,252.5000,鴻海,258.5000,0,tse,1650,13:30:00,281.5000,33078,230.5000,鴻海精密工業股份有限公司,256.0000,256.0000,0,TWSE,
2321.tw,-,-,20.tse.tw|2230490,-,0,0,14.4000,14.2000,000000,20260907,tse_2321.tw_20260907,14.5000_14.9500_15.0000_15.0500_15.3000_,14.0000_13.5500_13.5000_13.4500_13.4000_,2321,13.tse.tw|2457,20260907,14:30:00,2321.tw,1788762600000,14:30:00,2_3_2_1_2_,1_2_4_3_3_,0,000000,894,14.4000,27,12,14.2000,13.4500,東訊,13.4500,0,tse,-,13:30:00,15.9500,4,13.0500,東訊股份有限公司,14.5000,-,0,TWSE,
2323.tw,118,117,9.tse.tw|16994,10.8000,0,4,10.8000,10.7500,000000,20260907,tse_2323.tw_20260907,10.8500_10.9000_10.9500_11.0000_11.0500_,10.8000_10.7500_10.7000_10.6500_10.6000_,2323,13.tse.tw|2594,20260907,14:30:00,2323.tw,1788762600000,14:30:00,50_194_257_267_252_,3_136_561_679_1022_,0,000000,3148,10.9000,26,12,10.7500,10.7500,中環,10.8500,0,tse,118,13:30:00,11.8500,4148,9.7200,中環股份有限公司,10.8000,10.8000,0,TWSE,
2324.tw,6422,6000,9.tse.tw|16995,40.0000,0,184,40.2000,40.1500,000000,20260907,tse_2324.tw_20260907,40.0500_40.1000_40.1500_40.2000_40.2500_,40.0000_39.9500_39.9000_39.8500_39.8000_,2324,13.tse.tw|2731,20260907,14:30:00,2324.tw,1788762600000,14:30:00,255_274_489_351_417_,331_637_357_247_509_,0,000000,8256,41.6000,25,12,40.2000,39.2000,仁寶,41.6000,0,tse,6422,13:30:00,45.7500,124776,37.4500,仁寶電腦工業股份有限公司,41.6000,40.0500,0,TWSE,
2327.tw,1651,1649,9.tse.tw|16996,589.0000,0,134,591.0000,590.0000,000000,20260907,tse_2327.tw_20260907,589.0000_590.0000_591.0000_592.0000_593.0000_,588.0000_587.0000_586.0000_585.0000_584.0000_,2327,13.tse.tw|2868,20260907,14:30:00,2327.tw,1788762600000,14:30:00,199_216_173_229_239_,79_84_117_215_210_,0,000000,25675,605.0000,28,12,590.0000,570.0000,國巨*,575.0000,0,tse,1651,13:30:00,618.0000,68245,506.0000,國巨股份有限公司,562.0000,589.0000,0,TWSE,
2328.tw,86,86,9.tse.tw|16997,46.0000,0,12,46.1500,46.1000,000000,20260907,tse_2328.tw_20260907,46.0500_46.1000_46.1500_46.2000_46.2500_,46.0000_45.9500_45.9000_45.8500_45.8000_,2328,13.tse.tw|3005,20260907,14:30:00,2328.tw,1788762600000,14:30:00,4_14_16_10_17_,1_13_13_9_22_,0,000000,393,47.3000,28,12,46.1000,45.8000,廣宇,47.2000,0,tse,86,13:30:00,51.2000,1568,41.9500,廣宇科技股份有限公司,46.6000,46.0000,0,TWSE,
2329.tw,76,72,9.tse.tw|16998,43.3000,0,2,43.3000,43.2000,000000,20260907,tse_2329.tw_20260907,43.3000_43.3500_43.4000_43.4500_43.5000_,43.2500_43.2000_43.1500_43.1000_43.0500_,2329,13.tse.tw|3141,20260907,14:30:00,2329.tw,1788762600000,14:30:00,4_7_21_14_35_,37_41_22_26_5_,0,000000,834,43.9000,24,12,43.2000,43.1500,華泰,43.5000,0,tse,76,13:30:00,47.1500,1441,38.6500,華泰電子股份有限公司,42.9000,43.3000,0,TWSE,
2330.tw,2436,2147,9.tse.tw|16999,2460.0000,0,29,2455.0000,2450.0000,000000,20260907,tse_2330.tw_20260907,2460.0000_2465.0000_2470.0000_2475.0000_2480.0000_,2455.0000_2450.0000_2445.0000_2440.0000_2435.0000_,2330,13.tse.tw|3277,20260907,14:30:00,2330.tw,1788762600000,14:30:00,885_1002_1280_788_838_,119_262_216_418_610_,0,000000,49044,2460.0000,24,12,2455.0000,2430.0000,台積電,2435.0000,0,tse,2436,13:30:00,2650.0000,22348,2170.0000,台灣積體電路製造股份有限公司,2410.0000,2460.0000,0,TWSE,
2331.tw,105,99,20.tse.tw|2230796,19.3500,0,0,19.5500,19.2000,000000,20260907,tse_2331.tw_20260907,19.4000_19.4500_19.5000_19.5500_19.6000_,19.3500_19.3000_19.2500_19.2000_19.1500_,2331,13.tse.tw|2115,20260907,14:30:00,2331.tw,1788762600000,14:30:00,14_20_65_21_26_,1_117_119_125_109_,0,000000,1514,19.9000,25,12,19.2000,19.2500,精英,19.9000,0,tse,105,13:30:00,21.5500,1112,17.6500,精英電腦股份有限公司,19.6000,19.3500,0,TWSE,
2332.tw,567,562,9.tse.tw|17001,19.4500,0,24,19.7500,19.5000,000000,20260907,tse_2332.tw_20260907,19.5000_19.5500_19.6000_19.6500_19.7000_,19.4500_19.4000_19.3500_19.3000_19.2500_,2332,13.tse.tw|2252,20260907,14:30:00,2332.tw,1788762600000,14:30:00,37_90_141_85_91_,46_262_117_144_179_,0,000000,1110,19.8000,27,12,19.7500,19.1500,友訊,19.7000,0,tse,567,13:30:00,21.5000,11546,17.6000,友訊科技股份有限公司,19.5500,19.4500,0,TWSE,
2337.tw,2302,2249,9.tse.tw|17002,124.5000,0,84,125.0000,124.5000,000000,20260907,tse_2337.tw_20260907,124.5000_125.0000_125.5000_126.0000_126.5000_,124.0000_123.5000_123.0000_122.5000_122.0000_,2337,13.tse.tw|2389,20260907,14:30:00,2337.tw,1788762600000,14:30:00,35_1672_816_2040_1652_,786_1424_1097_477_587_,0,000000,9614,126.5000,24,12,124.5000,123.0000,旺宏,124.5000,0,tse,2302,13:30:00,133.5000,28305,109.5000,旺宏電子股份有限公司,121.5000,124.5000,0,TWSE,
2338.tw,43,43,20.tse.tw|2230299,38.5500,0,0,39.1000,38.6500,000000,20260907,tse_2338.tw_20260907,38.5500_38.6000_38.6500_38.7000_38.7500_,38.5000_38.4500_38.3500_38.3000_38.2500_,2338,13.tse.tw|2526,20260907,14:30:00,2338.tw,1788762600000,14:30:00,5_5_4_11_8_,9_8_2_7_4_,0,000000,541,39.2000,24,12,38.6500,38.2500,光罩,39.0000,0,tse,43,13:30:00,42.4500,921,34.7500,台灣光罩股份有限公司,38.6000,38.5500,0,TWSE,
2340.tw,91,91,9.tse.tw|17004,33.2000,0,11,33.3000,33.2000,000000,20260907,tse_2340.tw_20260907,33.2500_33.3000_33.3500_33.4000_33.4500_,33.2000_33.1500_33.1000_33.0500_33.0000_,2340,13.tse.tw|2663,20260907,14:30:00,2340.tw,1788762600000,14:30:00,5_31_6_19_6_,29_14_79_43_95_,0,000000,1290,34.6000,24,12,33.2000,33.0500,台亞,34.2000,0,tse,91,13:30:00,37.4500,2760,30.6500,台亞半導體股份有限公司,34.0500,33.2000,0,TWSE,
2342.tw,109,109,9.tse.tw|17005,39.7500,0,10,39.6000,39.5000,000000,20260907,tse_2342.tw_20260907,39.8000_40.0000_40.0500_40.1000_40.1500_,39.7500_39.7000_39.6500_39.6000_39.5500_,2342,13.tse.tw|2800,20260907,14:30:00,2342.tw,1788762600000,14:30:00,27_4_1_11_7_,56_39_11_30_11_,0,000000,1488,41.2000,24,12,39.6000,39.5500,茂矽,40.3000,0,tse,109,13:30:00,43.6500,2834,35.7500,台灣茂矽電子股份有限公司,39.7000,39.7500,0,TWSE,
2344.tw,5479,5348,9.tse.tw|17006,180.0000,0,258,180.5000,180.0000,000000,20260907,tse_2344.tw_20260907,180.5000_181.0000_181.5000_182.0000_182.5000_,180.0000_179.5000_179.0000_178.5000_178.0000_,2344,13.tse.tw|2937,20260907,14:30:00,2344.tw,1788762600000,14:30:00,103_637_1288_3047_2778_,2050_1318_1945_1001_1522_,0,000000,24280,183.5000,24,12,180.5000,178.0000,華邦電,181.0000,0,tse,5479,13:30:00,191.0000,116529,157.0000,華邦電子股份有限公司,174.0000,180.0000,0,TWSE,
2345.tw,127,127,9.tse.tw|17007,2100.0000,0,1,2120.0000,2115.0000,000000,20260907,tse_2345.tw_20260907,2105.0000_2110.0000_2115.0000_2120.0000_2125.0000_,2100.0000_2095.0000_2090.0000_2085.0000_2080.0000_,2345,13.tse.tw|3073,20260907,14:30:00,2345.tw,1788762600000,14:30:00,10_18_19_16_12_,21_35_46_40_38_,0,000000,992,2155.0000,27,12,2115.0000,2090.0000,智邦,2150.0000,0,tse,127,13:30:00,2310.0000,1879,1890.0000,智邦科技股份有限公司,2100.0000,2100.0000,0,TWSE,
2347.tw,202,188,9.tse.tw|17008,89.3000,0,5,90.8000,89.7000,000000,20260907,tse_2347.tw_20260907,89.4000_89.5000_89.6000_89.7000_89.8000_,89.3000_89.2000_89.1000_89.0000_88.9000_,2347,13.tse.tw|3209,20260907,14:30:00,2347.tw,1788762600000,14:30:00,15_6_11_34_34_,9_51_28_36_23_,0,000000,1332,89.8000,29,12,89.7000,87.3000,聯強,89.0000,0,tse,202,13:30:00,96.8000,2633,79.2000,聯強國際股份有限公司,88.0000,89.3000,0,TWSE,
2348.tw,8,8,20.tse.tw|2231069,71.2000,0,0,71.5000,71.2000,000000,20260907,tse_2348.tw_20260907,71.3000_71.5000_71.9000_72.0000_72.1000_,71.2000_71.0000_70.9000_70.8000_70.7000_,2348,13.tse.tw|3345,20260907,14:30:00,2348.tw,1788762600000,14:30:00,8_7_1_24_2_,1_8_8_9_31_,0,000000,298,72.3000,20,12,71.2000,70.8000,海悅,72.2000,0,tse,8,13:30:00,79.3000,353,64.9000,海悅國際開發股份有限公司,72.1000,71.2000,0,TWSE,
2349.tw,40,40,20.tse.tw|2231070,10.8000,0,0,10.8000,10.7500,000000,20260907,tse_2349.tw_20260907,10.8500_10.9000_10.9500_11.0000_11.0500_,10.8000_10.7500_10.7000_10.6500_10.6000_,2349,13.tse.tw|2184,20260907,14:30:00,2349.tw,1788762600000,14:30:00,56_16_75_79_10_,13_146_289_141_258_,0,000000,3048,11.1500,26,12,10.7500,10.7500,錸德,11.1500,0,tse,40,13:30:00,12.0000,1834,9.8600,錸德科技股份有限公司,10.9500,10.8000,0,TWSE,
2351.tw,206,206,9.tse.tw|17012,233.0000,0,5,236.5000,235.0000,000000,20260907,tse_2351.tw_20260907,234.0000_234.5000_235.0000_235.5000_236.0000_,233.5000_233.0000_232.5000_232.0000_231.5000_,2351,13.tse.tw|2321,20260907,14:30:00,2351.tw,1788762600000,14:30:00,19_19_45_23_33_,16_107_32_49_51_,0,000000,637,244.5000,24,12,235.0000,229.0000,順德,236.0000,0,tse,206,13:30:00,263.0000,7150,216.0000,順德工業股份有限公司,239.5000,233.5000,0,TWSE,
2352.tw,204,182,9.tse.tw|17013,29.0000,0,65,29.1000,29.0000,000000,20260907,tse_2352.tw_20260907,29.0000_29.0500_29.1000_29.1500_29.2000_,28.9500_28.9000_28.8500_28.8000_28.7500_,2352,13.tse.tw|2458,20260907,14:30:00,2352.tw,1788762600000,14:30:00,49_28_93_43_32_,11_14_17_60_118_,0,000000,4261,29.7000,25,12,29.0000,28.6000,佳世達,29.7000,0,tse,204,13:30:00,32.1500,5659,26.3500,佳世達科技股份有限公司,29.2500,29.0000,0,TWSE,
2353.tw,2084,1963,9.tse.tw|17014,32.3000,0,66,32.2500,32.2000,000000,20260907,tse_2353.tw_20260907,32.3000_32.3500_32.4000_32.4500_32.5000_,32.2500_32.2000_32.1500_32.1000_32.0500_,2353,13.tse.tw|2595,20260907,14:30:00,2353.tw,1788762600000,14:30:00,410_443_253_120_422_,9_3_13_139_89_,0,000000,7129,33.0500,25,12,32.2000,31.6500,宏碁,33.0000,0,tse,2084,13:30:00,35.9500,28833,29.4500,宏碁股份有限公司,32.7000,32.3000,0,TWSE,
2354.tw,417,415,9.tse.tw|17015,65.7000,0,60,65.8000,65.7000,000000,20260907,tse_2354.tw_20260907,65.7000_65.8000_65.9000_66.0000_66.1000_,65.6000_65.5000_65.4000_65.3000_65.2000_,2354,13.tse.tw|2732,20260907,14:30:00,2354.tw,1788762600000,14:30:00,62_91_90_289_189_,67_166_77_165_137_,0,000000,3369,66.8000,31,12,65.8000,64.7000,鴻準,66.7000,0,tse,417,13:30:00,72.1000,11387,59.1000,鴻準精密工業股份有限公司,65.6000,65.7000,0,TWSE,
2355.tw,62,62,9.tse.tw|17016,42.2000,0,4,42.3500,42.3000,000000,20260907,tse_2355.tw_20260907,42.3000_42.3500_42.4000_42.4500_42.5000_,42.2000_42.1500_42.1000_42.0500_42.0000_,2355,13.tse.tw|2869,20260907,14:30:00,2355.tw,1788762600000,14:30:00,3_21_14_16_22_,26_32_55_28_86_,0,000000,486,43.3000,28,12,42.3000,42.1000,敬鵬,42.9500,0,tse,62,13:30:00,47.0500,1236,38.5500,敬鵬工業股份有限公司,42.8000,42.2000,0,TWSE,
2356.tw,1704,1543,9.tse.tw|17017,66.1000,0,39,66.4000,66.3000,000000,20260907,tse_2356.tw_20260907,66.2000_66.3000_66.4000_66.5000_66.6000_,66.1000_66.0000_65.9000_65.8000_65.7000_,2356,13.tse.tw|3006,20260907,14:30:00,2356.tw,1788762600000,14:30:00,247_238_255_314_197_,24_171_190_212_314_,0,000000,3754,68.2000,25,12,66.3000,65.2000,英業達,68.2000,0,tse,1704,13:30:00,74.2000,24693,60.8000,英業達股份有限公司,67.5000,66.1000,0,TWSE,
2357.tw,522,516,9.tse.tw|17018,1005.0000,0,3,1005.0000,1000.0000,000000,20260907,tse_2357.tw_20260907,999.0000_1000.0000_1005.0000_1010.0000_1015.0000_,996.0000_995.0000_994.0000_993.0000_992.0000_,2357,13.tse.tw|3142,20260907,14:30:00,2357.tw,1788762600000,14:30:00,19_61_238_144_116_,3_3_16_45_29_,0,000000,1569,1025.0000,25,12,1000.0000,981.0000,華碩,1025.0000,0,tse,522,13:30:00,1125.0000,4827,923.0000,華碩電腦股份有限公司,1025.0000,999.0000,0,TWSE,
2359.tw,148,148,9.tse.tw|17019,142.0000,0,1,143.0000,142.0000,000000,20260907,tse_2359.tw_20260907,142.5000_143.0000_143.5000_144.0000_144.5000_,142.0000_141.5000_141.0000_140.5000_140.0000_,2359,13.tse.tw|3278,20260907,14:30:00,2359.tw,1788762600000,14:30:00,14_47_80_134_39_,26_84_126_103_175_,0,000000,1285,144.0000,31,12,142.0000,141.5000,所羅門,143.0000,0,tse,148,13:30:00,156.0000,2090,128.0000,所羅門股份有限公司,142.0000,142.0000,0,TWSE,
2360.tw,13,13,20.tse.tw|2230648,2230.0000,0,0,0.0000,2230.0000,000000,20260907,tse_2360.tw_20260907,-,2230.0000_2225.0000_2220.0000_2215.0000_2210.0000_,2360,13.tse.tw|2116,20260907,14:30:00,2360.tw,1788762600000,14:30:00,-,547_8_8_8_8_,0,000000,821,2230.0000,31,12,2230.0000,2100.0000,致茂,2140.0000,0,tse,13,13:30:00,2230.0000,1593,1830.0000,致茂電子股份有限公司,2030.0000,2230.0000,0,TWSE,
2362.tw,74,69,20.tse.tw|2231072,47.8500,0,0,48.1000,47.8000,000000,20260907,tse_2362.tw_20260907,47.9500_48.0000_48.0500_48.1000_48.1500_,47.9000_47.8500_47.8000_47.7500_47.7000_,2362,13.tse.tw|2253,20260907,14:30:00,2362.tw,1788762600000,14:30:00,4_4_5_6_7_,2_10_49_22_14_,0,000000,445,49.4500,25,12,47.8000,47.7500,藍天,49.4500,0,tse,74,13:30:00,54.2000,1164,44.4000,藍天電腦股份有限公司,49.3000,47.9500,0,TWSE,
2363.tw,438,426,9.tse.tw|17022,52.5000,0,13,52.6000,52.5000,000000,20260907,tse_2363.tw_20260907,52.6000_52.7000_52.8000_52.9000_53.0000_,52.5000_52.4000_52.3000_52.2000_52.1000_,2363,13.tse.tw|2390,20260907,14:30:00,2363.tw,1788762600000,14:30:00,26_86_4_16_54_,266_39_87_84_77_,0,000000,3728,53.4000,24,12,52.5000,51.1000,矽統,52.0000,0,tse,438,13:30:00,56.2000,9082,46.0000,矽統科技股份有限公司,51.1000,52.5000,0,TWSE,
2364.tw,15,15,20.tse.tw|2230302,66.2000,0,0,66.5000,66.2000,000000,20260907,tse_2364.tw_20260907,66.2000_66.3000_66.4000_66.5000_66.7000_,66.1000_66.0000_65.9000_65.8000_65.7000_,2364,13.tse.tw|2527,20260907,14:30:00,2364.tw,1788762600000,14:30:00,1_5_2_4_3_,3_3_6_14_15_,0,000000,131,67.4000,25,12,66.2000,65.5000,倫飛,67.4000,0,tse,15,13:30:00,74.1000,377,60.7000,倫飛電腦實業股份有限公司,67.4000,66.2000,0,TWSE,
2365.tw,40,40,20.tse.tw|2230799,28.6500,0,0,29.3500,29.1500,000000,20260907,tse_2365.tw_20260907,28.7000_28.7500_28.8000_28.8500_28.9000_,28.6500_28.6000_28.5500_28.5000_28.4500_,2365,13.tse.tw|2664,20260907,14:30:00,2365.tw,1788762600000,14:30:00,4_7_6_12_29_,16_54_58_69_13_,0,000000,218,29.5000,25,12,29.3500,28.3000,昆盈,29.5000,0,tse,40,13:30:00,32.0500,772,26.2500,昆盈企業股份有限公司,29.1500,28.6500,0,TWSE,
2367.tw,247,247,9.tse.tw|17025,42.4000,0,4,43.6000,42.7000,000000,20260907,tse_2367.tw_20260907,42.4000_42.4500_42.5000_42.5500_42.6000_,42.3500_42.3000_42.2500_42.2000_42.1500_,2367,13.tse.tw|2801,20260907,14:30:00,2367.tw,1788762600000,14:30:00,9_29_27_16_18_,54_143_51_45_22_,0,000000,1115,43.6500,28,12,43.6000,42.3000,燿華,43.6000,0,tse,247,13:30:00,47.4000,3081,38.8000,燿華電子股份有限公司,43.1000,42.4000,0,TWSE,
2368.tw,215,189,9.tse.tw|17026,1120.0000,0,9,1130.0000,1125.0000,000000,20260907,tse_2368.tw_20260907,1120.0000_1125.0000_1130.0000_1135.0000_1140.0000_,1115.0000_1110.0000_1105.0000_1100.0000_1095.0000_,2368,13.tse.tw|2938,20260907,14:30:00,2368.tw,1788762600000,14:30:00,24_63_88_93_72_,67_81_51_636_60_,0,000000,2528,1145.0000,28,12,1125.0000,1060.0000,金像電,1090.0000,0,tse,215,13:30:00,1145.0000,7836,941.0000,金像電子(股)公司,1045.0000,1120.0000,0,TWSE,
2369.tw,187,187,9.tse.tw|17027,30.9500,0,5,31.0500,31.0000,000000,20260907,tse_2369.tw_20260907,31.0000_31.0500_31.1000_31.1500_31.2000_,30.9500_30.9000_30.8500_30.8000_30.7500_,2369,13.tse.tw|3074,20260907,14:30:00,2369.tw,1788762600000,14:30:00,11_10_46_16_22_,18_60_34_155_57_,0,000000,784,31.7500,24,12,31.0000,30.9000,菱生,31.4500,0,tse,187,13:30:00,34.1500,3215,27.9500,菱生精密工業股份有限公司,31.0500,30.9500,0,TWSE,
2371.tw,326,326,9.tse.tw|17028,28.1500,0,6,28.0000,27.6500,000000,20260907,tse_2371.tw_20260907,28.2000_28.2500_28.3000_28.3500_28.4000_,28.1500_28.1000_28.0500_28.0000_27.9500_,2371,13.tse.tw|3210,20260907,14:30:00,2371.tw,1788762600000,14:30:00,181_89_126_178_282_,45_22_95_207_117_,0,000000,4850,28.3500,05,12,27.6500,27.8000,大同,28.3000,0,tse,326,13:30:00,30.9500,5138,25.3500,大同股份有限公司,28.1500,28.1500,0,TWSE,
2373.tw,14,14,20.tse.tw|2231427,53.8000,0,0,53.8000,53.1000,000000,20260907,tse_2373.tw_20260907,53.8000_53.9000_54.0000_54.1000_54.2000_,53.2000_52.9000_52.8000_52.7000_52.6000_,2373,13.tse.tw|3346,20260907,14:30:00,2373.tw,1788762600000,14:30:00,6_2_9_3_1_,1_2_5_4_10_,0,000000,883,53.8000,31,12,53.1000,52.9000,震旦行,53.2000,0,tse,14,13:30:00,58.5000,50,47.9000,震旦行股份有限公司,53.2000,53.8000,0,TWSE,
2374.tw,80,80,9.tse.tw|17030,67.5000,0,11,68.5000,68.1000,000000,20260907,tse_2374.tw_20260907,67.6000_67.7000_67.8000_67.9000_68.0000_,67.5000_67.4000_67.3000_67.2000_67.1000_,2374,13.tse.tw|2048,20260907,14:30:00,2374.tw,1788762600000,14:30:00,4_13_65_18_19_,31_25_56_29_63_,0,000000,2657,69.0000,26,12,68.1000,67.3000,佳能,68.9000,0,tse,80,13:30:00,75.1000,1859,61.5000,佳能企業股份有限公司,68.3000,67.5000,0,TWSE,
2375.tw,273,252,9.tse.tw|17031,127.0000,0,9,127.5000,127.0000,000000,20260907,tse_2375.tw_20260907,127.5000_128.0000_128.5000_129.0000_129.5000_,127.0000_126.5000_126.0000_125.5000_125.0000_,2375,13.tse.tw|2185,20260907,14:30:00,2375.tw,1788762600000,14:30:00,9_13_40_53_58_,15_80_101_99_161_,0,000000,1954,130.5000,28,12,127.0000,126.0000,凱美,128.0000,0,tse,273,13:30:00,137.5000,4817,112.5000,凱美電機股份有限公司,125.0000,127.0000,0,TWSE,
2376.tw,311,309,9.tse.tw|17032,366.0000,0,9,365.0000,364.5000,000000,20260907,tse_2376.tw_20260907,365.0000_365.5000_366.0000_366.5000_367.0000_,364.0000_363.5000_363.0000_362.5000_362.0000_,2376,13.tse.tw|2322,20260907,14:30:00,2376.tw,1788762600000,14:30:00,27_27_90_136_72_,14_4_25_32_30_,0,000000,3190,371.0000,25,12,365.0000,361.0000,技嘉,369.5000,0,tse,311,13:30:00,397.0000,5165,325.0000,技嘉科技股份有限公司,361.0000,364.5000,0,TWSE,
2377.tw,997,997,9.tse.tw|17033,158.5000,0,40,159.5000,159.0000,000000,20260907,tse_2377.tw_20260907,159.0000_159.5000_160.0000_160.5000_161.0000_,158.5000_158.0000_157.5000_157.0000_156.5000_,2377,13.tse.tw|2459,20260907,14:30:00,2377.tw,1788762600000,14:30:00,488_374_352_177_125_,4_21_177_451_323_,0,000000,4304,164.0000,25,12,159.0000,156.0000,微星,164.0000,0,tse,997,13:30:00,177.5000,13974,145.5000,微星科技股份有限公司,161.5000,158.5000,0,TWSE,
2379.tw,422,398,9.tse.tw|17034,728.0000,0,9,732.0000,731.0000,000000,20260907,tse_2379.tw_20260907,729.0000_730.0000_731.0000_732.0000_733.0000_,728.0000_727.0000_726.0000_725.0000_724.0000_,2379,13.tse.tw|2596,20260907,14:30:00,2379.tw,1788762600000,14:30:00,12_12_6_25_21_,18_41_29_65_21_,0,000000,2494,738.0000,24,12,732.0000,706.0000,瑞昱,720.0000,0,tse,422,13:30:00,784.0000,2688,642.0000,瑞昱半導體股份有限公司,713.0000,729.0000,0,TWSE,
2380.tw,2,2,20.tse.tw|2231429,18.3000,0,0,18.3500,18.3000,000000,20260907,tse_2380.tw_20260907,18.5000_18.5500_18.6000_18.8000_19.0500_,18.2500_18.2000_18.1500_18.1000_18.0500_,2380,13.tse.tw|2733,20260907,14:30:00,2380.tw,1788762600000,14:30:00,14_1_51_3_2_,2_4_6_7_3_,0,000000,809,19.2500,25,12,18.3000,17.6000,虹光,19.2500,0,tse,2,13:30:00,20.0000,127,16.4000,虹光精密工業股份有限公司,18.2000,18.3000,0,TWSE,
2382.tw,1905,1869,9.tse.tw|17036,348.0000,0,16,348.0000,347.5000,000000,20260907,tse_2382.tw_20260907,347.5000_348.0000_348.5000_349.0000_349.5000_,346.0000_345.5000_345.0000_344.5000_344.0000_,2382,13.tse.tw|2870,20260907,14:30:00,2382.tw,1788762600000,14:30:00,214_327_209_370_150_,3_12_101_51_73_,0,000000,6691,351.5000,25,12,347.5000,340.5000,廣達,350.0000,0,tse,1905,13:30:00,379.5000,13272,310.5000,廣達電腦股份有限公司,345.0000,347.5000,0,TWSE,
2383.tw,98,98,9.tse.tw|17037,5495.0000,0,1,5505.0000,5500.0000,000000,20260907,tse_2383.tw_20260907,5495.0000_5500.0000_5505.0000_5510.0000_5515.0000_,5490.0000_5480.0000_5470.0000_5455.0000_5450.0000_,2383,13.tse.tw|3007,20260907,14:30:00,2383.tw,1788762600000,14:30:00,3_9_14_6_5_,2_1_10_4_6_,0,000000,217,5580.0000,28,12,5500.0000,5280.0000,台光電,5550.0000,0,tse,98,13:30:00,5955.0000,1417,4875.0000,台光電子材料股份有限公司,5415.0000,5495.0000,0,TWSE,
2385.tw,284,254,9.tse.tw|17038,111.0000,0,8,110.0000,109.5000,000000,20260907,tse_2385.tw_20260907,110.5000_111.0000_111.5000_112.0000_112.5000_,110.0000_109.5000_109.0000_108.5000_108.0000_,2385,13.tse.tw|3143,20260907,14:30:00,2385.tw,1788762600000,14:30:00,32_224_397_171_120_,81_118_261_224_267_,0,000000,4100,111.5000,28,12,110.0000,109.0000,群光,111.5000,0,tse,284,13:30:00,121.5000,2830,99.5000,群光電子股份有限公司,110.5000,110.5000,0,TWSE,
2387.tw,6,6,20.tse.tw|2230306,36.2000,0,0,36.5500,36.2000,000000,20260907,tse_2387.tw_20260907,36.2000_36.2500_36.3000_36.3500_36.4000_,36.1500_36.1000_36.0000_35.9500_35.9000_,2387,13.tse.tw|3279,20260907,14:30:00,2387.tw,1788762600000,14:30:00,6_5_5_4_8_,3_1_64_16_16_,0,000000,100,36.4000,25,12,36.5500,36.0000,精元,36.4000,0,tse,6,13:30:00,40.0000,321,32.8000,精元電腦股份有限公司,36.4000,36.2000,0,TWSE,
2388.tw,551,551,9.tse.tw|17040,77.7000,0,9,78.2000,78.0000,000000,20260907,tse_2388.tw_20260907,77.8000_78.0000_78.1000_78.2000_78.3000_,77.7000_77.6000_77.5000_77.4000_77.3000_,2388,13.tse.tw|2117,20260907,14:30:00,2388.tw,1788762600000,14:30:00,5_10_3_32_10_,34_51_186_22_35_,0,000000,2027,83.0000,24,12,78.0000,77.1000,威盛,82.0000,0,tse,551,13:30:00,89.5000,8828,73.3000,威盛電子股份有限公司,81.4000,77.7000,0,TWSE,
2390.tw,8,8,20.tse.tw|2230308,10.0500,0,0,10.3000,10.0500,000000,20260907,tse_2390.tw_20260907,10.1000_10.1500_10.2000_10.2500_10.3000_,10.0500_10.0000_9.9900_9.9800_9.9700_,2390,13.tse.tw|2254,20260907,14:30:00,2390.tw,1788762600000,14:30:00,34_25_42_17_6_,2_65_13_6_5_,0,000000,733,10.2500,31,12,10.0500,10.0000,云辰,10.2500,0,tse,8,13:30:00,11.2500,542,9.2300,云辰電子開發股份有限公司,10.2500,10.0500,0,TWSE,
2392.tw,126,126,9.tse.tw|17042,44.3500,0,15,44.2500,44.1000,000000,20260907,tse_2392.tw_20260907,44.4000_44.4500_44.5000_44.5500_44.6000_,44.3500_44.3000_44.2500_44.2000_44.1500_,2392,13.tse.tw|2391,20260907,14:30:00,2392.tw,1788762600000,14:30:00,11_11_78_13_34_,26_65_18_37_4_,0,000000,1128,46.3000,28,12,44.2500,44.3000,正崴,46.2000,0,tse,126,13:30:00,50.1000,3236,41.0500,正崴精密工業股份有限公司,45.6000,44.3500,0,TWSE,
2393.tw,49,47,9.tse.tw|17043,63.5000,0,3,64.2000,64.0000,000000,20260907,tse_2393.tw_20260907,63.6000_63.7000_63.8000_63.9000_64.0000_,63.5000_63.4000_63.3000_63.2000_63.1000_,2393,13.tse.tw|2528,20260907,14:30:00,2393.tw,1788762600000,14:30:00,8_12_10_9_26_,29_11_34_49_65_,0,000000,294,64.9000,26,12,64.2000,63.2000,億光,64.8000,0,tse,49,13:30:00,71.2000,1570,58.4000,億光電子工業股份有限公司,64.8000,63.5000,0,TWSE,
2395.tw,244,238,9.tse.tw|17044,680.0000,0,10,683.0000,682.0000,000000,20260907,tse_2395.tw_20260907,681.0000_682.0000_683.0000_684.0000_685.0000_,680.0000_679.0000_678.0000_677.0000_676.0000_,2395,13.tse.tw|2665,20260907,14:30:00,2395.tw,1788762600000,14:30:00,16_9_37_12_51_,5_2_34_111_58_,0,000000,2212,727.0000,25,12,683.0000,677.0000,研華,727.0000,0,tse,244,13:30:00,782.0000,3302,640.0000,研華股份有限公司,711.0000,680.0000,0,TWSE,
2397.tw,6,5,20.tse.tw|2231075,61.9000,0,0,65.6000,61.9000,000000,20260907,tse_2397.tw_20260907,62.0000_62.1000_62.2000_62.3000_62.4000_,61.8000_61.7000_61.6000_61.5000_61.4000_,2397,13.tse.tw|2802,20260907,14:30:00,2397.tw,1788762600000,14:30:00,4_1_1_1_5_,4_11_11_7_11_,0,000000,-,62.9000,25,12,0.0000,61.2000,友通,62.9000,0,tse,6,13:30:00,68.4000,220,56.0000,友通資訊股份有限公司,62.2000,61.9000,0,TWSE,
2399.tw,419,419,9.tse.tw|17046,46.8000,0,8,47.4000,47.0000,000000,20260907,tse_2399.tw_20260907,46.8500_46.9000_46.9500_47.0000_47.0500_,46.8000_46.7500_46.7000_46.6500_46.6000_,2399,13.tse.tw|2939,20260907,14:30:00,2399.tw,1788762600000,14:30:00,25_4_3_32_8_,50_47_34_8_44_,0,000000,160,48.4500,25,12,47.0000,46.7000,映泰,47.5000,0,tse,419,13:30:00,52.0000,7365,42.6000,映泰股份有限公司,47.3000,46.8000,0,TWSE,
2401.tw,70,61,20.tse.tw|2231076,25.5000,0,0,25.6500,25.6000,000000,20260907,tse_2401.tw_20260907,25.5500_25.6000_25.6500_25.7000_25.7500_,25.5000_25.4500_25.4000_25.3500_25.3000_,2401,13.tse.tw|3075,20260907,14:30:00,2401.tw,1788762600000,14:30:00,7_10_39_42_37_,41_25_41_70_43_,0,000000,65,25.9500,24,12,25.6000,25.4000,凌陽,25.7000,0,tse,70,13:30:00,28.2500,1710,23.1500,凌陽科技股份有限公司,25.7000,25.5500,0,TWSE,
2402.tw,91,80,9.tse.tw|17048,56.0000,0,8,57.9000,56.4000,000000,20260907,tse_2402.tw_20260907,56.2000_56.3000_56.4000_56.5000_56.6000_,56.1000_56.0000_55.9000_55.8000_55.7000_,2402,13.tse.tw|3211,20260907,14:30:00,2402.tw,1788762600000,14:30:00,8_15_20_7_18_,17_160_21_36_16_,0,000000,200,57.9000,28,12,56.4000,56.0000,毅嘉,57.9000,0,tse,91,13:30:00,62.8000,1263,51.4000,毅嘉科技股份有限公司,57.1000,56.1000,0,TWSE,
2404.tw,76,75,9.tse.tw|17049,1080.0000,0,3,1085.0000,1080.0000,000000,20260907,tse_2404.tw_20260907,1085.0000_1090.0000_1095.0000_1100.0000_1105.0000_,1080.0000_1075.0000_1070.0000_1065.0000_1060.0000_,2404,13.tse.tw|3347,20260907,14:30:00,2404.tw,1788762600000,14:30:00,43_52_47_57_13_,7_33_52_43_33_,0,000000,807,1085.0000,31,12,1085.0000,1060.0000,漢唐,1070.0000,0,tse,76,13:30:00,1175.0000,886,963.0000,漢唐集成股份有限公司,1070.0000,1080.0000,0,TWSE,
2405.tw,59,59,20.tse.tw|2230800,15.0500,0,0,0.0000,15.0500,000000,20260907,tse_2405.tw_20260907,15.0500_15.1000_15.1500_15.2000_15.2500_,15.0000_14.9500_14.9000_14.8500_14.8000_,2405,13.tse.tw|2049,20260907,14:30:00,2405.tw,1788762600000,14:30:00,7_1_13_28_22_,160_75_63_63_201_,0,000000,411,15.2500,25,12,15.0500,14.9500,輔信,15.2000,0,tse,59,13:30:00,16.6000,1057,13.6000,輔信科技股份有限公司,15.1000,15.0500,0,TWSE,
2406.tw,88,88,9.tse.tw|17051,27.2500,0,7,27.2500,27.2000,000000,20260907,tse_2406.tw_20260907,27.3000_27.3500_27.4000_27.4500_27.5000_,27.2500_27.2000_27.1500_27.1000_27.0500_,2406,13.tse.tw|2186,20260907,14:30:00,2406.tw,1788762600000,14:30:00,9_22_28_15_66_,10_248_33_56_38_,0,000000,2451,27.7000,26,12,27.2500,27.2000,國碩,27.5000,0,tse,88,13:30:00,29.9500,2026,24.5500,國碩科技工業股份有限公司,27.2500,27.2500,0,TWSE,
2408.tw,2238,2215,9.tse.tw|17052,517.0000,0,108,517.0000,516.0000,000000,20260907,tse_2408.tw_20260907,517.0000_518.0000_519.0000_520.0000_521.0000_,516.0000_515.0000_514.0000_513.0000_512.0000_,2408,13.tse.tw|2323,20260907,14:30:00,2408.tw,1788762600000,14:30:00,219_558_688_1535_588_,271_183_215_289_232_,0,000000,17547,525.0000,24,12,517.0000,508.0000,南亞科,519.0000,0,tse,2238,13:30:00,545.0000,55261,446.5000,南亞科技股份有限公司,496.0000,517.0000,0,TWSE,
2409.tw,8612,7778,9.tse.tw|17053,28.7000,0,404,28.7000,28.6500,000000,20260907,tse_2409.tw_20260907,28.7500_28.8000_28.8500_28.9000_28.9500_,28.7000_28.6500_28.6000_28.5500_28.5000_,2409,13.tse.tw|2460,20260907,14:30:00,2409.tw,1788762600000,14:30:00,139_307_238_620_336_,934_666_1833_1214_1340_,0,000000,60895,29.4500,26,12,28.7000,26.7000,友達,26.9500,0,tse,8612,13:30:00,29.4500,520840,24.1500,友達光電股份有限公司,26.8000,28.7000,0,TWSE,
2412.tw,530,479,9.tse.tw|17054,137.5000,0,1,138.0000,137.5000,000000,20260907,tse_2412.tw_20260907,138.0000_138.5000_139.0000_139.5000_140.0000_,137.5000_137.0000_136.5000_136.0000_135.5000_,2412,13.tse.tw|2597,20260907,14:30:00,2412.tw,1788762600000,14:30:00,406_1035_872_503_797_,1252_464_1490_564_371_,0,000000,5095,138.5000,27,12,137.5000,136.5000,中華電,138.5000,0,tse,530,13:30:00,151.0000,8887,124.0000,中華電信股份有限公司,137.5000,138.0000,0,TWSE,
2413.tw,367,366,9.tse.tw|17055,48.3500,0,7,50.0000,49.4000,000000,20260907,tse_2413.tw_20260907,48.4000_48.4500_48.5000_48.6000_48.7000_,48.3500_48.3000_48.2500_48.2000_48.1500_,2413,13.tse.tw|2734,20260907,14:30:00,2413.tw,1788762600000,14:30:00,5_4_1_7_11_,39_18_9_1_4_,0,000000,401,49.3000,28,12,49.4000,46.2000,環科,47.8500,0,tse,367,13:30:00,50.3000,9591,41.2500,環隆科技股份有限公司,45.8000,48.3500,0,TWSE,
2414.tw,7,7,20.tse.tw|2230497,52.1000,0,0,52.3000,52.1000,000000,20260907,tse_2414.tw_20260907,52.2000_52.4000_52.5000_52.6000_52.7000_,52.1000_52.0000_51.9000_51.8000_51.7000_,2414,13.tse.tw|2871,20260907,14:30:00,2414.tw,1788762600000,14:30:00,5_1_8_14_1_,12_12_10_17_33_,0,000000,216,52.7000,29,12,52.1000,51.8000,精技,52.7000,0,tse,7,13:30:00,57.7000,118,47.2500,精技電腦股份有限公司,52.5000,52.1000,0,TWSE,
2415.tw,3,3,20.tse.tw|2231080,28.5000,0,0,30.0000,28.7500,000000,20260907,tse_2415.tw_20260907,28.7000_28.7500_28.8000_28.8500_28.9000_,28.5000_28.4500_28.4000_28.3500_28.2000_,2415,13.tse.tw|3008,20260907,14:30:00,2415.tw,1788762600000,14:30:00,1_7_3_6_1_,1_5_16_3_3_,0,000000,100,28.7500,28,12,28.7500,28.3500,錩新,28.4000,0,tse,3,13:30:00,31.0000,146,25.4000,錩新科技股份有限公司,28.2000,28.6000,0,TWSE,
2417.tw,81,80,9.tse.tw|17058,39.8000,0,2,40.4500,40.0500,000000,20260907,tse_2417.tw_20260907,39.8500_39.9000_39.9500_40.0000_40.0500_,39.8000_39.7500_39.7000_39.6500_39.6000_,2417,13.tse.tw|3144,20260907,14:30:00,2417.tw,1788762600000,14:30:00,8_6_2_10_3_,27_19_16_26_28_,0,000000,386,41.7500,25,12,40.0500,39.8000,圓剛,41.7000,0,tse,81,13:30:00,46.6000,1540,38.2000,圓剛科技股份有限公司,42.4000,39.8000,0,TWSE,
2419.tw,92,92,9.tse.tw|17059,26.9500,0,2,27.2000,27.0500,000000,20260907,tse_2419.tw_20260907,27.1000_27.1500_27.2000_27.2500_27.3000_,26.9500_26.9000_26.8500_26.8000_26.7500_,2419,13.tse.tw|3280,20260907,14:30:00,2419.tw,1788762600000,14:30:00,48_7_3_78_13_,5_46_7_39_10_,0,000000,249,27.5500,27,12,27.2000,26.7000,仲琦,27.5000,0,tse,92,13:30:00,29.8000,1657,24.4000,仲琦科技股份有限公司,27.1000,26.9500,0,TWSE,
2420.tw,3,2,20.tse.tw|2231081,54.1000,0,0,55.2000,54.3000,000000,20260907,tse_2420.tw_20260907,54.3000_54.4000_54.5000_54.6000_54.7000_,54.1000_54.0000_53.9000_53.8000_53.7000_,2420,13.tse.tw|2118,20260907,14:30:00,2420.tw,1788762600000,14:30:00,2_5_20_7_7_,2_21_13_15_5_,0,000000,-,55.0000,28,12,0.0000,54.0000,新巨,55.0000,0,tse,3,13:30:00,59.8000,192,49.0000,新巨企業股份有限公司,54.4000,54.2000,0,TWSE,
2421.tw,331,331,9.tse.tw|17061,171.5000,0,5,172.5000,172.0000,000000,20260907,tse_2421.tw_20260907,172.0000_172.5000_173.0000_173.5000_174.0000_,171.5000_171.0000_170.5000_170.0000_169.5000_,2421,13.tse.tw|2255,20260907,14:30:00,2421.tw,1788762600000,14:30:00,72_66_89_51_32_,64_78_81_112_136_,0,000000,2784,178.5000,28,12,172.5000,169.0000,建準,178.0000,0,tse,331,13:30:00,195.5000,6387,160.5000,建準電機工業股份有限公司,178.0000,171.5000,0,TWSE,
2423.tw,2,2,20.tse.tw|2230654,74.3000,0,0,74.6000,74.3000,000000,20260907,tse_2423.tw_20260907,74.4000_74.6000_74.7000_74.8000_74.9000_,74.0000_73.7000_73.6000_73.5000_73.4000_,2423,13.tse.tw|2392,20260907,14:30:00,2423.tw,1788762600000,14:30:00,2_3_1_3_1_,1_1_7_1_1_,0,000000,-,75.0000,31,12,0.0000,73.7000,固緯,75.0000,0,tse,2,13:30:00,80.9000,38,66.3000,固緯電子實業股份有限公司,73.6000,74.3000,0,TWSE,
2424.tw,-,-,20.tse.tw|2231433,-,0,0,8.1300,7.8000,000000,20260907,tse_2424.tw_20260907,8.2500_8.2600_8.2700_8.2800_8.3800_,8.1000_8.0800_8.0600_8.0300_8.0200_,2424,13.tse.tw|2529,20260907,14:30:00,2424.tw,1788762600000,14:30:00,1_1_1_1_1_,1_2_1_2_2_,0,000000,-,8.1000,27,12,0.0000,8.1000,隴華,8.1000,0,tse,-,13:30:00,8.8200,7,7.2200,隴華電子股份有限公司,8.0200,-,0,TWSE,
2425.tw,75,75,9.tse.tw|17064,37.3000,0,3,37.6000,37.4000,000000,20260907,tse_2425.tw_20260907,37.4500_37.6000_37.6500_37.7000_37.8000_,37.3000_37.2500_37.2000_37.1500_37.1000_,2425,13.tse.tw|2666,20260907,14:30:00,2425.tw,1788762600000,14:30:00,2_2_7_8_3_,9_9_9_7_1_,0,000000,53,38.6500,25,12,37.6000,37.3000,承啟,38.5000,0,tse,75,13:30:00,41.6500,739,34.1500,承啟科技股份有限公司,37.9000,37.3000,0,TWSE,
2426.tw,2671,2671,9.tse.tw|17065,99.1000,0,129,100.5000,100.0000,000000,20260907,tse_2426.tw_20260907,99.2000_99.3000_99.4000_99.5000_99.6000_,99.1000_99.0000_98.9000_98.8000_98.7000_,2426,13.tse.tw|2803,20260907,14:30:00,2426.tw,1788762600000,14:30:00,9_33_6_6_1_,270_745_90_70_55_,0,000000,4386,109.5000,26,12,100.0000,99.1000,鼎元,106.0000,0,tse,2671,13:30:00,114.5000,60506,94.1000,鼎元光電科技股份有限公司,104.5000,99.1000,0,TWSE,
2427.tw,126,126,9.tse.tw|17066,21.6500,0,1,21.9000,21.8500,000000,20260907,tse_2427.tw_20260907,22.0500_22.1000_22.1500_22.2000_22.2500_,21.7500_21.7000_21.6500_21.6000_21.5500_,2427,13.tse.tw|2940,20260907,14:30:00,2427.tw,1788762600000,14:30:00,1_5_3_6_4_,17_21_28_27_21_,0,000000,553,22.4500,30,12,21.9000,21.8000,三商電,22.4500,0,tse,126,13:30:00,24.4000,428,20.0000,三商電腦股份有限公司,22.2000,21.8000,0,TWSE,
2428.tw,63,60,9.tse.tw|17067,259.0000,0,1,260.5000,260.0000,000000,20260907,tse_2428.tw_20260907,260.0000_260.5000_261.0000_261.5000_262.0000_,259.5000_259.0000_258.5000_258.0000_257.5000_,2428,13.tse.tw|3076,20260907,14:30:00,2428.tw,1788762600000,14:30:00,4_7_11_12_17_,3_14_13_23_15_,0,000000,291,266.0000,28,12,260.5000,259.0000,興勤,263.0000,0,tse,63,13:30:00,286.0000,1379,234.0000,興勤電子工業股份有限公司,260.0000,259.5000,0,TWSE,
2429.tw,1,1,9.tse.tw|17068,31.0000,0,2,31.1000,31.0000,000000,20260907,tse_2429.tw_20260907,31.2000_31.4000_31.6500_31.7000_31.7500_,31.0000_30.9000_30.8000_30.7000_30.6500_,2429,13.tse.tw|3212,20260907,14:30:00,2429.tw,1788762600000,14:30:00,2_2_5_7_22_,1_2_31_20_2_,0,000000,16,31.7000,26,12,31.0000,30.8000,銘旺科,31.1500,0,tse,1,13:30:00,34.6500,240,28.3500,銘旺科技股份有限公司,31.5000,31.0000,0,TWSE,
2430.tw,4,4,20.tse.tw|2231083,17.9000,0,0,18.0000,17.8000,000000,20260907,tse_2430.tw_20260907,17.9500_18.0000_18.0500_18.1000_18.1500_,17.8500_17.7500_17.7000_17.6500_17.6000_,2430,13.tse.tw|3348,20260907,14:30:00,2430.tw,1788762600000,14:30:00,4_5_12_24_5_,1_1_3_7_6_,0,000000,3,17.9000,29,12,17.8000,17.6500,燦坤,17.8500,0,tse,4,13:30:00,19.6000,57,16.1000,燦坤實業股份有限公司,17.8500,17.9000,0,TWSE,
2431.tw,1,1,20.tse.tw|2231435,10.1000,0,0,10.2500,10.2000,000000,20260907,tse_2431.tw_20260907,10.1000_10.1500_10.2000_10.2500_10.3000_,10.0500_10.0000_9.9900_9.9800_9.9700_,2431,13.tse.tw|2050,20260907,14:30:00,2431.tw,1788762600000,14:30:00,30_7_3_3_11_,3_52_7_2_10_,0,000000,-,10.1000,28,12,0.0000,10.0000,聯昌,10.1000,0,tse,1,13:30:00,11.1000,90,9.0900,聯昌電子企業股份有限公司,10.1000,10.1000,0,TWSE,
2432.tw,1,1,20.tse.tw|2231436,27.9000,3,0,29.8500,27.9000,000000,20260907,tse_2432.tw_20260907,27.9000_27.9500_28.0000_28.0500_28.1000_,27.8500_27.8000_27.7500_27.7000_27.6500_,2432,13.tse.tw|2187,20260907,14:30:00,2432.tw,1788762600000,14:30:00,1_3_5_1_5_,1_1_2_5_6_,0,000000,-,28.1000,25,12,0.0000,27.2000,倚天酷碁-創,27.2000,0,tse,1,13:30:00,29.8500,62,24.4500,倚天酷碁股份有限公司,27.1500,27.9000,0,TWSE,
2433.tw,8,8,20.tse.tw|2230311,41.6000,0,0,43.0000,41.7000,000000,20260907,tse_2433.tw_20260907,41.6000_41.7000_41.7500_41.8000_41.9500_,41.5500_41.4500_41.4000_41.3500_41.3000_,2433,13.tse.tw|2324,20260907,14:30:00,2433.tw,1788762600000,14:30:00,2_5_1_2_3_,1_10_3_4_8_,0,000000,-,41.7500,31,12,0.0000,41.3000,互盛電,41.6000,0,tse,8,13:30:00,45.7500,27,37.4500,互盛股份有限公司,41.6000,41.6000,0,TWSE,
2434.tw,55,53,20.tse.tw|2230312,64.5000,0,0,64.7000,64.5000,000000,20260907,tse_2434.tw_20260907,64.8000_64.9000_65.0000_65.1000_65.2000_,64.5000_64.4000_64.3000_64.2000_64.1000_,2434,13.tse.tw|2461,20260907,14:30:00,2434.tw,1788762600000,14:30:00,9_4_6_1_2_,4_1_7_7_1_,0,000000,30,66.5000,24,12,64.5000,64.0000,統懋,65.0000,1,tse,55,13:30:00,74.0000,722,60.6000,統懋半導體股份有限公司,67.3000,64.8000,0,TWSE,
2436.tw,35,35,9.tse.tw|17074,71.7000,0,3,0.0000,71.7000,000000,20260907,tse_2436.tw_20260907,-,71.7000_71.6000_71.5000_71.4000_71.3000_,2436,13.tse.tw|2598,20260907,14:30:00,2436.tw,1788762600000,14:30:00,-,451_8_13_22_3_,0,000000,3625,71.7000,24,12,71.7000,69.1000,偉詮電,69.1000,0,tse,35,13:30:00,71.7000,15376,58.7000,偉詮電子股份有限公司,65.2000,71.7000,0,TWSE,
2438.tw,8,8,20.tse.tw|2230313,20.8500,0,0,21.3000,21.0000,000000,20260907,tse_2438.tw_20260907,21.2000_21.2500_21.3000_21.3500_21.4000_,20.8500_20.8000_20.7500_20.7000_20.6000_,2438,13.tse.tw|2735,20260907,14:30:00,2438.tw,1788762600000,14:30:00,1_3_1_1_6_,1_28_10_11_8_,0,000000,214,22.3000,26,12,21.0000,20.8000,翔耀,22.2000,0,tse,8,13:30:00,24.0500,322,19.7500,翔耀實業股份有限公司,21.9000,20.8500,0,TWSE,
2439.tw,27,27,9.tse.tw|17076,76.9000,0,3,77.2000,77.1000,000000,20260907,tse_2439.tw_20260907,76.9000_77.0000_77.1000_77.2000_77.3000_,76.8000_76.7000_76.6000_76.5000_76.4000_,2439,13.tse.tw|2872,20260907,14:30:00,2439.tw,1788762600000,14:30:00,3_55_44_63_19_,16_2_8_58_26_,0,000000,1823,77.8000,27,12,77.2000,76.5000,美律,77.8000,0,tse,27,13:30:00,85.6000,1712,70.2000,美律實業股份有限公司,77.9000,76.9000,0,TWSE,
2440.tw,127,127,20.tse.tw|2230655,14.4500,0,0,15.0000,14.7000,000000,20260907,tse_2440.tw_20260907,14.5500_14.6500_14.7000_14.7500_14.8000_,14.4500_14.4000_14.3500_14.3000_14.2500_,2440,13.tse.tw|3009,20260907,14:30:00,2440.tw,1788762600000,14:30:00,1_5_37_12_13_,3_21_42_3_4_,0,000000,504,15.3000,28,12,14.7000,14.4500,太空梭,15.3000,0,tse,127,13:30:00,15.6000,626,12.8000,太空梭高傳真資訊科技(股)公司,14.2000,14.4500,0,TWSE,
2441.tw,111,111,9.tse.tw|17078,118.0000,0,1,119.0000,118.5000,000000,20260907,tse_2441.tw_20260907,118.5000_119.0000_119.5000_120.0000_120.5000_,118.0000_117.5000_117.0000_116.5000_116.0000_,2441,13.tse.tw|3145,20260907,14:30:00,2441.tw,1788762600000,14:30:00,22_247_157_236_71_,198_71_281_211_341_,0,000000,1534,119.0000,24,12,118.5000,117.0000,超豐,118.0000,0,tse,111,13:30:00,127.5000,3036,104.5000,超豐電子股份有限公司,116.0000,118.0000,0,TWSE,
2442.tw,305,305,9.tse.tw|17079,19.4500,0,34,19.5000,19.4500,000000,20260907,tse_2442.tw_20260907,19.4500_19.5000_19.5500_19.6000_19.6500_,19.4000_19.3500_19.3000_19.2500_19.2000_,2442,13.tse.tw|3281,20260907,14:30:00,2442.tw,1788762600000,14:30:00,43_113_88_171_54_,181_226_426_301_135_,0,000000,3623,19.4500,14,12,19.5000,19.2500,新美齊,19.4000,0,tse,305,13:30:00,21.2000,4470,17.4000,新美齊股份有限公司,19.3000,19.4500,0,TWSE,
2444.tw,5,5,20.tse.tw|2231085,11.8500,0,0,0.0000,11.8500,000000,20260907,tse_2444.tw_20260907,-,11.8500_11.8000_11.7500_11.7000_11.6500_,2444,13.tse.tw|2119,20260907,14:30:00,2444.tw,1788762600000,14:30:00,-,1508_14_6_22_11_,0,000000,641,11.8500,27,12,11.8500,10.8500,兆勁,10.9000,0,tse,5,13:30:00,11.8500,811,9.7200,兆勁科技股份有限公司,10.8000,11.8500,0,TWSE,
2449.tw,665,663,9.tse.tw|17081,273.0000,0,73,273.5000,273.0000,000000,20260907,tse_2449.tw_20260907,273.0000_273.5000_274.0000_274.5000_275.0000_,272.5000_272.0000_271.5000_271.0000_270.5000_,2449,13.tse.tw|2256,20260907,14:30:00,2449.tw,1788762600000,14:30:00,65_57_152_83_359_,122_261_107_171_165_,0,000000,15715,278.0000,24,12,273.0000,266.5000,京元電子,268.5000,0,tse,665,13:30:00,288.0000,25607,236.0000,京元電子股份有限公司,262.0000,273.0000,0,TWSE,
2450.tw,2,-,20.tse.tw|2231086,-,0,0,29.6000,28.4000,000000,20260907,tse_2450.tw_20260907,28.3500_28.4000_28.4500_28.5000_28.5500_,28.2500_28.2000_28.1500_28.1000_28.0500_,2450,13.tse.tw|2393,20260907,14:30:00,2450.tw,1788762600000,14:30:00,23_28_10_5_3_,1_13_8_19_23_,0,000000,110,28.4500,27,12,28.4000,28.2000,神腦,28.3500,0,tse,2,13:30:00,31.0500,119,25.4500,神腦國際企業股份有限公司,28.2500,28.3500,0,TWSE,
2451.tw,171,171,9.tse.tw|17083,289.5000,0,4,290.5000,290.0000,000000,20260907,tse_2451.tw_20260907,289.5000_290.0000_290.5000_291.0000_291.5000_,289.0000_288.5000_288.0000_287.5000_287.0000_,2451,13.tse.tw|2530,20260907,14:30:00,2451.tw,1788762600000,14:30:00,6_60_100_82_72_,11_14_36_42_89_,0,000000,1557,293.0000,24,12,290.0000,286.0000,創見,289.5000,0,tse,171,13:30:00,312.5000,2608,256.5000,創見資訊股份有限公司,284.5000,289.5000,0,TWSE,
2453.tw,12,12,20.tse.tw|2230807,51.9000,0,0,52.7000,52.2000,000000,20260907,tse_2453.tw_20260907,52.2000_52.3000_52.4000_52.5000_52.6000_,51.9000_51.8000_51.7000_51.6000_51.5000_,2453,13.tse.tw|2667,20260907,14:30:00,2453.tw,1788762600000,14:30:00,8_6_11_8_10_,2_1_22_31_33_,0,000000,68,52.2000,30,12,52.2000,51.7000,凌群,51.9000,0,tse,12,13:30:00,56.9000,206,46.6500,凌群電腦股份有限公司,51.8000,51.9000,0,TWSE,
2454.tw,401,401,9.tse.tw|17085,4760.0000,0,20,4765.0000,4760.0000,000000,20260907,tse_2454.tw_20260907,4770.0000_4775.0000_4780.0000_4785.0000_4790.0000_,4760.0000_4755.0000_4750.0000_4745.0000_4740.0000_,2454,13.tse.tw|2804,20260907,14:30:00,2454.tw,1788762600000,14:30:00,6_5_2_17_13_,39_37_46_88_27_,0,000000,19382,4855.0000,24,12,4760.0000,4485.0000,聯發科,4500.0000,0,tse,401,13:30:00,4855.0000,14563,3975.0000,聯發科技股份有限公司,4415.0000,4760.0000,0,TWSE,
2455.tw,211,211,9.tse.tw|17086,500.0000,0,1,500.0000,499.5000,000000,20260907,tse_2455.tw_20260907,500.0000_501.0000_502.0000_503.0000_504.0000_,499.0000_498.5000_498.0000_497.5000_497.0000_,2455,13.tse.tw|2941,20260907,14:30:00,2455.tw,1788762600000,14:30:00,43_56_45_22_23_,37_6_13_16_9_,0,000000,2848,525.0000,27,12,500.0000,491.0000,全新,525.0000,5,tse,211,13:30:00,580.0000,3301,475.5000,全新光電科技股份有限公司,528.0000,500.0000,0,TWSE,
2457.tw,33,36,20.tse.tw|2231089,22.9000,0,0,23.6000,23.1500,000000,20260907,tse_2457.tw_20260907,22.9000_22.9500_23.0000_23.0500_23.1000_,22.8500_22.8000_22.7500_22.7000_22.6500_,2457,13.tse.tw|3077,20260907,14:30:00,2457.tw,1788762600000,14:30:00,6_44_18_15_19_,3_11_8_37_11_,0,000000,889,23.0000,28,12,23.6000,22.6000,飛宏,22.9500,0,tse,33,13:30:00,25.0000,719,20.5000,飛宏科技股份有限公司,22.7500,22.9000,0,TWSE,
2458.tw,120,120,9.tse.tw|17088,131.0000,0,9,132.0000,131.5000,000000,20260907,tse_2458.tw_20260907,131.5000_132.0000_132.5000_133.0000_133.5000_,131.0000_130.5000_130.0000_129.5000_129.0000_,2458,13.tse.tw|3213,20260907,14:30:00,2458.tw,1788762600000,14:30:00,23_47_29_21_3_,23_3_65_26_69_,0,000000,1136,131.0000,24,12,132.0000,124.5000,義隆,128.0000,0,tse,120,13:30:00,146.0000,2539,120.0000,義隆電子股份有限公司,133.0000,131.0000,0,TWSE,
2459.tw,2,1,20.tse.tw|2230656,66.4000,0,0,66.5000,66.4000,000000,20260907,tse_2459.tw_20260907,66.4000_66.5000_66.6000_66.7000_66.8000_,66.2000_66.0000_65.9000_65.8000_65.7000_,2459,13.tse.tw|3349,20260907,14:30:00,2459.tw,1788762600000,14:30:00,1_4_2_2_3_,1_7_2_1_5_,0,000000,200,66.8000,31,12,66.4000,65.6000,敦吉,66.8000,0,tse,2,13:30:00,73.0000,89,59.8000,敦吉科技股份有限公司,66.4000,66.4000,0,TWSE,
2460.tw,4,3,20.tse.tw|2230808,28.4500,0,0,28.3500,28.3000,000000,20260907,tse_2460.tw_20260907,28.4500_28.5000_28.6000_28.6500_28.7000_,28.4000_28.3000_28.2500_28.2000_28.1500_,2460,13.tse.tw|2051,20260907,14:30:00,2460.tw,1788762600000,14:30:00,6_8_7_2_1_,1_6_10_12_10_,0,000000,483,28.6500,28,12,28.3000,28.1000,建通,28.6500,0,tse,4,13:30:00,31.3500,175,25.6500,建通精密工業股份有限公司,28.5000,28.4500,0,TWSE,
2461.tw,22,22,20.tse.tw|2231090,18.3000,0,0,18.4000,18.2000,000000,20260907,tse_2461.tw_20260907,18.3500_18.4000_18.4500_18.5000_18.5500_,18.3000_18.2500_18.2000_18.1500_18.1000_,2461,13.tse.tw|2188,20260907,14:30:00,2461.tw,1788762600000,14:30:00,2_4_42_74_14_,2_9_5_27_32_,0,000000,-,18.4500,31,12,0.0000,18.2000,光群雷,18.3500,0,tse,22,13:30:00,20.0500,538,16.4500,光群雷射科技股份有限公司,18.2500,18.3000,0,TWSE,
2462.tw,100,98,20.tse.tw|2230500,19.3500,0,0,19.6500,19.4000,000000,20260907,tse_2462.tw_20260907,19.9000_19.9500_20.0000_20.0500_20.1000_,19.5500_19.5000_19.4500_19.4000_19.3500_,2462,13.tse.tw|2325,20260907,14:30:00,2462.tw,1788762600000,14:30:00,1_2_15_16_10_,7_10_14_11_14_,0,000000,525,20.1000,28,12,19.4000,19.5500,良得電,20.1000,0,tse,100,13:30:00,22.0000,258,18.0000,台灣良得電子股份有限公司,20.0000,19.5500,0,TWSE,
2464.tw,1040,1040,9.tse.tw|17093,203.0000,0,38,204.0000,203.5000,000000,20260907,tse_2464.tw_20260907,203.5000_204.0000_204.5000_205.0000_205.5000_,203.0000_202.5000_202.0000_201.5000_201.0000_,2464,13.tse.tw|2462,20260907,14:30:00,2464.tw,1788762600000,14:30:00,21_46_67_64_32_,107_175_325_141_181_,0,000000,4493,213.0000,31,12,204.0000,202.5000,盟立,213.0000,1,tse,1040,13:30:00,232.0000,16580,190.0000,盟立自動化股份有限公司,211.0000,203.0000,0,TWSE,
2465.tw,315,293,9.tse.tw|17094,103.0000,0,25,102.5000,101.5000,000000,20260907,tse_2465.tw_20260907,102.5000_103.0000_103.5000_104.0000_104.5000_,102.0000_101.5000_101.0000_100.5000_100.0000_,2465,13.tse.tw|2599,20260907,14:30:00,2465.tw,1788762600000,14:30:00,44_102_128_91_28_,19_43_152_354_185_,0,000000,1334,103.5000,25,12,101.5000,98.6000,麗臺,99.2000,0,tse,315,13:30:00,109.0000,6108,89.3000,麗臺科技股份有限公司,99.2000,102.5000,0,TWSE,
2466.tw,37,37,9.tse.tw|17095,100.0000,0,1,0.0000,101.5000,000000,20260907,tse_2466.tw_20260907,101.0000_101.5000_102.0000_102.5000_103.0000_,100.5000_100.0000_99.9000_99.8000_99.7000_,2466,13.tse.tw|2736,20260907,14:30:00,2466.tw,1788762600000,14:30:00,3_11_17_30_67_,2_32_1_7_9_,0,000000,79,103.5000,26,12,101.5000,98.0000,冠西電,99.5000,0,tse,37,13:30:00,106.5000,904,87.5000,冠西電子企業股份有限公司,97.2000,100.5000,0,TWSE,
2467.tw,62,62,9.tse.tw|17096,619.0000,0,1,617.0000,616.0000,000000,20260907,tse_2467.tw_20260907,620.0000_622.0000_623.0000_624.0000_625.0000_,619.0000_618.0000_617.0000_616.0000_615.0000_,2467,13.tse.tw|2873,20260907,14:30:00,2467.tw,1788762600000,14:30:00,1_7_11_11_23_,1_1_6_7_14_,0,000000,910,635.0000,28,12,616.0000,607.0000,志聖,616.0000,0,tse,62,13:30:00,663.0000,1001,543.0000,志聖工業股份有限公司,603.0000,619.0000,0,TWSE,
2468.tw,11,11,9.tse.tw|17097,33.5000,0,1,33.5500,33.5000,000000,20260907,tse_2468.tw_20260907,33.6000_33.8000_33.9000_33.9500_34.0000_,33.5000_33.4000_33.2500_33.2000_33.1500_,2468,13.tse.tw|3010,20260907,14:30:00,2468.tw,1788762600000,14:30:00,7_2_2_11_1_,11_2_1_7_1_,0,000000,20,33.8500,30,12,33.5000,33.3000,華經,33.8500,0,tse,11,13:30:00,37.2500,113,30.5500,華經資訊企業股份有限公司,33.9000,33.5000,0,TWSE,
2471.tw,23,23,20.tse.tw|2230809,49.7500,0,0,49.9000,49.8000,000000,20260907,tse_2471.tw_20260907,50.0000_50.2000_50.3000_50.4000_50.5000_,49.7500_49.7000_49.6500_49.6000_49.5500_,2471,13.tse.tw|3146,20260907,14:30:00,2471.tw,1788762600000,14:30:00,1_9_11_1_4_,1_11_1_3_1_,0,000000,-,50.3000,30,12,0.0000,49.7500,資通,49.9000,0,tse,23,13:30:00,55.2000,96,45.2000,資通電腦股份有限公司,50.2000,49.7500,0,TWSE,
2472.tw,153,153,9.tse.tw|17099,226.0000,0,6,226.5000,226.0000,000000,20260907,tse_2472.tw_20260907,226.5000_227.0000_227.5000_228.0000_228.5000_,226.0000_225.5000_225.0000_224.5000_224.0000_,2472,13.tse.tw|3282,20260907,14:30:00,2472.tw,1788762600000,14:30:00,7_5_2_14_23_,60_23_59_21_27_,0,000000,779,235.5000,28,12,226.5000,225.0000,立隆電,230.0000,0,tse,153,13:30:00,247.5000,2999,202.5000,立隆電子工業股份有限公司,225.0000,226.0000,0,TWSE,
2474.tw,281,281,9.tse.tw|17100,208.5000,0,1,209.5000,209.0000,000000,20260907,tse_2474.tw_20260907,208.5000_209.0000_209.5000_210.0000_210.5000_,208.0000_207.5000_207.0000_206.5000_206.0000_,2474,13.tse.tw|2120,20260907,14:30:00,2474.tw,1788762600000,14:30:00,28_83_44_79_12_,66_69_226_300_295_,0,000000,850,210.0000,31,12,209.5000,206.5000,可成,210.0000,0,tse,281,13:30:00,230.0000,1907,189.0000,可成科技股份有限公司,209.5000,208.5000,0,TWSE,
2476.tw,59,57,9.tse.tw|17101,122.0000,0,3,122.5000,121.5000,000000,20260907,tse_2476.tw_20260907,122.0000_122.5000_123.0000_123.5000_124.0000_,121.5000_121.0000_120.5000_120.0000_119.5000_,2476,13.tse.tw|2257,20260907,14:30:00,2476.tw,1788762600000,14:30:00,11_43_47_45_49_,5_43_20_44_45_,0,000000,820,124.0000,28,12,121.5000,120.5000,鉅祥,124.0000,0,tse,59,13:30:00,133.0000,1118,109.0000,鉅祥企業股份有限公司,121.0000,122.0000,0,TWSE,
2477.tw,5,4,20.tse.tw|2231093,21.6500,0,0,22.0000,21.7500,000000,20260907,tse_2477.tw_20260907,21.6500_21.7000_21.8000_21.8500_21.9000_,21.6000_21.5500_21.5000_21.4500_21.4000_,2477,13.tse.tw|2394,20260907,14:30:00,2477.tw,1788762600000,14:30:00,1_4_9_2_1_,21_8_19_8_9_,0,000000,110,21.7500,31,12,22.0000,21.5500,美隆電,21.7500,0,tse,5,13:30:00,23.8000,55,19.5000,美隆工業股份有限公司,21.6500,21.6500,0,TWSE,
2478.tw,381,377,9.tse.tw|17103,127.0000,0,23,128.0000,127.5000,000000,20260907,tse_2478.tw_20260907,127.5000_128.0000_128.5000_129.0000_129.5000_,127.0000_126.5000_126.0000_125.5000_125.0000_,2478,13.tse.tw|2531,20260907,14:30:00,2478.tw,1788762600000,14:30:00,42_60_41_44_21_,55_25_107_73_100_,0,000000,1629,131.0000,28,12,128.0000,126.0000,大毅,128.5000,0,tse,381,13:30:00,138.0000,7606,113.0000,大毅科技股份有限公司,125.5000,127.0000,0,TWSE,
2480.tw,5,3,9.tse.tw|17104,157.5000,0,1,157.5000,157.0000,000000,20260907,tse_2480.tw_20260907,157.5000_158.0000_158.5000_159.0000_159.5000_,157.0000_156.5000_156.0000_155.5000_155.0000_,2480,13.tse.tw|2668,20260907,14:30:00,2480.tw,1788762600000,14:30:00,3_10_6_4_6_,10_5_4_5_11_,0,000000,551,158.0000,30,12,157.0000,153.5000,敦陽科,157.0000,0,tse,5,13:30:00,171.5000,196,140.5000,敦陽科技股份有限公司,156.0000,157.5000,0,TWSE,
2481.tw,2111,2110,9.tse.tw|17105,158.0000,0,227,160.5000,160.0000,000000,20260907,tse_2481.tw_20260907,158.5000_159.0000_159.5000_160.0000_160.5000_,158.0000_157.5000_157.0000_156.5000_156.0000_,2481,13.tse.tw|2805,20260907,14:30:00,2481.tw,1788762600000,14:30:00,141_80_195_144_86_,317_131_269_251_641_,0,000000,4656,168.0000,24,12,160.0000,155.0000,強茂,158.0000,0,tse,2111,13:30:00,171.5000,60129,140.5000,強茂股份有限公司,156.0000,158.0000,0,TWSE,
2482.tw,88,85,20.tse.tw|2230657,15.5000,0,0,17.0500,15.9500,000000,20260907,tse_2482.tw_20260907,15.5000_16.1000_16.1500_16.2000_16.2500_,15.4500_15.3000_15.1000_15.0500_15.0000_,2482,13.tse.tw|2942,20260907,14:30:00,2482.tw,1788762600000,14:30:00,5_20_5_3_10_,25_1_1_1_6_,0,000000,900,16.2500,31,12,15.9500,15.5000,連宇,16.2500,0,tse,88,13:30:00,17.7000,197,14.5000,連宇股份有限公司,16.1000,15.5000,0,TWSE,
2483.tw,46,46,9.tse.tw|17107,33.0500,0,5,33.5000,33.3000,000000,20260907,tse_2483.tw_20260907,33.2500_33.3000_33.3500_33.4000_33.4500_,33.0500_33.0000_32.9500_32.9000_32.8500_,2483,13.tse.tw|3078,20260907,14:30:00,2483.tw,1788762600000,14:30:00,1_3_8_12_10_,25_22_11_19_7_,0,000000,-,34.1000,28,12,0.0000,33.0500,百容,34.1000,0,tse,46,13:30:00,36.6500,484,30.0500,百容電子股份有限公司,33.3500,33.0500,0,TWSE,
2484.tw,362,338,9.tse.tw|17108,70.3000,0,13,71.4000,70.8000,000000,20260907,tse_2484.tw_20260907,70.4000_70.5000_70.6000_70.8000_70.9000_,70.3000_70.2000_70.1000_70.0000_69.9000_,2484,13.tse.tw|3214,20260907,14:30:00,2484.tw,1788762600000,14:30:00,8_7_5_34_9_,21_32_44_117_5_,0,000000,183,72.2000,28,12,70.8000,70.3000,希華,71.6000,0,tse,362,13:30:00,77.4000,5796,63.4000,希華晶體股份有限公司,70.4000,70.3000,0,TWSE,
2485.tw,119,117,9.tse.tw|17109,40.7000,0,22,41.0000,40.8500,000000,20260907,tse_2485.tw_20260907,40.7000_40.7500_40.8000_40.8500_40.9000_,40.6500_40.6000_40.5500_40.5000_40.4500_,2485,13.tse.tw|3350,20260907,14:30:00,2485.tw,1788762600000,14:30:00,9_9_6_27_18_,34_42_35_69_12_,0,000000,856,41.8500,27,12,40.8500,40.7000,兆赫,41.7500,0,tse,119,13:30:00,45.4000,2087,37.2000,兆赫電子股份有限公司,41.3000,40.7000,0,TWSE,
2486.tw,333,333,9.tse.tw|17110,254.5000,0,8,255.5000,255.0000,000000,20260907,tse_2486.tw_20260907,254.5000_255.0000_255.5000_256.0000_256.5000_,254.0000_253.5000_253.0000_252.5000_252.0000_,2486,13.tse.tw|2052,20260907,14:30:00,2486.tw,1788762600000,14:30:00,24_51_23_8_41_,24_31_67_36_114_,0,000000,4226,266.0000,26,12,255.5000,252.0000,一詮,262.5000,1,tse,333,13:30:00,281.5000,6273,230.5000,一詮精密工業股份有限公司,256.0000,254.5000,0,TWSE,
2488.tw,2,1,20.tse.tw|2231097,48.6000,0,0,53.3000,48.7000,000000,20260907,tse_2488.tw_20260907,48.8000_48.9000_48.9500_49.0000_49.0500_,48.6000_48.5000_48.4500_48.4000_48.3500_,2488,13.tse.tw|2189,20260907,14:30:00,2488.tw,1788762600000,14:30:00,10_1_3_7_3_,1_5_11_7_5_,0,000000,1,49.4500,31,12,48.7000,48.5000,漢平,49.4500,0,tse,2,13:30:00,53.4000,128,43.7000,漢平電子工業股份有限公司,48.5500,48.7000,0,TWSE,
2489.tw,1371,1361,9.tse.tw|17112,40.9000,0,42,40.9000,40.8500,000000,20260907,tse_2489.tw_20260907,40.9500_41.0000_41.0500_41.1000_41.1500_,40.9000_40.8500_40.8000_40.7500_40.7000_,2489,13.tse.tw|2326,20260907,14:30:00,2489.tw,1788762600000,14:30:00,38_161_22_44_53_,3_19_196_59_112_,0,000000,4529,41.6500,26,12,40.8500,40.5500,瑞軒,41.0000,1,tse,1371,13:30:00,45.1000,18277,36.9000,瑞軒科技股份有限公司,41.0000,40.9000,0,TWSE,
2491.tw,85,79,9.tse.tw|17113,43.2000,0,7,43.3000,42.9000,000000,20260907,tse_2491.tw_20260907,43.0000_43.1500_43.2000_43.2500_43.3000_,42.8000_42.7500_42.7000_42.6500_42.6000_,2491,13.tse.tw|2463,20260907,14:30:00,2491.tw,1788762600000,14:30:00,6_7_5_5_3_,1_6_3_3_2_,0,000000,619,44.4500,26,12,42.9000,40.8000,吉祥全,42.0000,0,tse,85,13:30:00,46.2000,2585,37.8000,吉祥全球實業股份有限公司,42.0000,43.0000,0,TWSE,
2492.tw,1050,968,9.tse.tw|17114,323.0000,0,66,323.5000,323.0000,000000,20260907,tse_2492.tw_20260907,323.5000_324.0000_324.5000_325.0000_325.5000_,323.0000_322.5000_322.0000_321.5000_321.0000_,2492,13.tse.tw|2600,20260907,14:30:00,2492.tw,1788762600000,14:30:00,38_113_149_158_24_,96_74_302_99_129_,0,000000,7158,328.0000,28,12,323.0000,309.5000,華新科,310.0000,0,tse,1050,13:30:00,328.0000,46318,269.0000,華新科技股份有限公司,298.5000,323.0000,0,TWSE,
2493.tw,69,57,9.tse.tw|17115,184.5000,0,3,183.5000,183.0000,000000,20260907,tse_2493.tw_20260907,184.5000_185.0000_185.5000_186.0000_186.5000_,184.0000_183.0000_182.5000_182.0000_181.5000_,2493,13.tse.tw|2737,20260907,14:30:00,2493.tw,1788762600000,14:30:00,12_21_6_19_14_,3_2_3_6_17_,0,000000,509,187.0000,28,12,183.5000,181.0000,揚博,184.0000,0,tse,69,13:30:00,199.5000,914,163.5000,揚博科技股份有限公司,181.5000,184.0000,0,TWSE,
2495.tw,39,39,20.tse.tw|2231444,37.4000,0,0,37.2500,36.6500,000000,20260907,tse_2495.tw_20260907,37.4000_37.5000_37.6000_37.6500_37.7000_,37.3500_37.3000_37.2500_37.2000_37.1500_,2495,13.tse.tw|2874,20260907,14:30:00,2495.tw,1788762600000,14:30:00,9_3_6_12_6_,2_6_17_6_1_,0,000000,1852,38.0000,25,12,36.6500,36.6000,普安,38.0000,0,tse,39,13:30:00,41.1500,1000,33.7500,普安科技股份有限公司,37.4500,37.4000,0,TWSE,
2496.tw,2,2,20.tse.tw|2230317,55.0000,0,0,55.4000,55.0000,000000,20260907,tse_2496.tw_20260907,55.1000_55.2000_55.3000_55.4000_55.5000_,55.0000_54.8000_54.6000_54.5000_54.4000_,2496,13.tse.tw|3011,20260907,14:30:00,2496.tw,1788762600000,14:30:00,1_1_1_2_6_,18_1_6_12_2_,0,000000,20,55.5000,20,12,55.4000,55.0000,卓越,55.2000,0,tse,2,13:30:00,60.5000,9,49.5000,卓越成功股份有限公司,55.0000,55.0000,0,TWSE,
2497.tw,51,51,20.tse.tw|2230505,44.1000,0,0,45.3000,44.3500,000000,20260907,tse_2497.tw_20260907,44.4000_44.6000_44.6500_44.7000_44.7500_,44.2500_44.2000_44.1500_44.1000_44.0500_,2497,13.tse.tw|3147,20260907,14:30:00,2497.tw,1788762600000,14:30:00,3_4_1_1_2_,2_4_5_6_4_,0,000000,25,45.6500,12,12,44.3500,44.2500,怡利電,45.6000,0,tse,51,13:30:00,49.5000,355,40.5000,怡利電子工業股份有限公司,45.0000,44.2500,0,TWSE,
2498.tw,516,516,9.tse.tw|17119,41.0000,0,2,41.6000,41.5000,000000,20260907,tse_2498.tw_20260907,41.1000_41.1500_41.2000_41.2500_41.3000_,41.0000_40.9500_40.9000_40.8500_40.8000_,2498,13.tse.tw|3283,20260907,14:30:00,2498.tw,1788762600000,14:30:00,12_3_4_7_10_,70_12_25_47_87_,0,000000,858,41.9000,27,12,41.5000,41.0000,宏達電,41.7000,0,tse,516,13:30:00,45.7500,4108,37.4500,宏達國際電子股份有限公司,41.6000,41.0000,0,TWSE,
2501.tw,169,148,9.tse.tw|17120,22.3000,0,4,22.3000,22.1500,000000,20260907,tse_2501.tw_20260907,22.3500_22.4000_22.4500_22.5000_22.5500_,22.3000_22.2500_22.2000_22.1500_22.1000_,2501,13.tse.tw|2121,20260907,14:30:00,2501.tw,1788762600000,14:30:00,25_101_52_58_93_,229_8_178_77_167_,0,000000,1338,22.6500,14,12,22.1500,22.0500,國建,22.6500,0,tse,169,13:30:00,24.8000,2764,20.3000,國泰建設股份有限公司,22.5500,22.3000,0,TWSE,
2504.tw,74,71,20.tse.tw|2231098,31.3000,0,0,31.2500,31.1000,000000,20260907,tse_2504.tw_20260907,31.3000_31.3500_31.4000_31.4500_31.5000_,31.2500_31.2000_31.1500_31.1000_31.0500_,2504,13.tse.tw|2258,20260907,14:30:00,2504.tw,1788762600000,14:30:00,19_25_12_4_15_,7_20_16_39_105_,0,000000,2117,31.5000,14,12,31.1000,31.1000,國產,31.5000,0,tse,74,13:30:00,34.3500,990,28.1500,國產建材實業股份有限公司,31.2500,31.3000,0,TWSE,
2505.tw,6,6,20.tse.tw|2230506,17.2500,0,0,17.3000,17.1500,000000,20260907,tse_2505.tw_20260907,17.3000_17.3500_17.4000_17.4500_17.5000_,17.2500_17.1500_17.1000_17.0500_17.0000_,2505,13.tse.tw|2395,20260907,14:30:00,2505.tw,1788762600000,14:30:00,33_5_5_47_32_,8_28_8_19_8_,0,000000,35,17.3500,14,12,17.1500,17.0500,國揚,17.2000,0,tse,6,13:30:00,18.9000,168,15.5000,國揚實業股份有限公司,17.2000,17.2500,0,TWSE,
2506.tw,-,-,20.tse.tw|2231099,-,0,0,8.5200,8.5100,000000,20260907,tse_2506.tw_20260907,8.5500_8.5800_8.5900_8.6000_8.6100_,8.5300_8.5200_8.5100_8.5000_8.4900_,2506,13.tse.tw|2532,20260907,14:30:00,2506.tw,1788762600000,14:30:00,1_5_8_3_1_,1_1_12_15_20_,0,000000,940,8.5900,14,12,8.5100,8.5400,太設,8.5600,0,tse,-,13:30:00,9.3800,35,7.6800,太平洋建設股份有限公司,8.5300,-,0,TWSE,
2509.tw,2,2,20.tse.tw|2230811,14.9000,0,0,14.9500,14.8000,000000,20260907,tse_2509.tw_20260907,14.9500_15.0000_15.0500_15.1000_15.1500_,14.9000_14.8500_14.8000_14.7500_14.7000_,2509,13.tse.tw|2669,20260907,14:30:00,2509.tw,1788762600000,14:30:00,4_13_15_10_3_,1_3_7_3_12_,0,000000,132,15.0000,14,12,14.9500,14.6500,全坤建,14.9500,0,tse,2,13:30:00,16.4000,133,13.5000,全坤建設開發股份有限公司,14.9500,14.9000,0,TWSE,
2511.tw,40,40,9.tse.tw|17125,8.5200,0,2,8.4900,8.4800,000000,20260907,tse_2511.tw_20260907,8.5200_8.5300_8.5400_8.5500_8.5600_,8.5100_8.5000_8.4900_8.4800_8.4700_,2511,13.tse.tw|2806,20260907,14:30:00,2511.tw,1788762600000,14:30:00,73_17_58_133_7_,4_2_52_46_59_,0,000000,1101,8.5200,14,12,8.4800,8.4100,太子,8.4900,0,tse,40,13:30:00,9.2700,1268,7.5900,太子建設開發股份有限公司,8.4300,8.5200,0,TWSE,
2514.tw,5,2,20.tse.tw|2230812,11.7000,0,0,11.8000,11.7500,000000,20260907,tse_2514.tw_20260907,11.7500_11.8000_11.8500_11.9000_11.9500_,11.7000_11.6500_11.6000_11.5500_11.5000_,2514,13.tse.tw|2943,20260907,14:30:00,2514.tw,1788762600000,14:30:00,6_16_11_9_16_,1_1_27_9_48_,0,000000,100,11.8500,20,12,11.7500,11.6500,龍邦,11.8500,0,tse,5,13:30:00,12.9500,71,10.6500,龍邦國際興業股份有限公司,11.8000,11.7500,0,TWSE,
2515.tw,225,222,9.tse.tw|17127,11.9000,0,2,11.9500,11.9000,000000,20260907,tse_2515.tw_20260907,11.9500_12.0000_12.0500_12.1000_12.1500_,11.9000_11.8500_11.8000_11.7500_11.7000_,2515,13.tse.tw|3079,20260907,14:30:00,2515.tw,1788762600000,14:30:00,25_512_235_295_227_,911_231_381_141_680_,0,000000,3831,12.2000,14,12,11.9500,11.9000,中工,12.2000,0,tse,225,13:30:00,13.3500,4893,10.9500,中華工程股份有限公司,12.1500,11.9000,0,TWSE,
2516.tw,1,1,20.tse.tw|2230813,14.1000,0,0,14.1500,14.0000,000000,20260907,tse_2516.tw_20260907,14.1500_14.2000_14.2500_14.3000_14.3500_,14.1000_14.0500_14.0000_13.9500_13.9000_,2516,13.tse.tw|3215,20260907,14:30:00,2516.tw,1788762600000,14:30:00,2_22_17_30_26_,6_12_42_13_38_,0,000000,286,14.3000,14,12,14.0000,14.1000,新建,14.2000,0,tse,1,13:30:00,15.6000,105,12.8000,新亞建設開發股份有限公司,14.2000,14.1000,0,TWSE,
2520.tw,61,52,9.tse.tw|17129,36.6000,0,2,36.7500,36.6500,000000,20260907,tse_2520.tw_20260907,36.6000_36.6500_36.7000_36.7500_36.8000_,36.5500_36.5000_36.4500_36.4000_36.3500_,2520,13.tse.tw|3351,20260907,14:30:00,2520.tw,1788762600000,14:30:00,12_11_7_7_17_,1_1_35_72_5_,0,000000,1201,37.4500,14,12,36.7500,36.4500,冠德,37.4500,0,tse,61,13:30:00,40.8000,1695,33.4000,冠德建設股份有限公司,37.1000,36.6000,0,TWSE,
2524.tw,27,27,20.tse.tw|2231101,35.7000,0,0,35.6500,35.5000,000000,20260907,tse_2524.tw_20260907,35.7000_35.8000_35.8500_35.9000_35.9500_,34.9000_34.8000_34.5000_34.4500_34.4000_,2524,13.tse.tw|2053,20260907,14:30:00,2524.tw,1788762600000,14:30:00,6_2_5_1_1_,1_2_7_4_5_,0,000000,928,35.7000,14,12,35.5000,34.7000,京城,35.0000,0,tse,27,13:30:00,38.1500,65,31.2500,京城建設股份有限公司,34.7000,35.7000,0,TWSE,
2527.tw,36,36,20.tse.tw|2231102,43.4000,0,0,44.1000,43.3500,000000,20260907,tse_2527.tw_20260907,43.5000_43.5500_43.6000_43.6500_43.7000_,43.4000_43.2500_43.1500_43.1000_43.0500_,2527,13.tse.tw|2190,20260907,14:30:00,2527.tw,1788762600000,14:30:00,5_1_4_4_4_,2_1_4_9_7_,0,000000,250,45.8000,14,12,43.3500,43.0000,宏璟,43.8500,0,tse,36,13:30:00,47.2000,1337,38.7000,宏璟建設股份有限公司,42.9500,43.4000,0,TWSE,
2528.tw,4,4,20.tse.tw|2231446,20.1000,0,0,20.2000,20.1000,000000,20260907,tse_2528.tw_20260907,20.1000_20.1500_20.2000_20.2500_20.3000_,20.0500_19.9000_19.8500_19.8000_19.7500_,2528,13.tse.tw|2327,20260907,14:30:00,2528.tw,1788762600000,14:30:00,9_2_6_17_2_,2_4_14_42_11_,0,000000,200,20.3500,14,12,20.1000,19.9000,皇普,20.3500,0,tse,4,13:30:00,22.2500,246,18.2500,皇普建設股份有限公司,20.2500,20.1000,0,TWSE,
2530.tw,33,32,9.tse.tw|17133,19.7500,0,4,19.8500,19.8000,000000,20260907,tse_2530.tw_20260907,19.8000_19.8500_19.9000_19.9500_20.0000_,19.7500_19.7000_19.6500_19.6000_19.5500_,2530,13.tse.tw|2464,20260907,14:30:00,2530.tw,1788762600000,14:30:00,7_9_6_13_56_,22_34_14_32_20_,0,000000,209,20.4000,14,12,19.8000,19.7000,華建,20.4000,0,tse,33,13:30:00,22.1500,720,18.1500,大華建設股份有限公司,20.1500,19.7500,0,TWSE,
2534.tw,22,22,20.tse.tw|2230507,16.9500,0,0,17.0500,16.8500,000000,20260907,tse_2534.tw_20260907,17.0000_17.0500_17.1000_17.1500_17.2000_,16.9500_16.9000_16.8500_16.8000_16.7500_,2534,13.tse.tw|2601,20260907,14:30:00,2534.tw,1788762600000,14:30:00,16_12_12_17_6_,15_29_13_32_16_,0,000000,1073,17.1500,14,12,16.8500,16.9000,宏盛,17.1500,0,tse,22,13:30:00,18.8000,207,15.4000,宏盛建設股份有限公司,17.1000,16.9500,0,TWSE,
2535.tw,11,10,20.tse.tw|2231103,89.1000,0,0,89.0000,88.8000,000000,20260907,tse_2535.tw_20260907,89.3000_89.4000_89.5000_89.6000_89.7000_,89.2000_89.1000_89.0000_88.9000_88.8000_,2535,13.tse.tw|2738,20260907,14:30:00,2535.tw,1788762600000,14:30:00,8_4_6_6_2_,1_2_8_12_20_,0,000000,607,90.1000,14,12,89.0000,88.7000,達欣工,90.1000,0,tse,11,13:30:00,98.3000,163,80.5000,達欣工程股份有限公司,89.4000,89.2000,0,TWSE,
2536.tw,59,56,9.tse.tw|17136,18.8500,0,1,19.1000,19.0500,000000,20260907,tse_2536.tw_20260907,18.9000_18.9500_19.0000_19.0500_19.1000_,18.8500_18.8000_18.7500_18.7000_18.6500_,2536,13.tse.tw|2875,20260907,14:30:00,2536.tw,1788762600000,14:30:00,19_22_6_5_5_,16_74_17_36_134_,0,000000,202,19.2500,14,12,19.0500,18.8500,宏普,19.2500,0,tse,59,13:30:00,21.1000,492,17.3000,宏普建設股份有限公司,19.2000,18.8500,0,TWSE,
2537.tw,151,151,9.tse.tw|17137,11.3000,0,2,11.3500,11.3000,000000,20260907,tse_2537.tw_20260907,11.3500_11.4000_11.4500_11.5000_11.5500_,11.3000_11.2500_11.2000_11.1500_11.1000_,2537,13.tse.tw|3012,20260907,14:30:00,2537.tw,1788762600000,14:30:00,17_3_5_38_36_,85_264_223_179_170_,0,000000,-,11.6500,14,12,0.0000,11.3000,聯上發,11.6500,0,tse,151,13:30:00,12.8000,1866,10.5000,聯上開發股份有限公司,11.6500,11.3000,0,TWSE,
2538.tw,130,130,20.tse.tw|2231104,8.7800,0,0,8.9500,8.7900,000000,20260907,tse_2538.tw_20260907,8.8800_8.8900_8.9000_8.9100_8.9200_,8.7900_8.7800_8.7700_8.7600_8.7500_,2538,13.tse.tw|3148,20260907,14:30:00,2538.tw,1788762600000,14:30:00,5_9_2_6_5_,16_7_13_4_11_,0,000000,76,8.8900,14,12,8.7900,8.7900,基泰,8.8900,0,tse,130,13:30:00,9.7700,462,8.0100,基泰建設股份有限公司,8.8900,8.7900,0,TWSE,
2539.tw,31,31,9.tse.tw|17139,35.1500,0,3,36.0000,35.1500,000000,20260907,tse_2539.tw_20260907,35.1500_35.2000_35.2500_35.3000_35.3500_,35.1000_35.0500_35.0000_34.9500_34.9000_,2539,13.tse.tw|3284,20260907,14:30:00,2539.tw,1788762600000,14:30:00,130_28_27_24_28_,3_1_21_10_33_,0,000000,145,35.1500,14,12,35.1500,34.9000,櫻花建,35.1500,0,tse,31,13:30:00,38.5000,751,31.5000,櫻花建設股份有限公司,35.0000,35.1500,0,TWSE,
2540.tw,32,32,20.tse.tw|2230319,46.9000,0,0,46.9000,46.6000,000000,20260907,tse_2540.tw_20260907,46.9000_46.9500_47.0000_47.0500_47.1000_,46.8000_46.7500_46.7000_46.6500_46.6000_,2540,13.tse.tw|2122,20260907,14:30:00,2540.tw,1788762600000,14:30:00,2_5_6_4_4_,13_3_9_19_30_,0,000000,133,47.8000,14,12,46.9000,46.6000,愛山林,47.8000,0,tse,32,13:30:00,51.8000,393,42.4500,愛山林建設開發股份有限公司,47.1500,46.9000,0,TWSE,
2542.tw,751,723,9.tse.tw|17141,48.0000,0,9,48.0000,47.9000,000000,20260907,tse_2542.tw_20260907,48.0000_48.0500_48.1000_48.1500_48.2000_,47.9500_47.9000_47.8500_47.8000_47.7500_,2542,13.tse.tw|2259,20260907,14:30:00,2542.tw,1788762600000,14:30:00,33_58_43_67_609_,11_14_66_39_108_,0,000000,4658,48.5500,14,12,48.0000,47.6000,興富發,48.5500,0,tse,751,13:30:00,53.4000,7580,43.7000,興富發建設股份有限公司,48.5500,48.0000,0,TWSE,
2543.tw,16,16,20.tse.tw|2230816,38.6500,0,0,38.8000,38.4000,000000,20260907,tse_2543.tw_20260907,38.7000_38.7500_38.8000_38.8500_38.9000_,38.6000_38.5500_38.5000_38.4500_38.4000_,2543,13.tse.tw|2396,20260907,14:30:00,2543.tw,1788762600000,14:30:00,7_12_5_28_15_,1_6_1_10_4_,0,000000,184,38.9000,14,12,38.8000,38.2500,皇昌,38.9000,0,tse,16,13:30:00,42.2500,656,34.6500,皇昌營造股份有限公司,38.4500,38.6500,0,TWSE,
2545.tw,64,64,20.tse.tw|2230320,34.4500,0,0,34.6500,34.6000,000000,20260907,tse_2545.tw_20260907,35.0000_35.0500_35.1000_35.1500_35.2000_,34.5000_34.4500_34.4000_34.3500_34.2500_,2545,13.tse.tw|2533,20260907,14:30:00,2545.tw,1788762600000,14:30:00,4_3_10_56_29_,2_22_2_16_25_,0,000000,260,35.3000,14,12,34.6500,34.5000,皇翔,35.3000,0,tse,64,13:30:00,38.3000,292,31.4000,皇翔建設股份有限公司,34.8500,34.5000,0,TWSE,
2546.tw,5,5,20.tse.tw|2231449,105.5000,0,0,107.5000,107.0000,000000,20260907,tse_2546.tw_20260907,106.0000_106.5000_107.0000_107.5000_108.0000_,105.5000_105.0000_104.5000_104.0000_103.5000_,2546,13.tse.tw|2670,20260907,14:30:00,2546.tw,1788762600000,14:30:00,2_4_8_4_7_,2_15_6_29_52_,0,000000,595,109.0000,14,12,107.0000,105.0000,根基,109.0000,0,tse,5,13:30:00,118.0000,136,96.8000,根基營造股份有限公司,107.5000,105.5000,0,TWSE,
2547.tw,24,24,20.tse.tw|2230817,9.9500,0,0,10.1000,9.9700,000000,20260907,tse_2547.tw_20260907,9.9600_9.9700_9.9800_9.9900_10.0000_,9.9500_9.9400_9.9300_9.9200_9.9100_,2547,13.tse.tw|2807,20260907,14:30:00,2547.tw,1788762600000,14:30:00,5_14_18_55_102_,14_87_146_87_159_,0,000000,1205,10.1000,14,12,9.9700,9.9300,日勝生,10.1000,0,tse,24,13:30:00,10.9500,1455,8.9900,日勝生活科技股份有限公司,9.9800,9.9500,0,TWSE,
2548.tw,69,66,20.tse.tw|2231105,94.3000,0,0,94.8000,94.6000,000000,20260907,tse_2548.tw_20260907,94.2000_94.3000_94.4000_94.5000_94.6000_,94.1000_94.0000_93.9000_93.8000_93.7000_,2548,13.tse.tw|2944,20260907,14:30:00,2548.tw,1788762600000,14:30:00,9_6_10_8_12_,1_3_11_3_13_,0,000000,653,95.0000,14,12,94.6000,93.3000,華固,95.0000,0,tse,69,13:30:00,104.0000,539,85.2000,華固建設股份有限公司,94.6000,94.2000,0,TWSE,
2597.tw,7,4,20.tse.tw|2231450,171.0000,0,0,171.0000,170.0000,000000,20260907,tse_2597.tw_20260907,171.5000_172.0000_172.5000_173.0000_173.5000_,170.5000_169.5000_169.0000_168.5000_168.0000_,2597,13.tse.tw|3080,20260907,14:30:00,2597.tw,1788762600000,14:30:00,13_22_8_31_8_,1_6_15_12_15_,0,000000,163,171.5000,14,12,170.0000,169.0000,潤弘,171.5000,0,tse,7,13:30:00,185.5000,124,152.5000,潤弘精密工程事業股份有限公司,169.0000,171.0000,0,TWSE,
2601.tw,28,28,9.tse.tw|17148,6.8000,0,1,6.7900,6.7700,000000,20260907,tse_2601.tw_20260907,6.8100_6.8200_6.8300_6.8400_6.8500_,6.8000_6.7900_6.7800_6.7700_6.7600_,2601,13.tse.tw|3216,20260907,14:30:00,2601.tw,1788762600000,14:30:00,41_24_14_25_42_,17_22_104_12_18_,0,000000,493,6.8500,15,12,6.7900,6.7200,益航,6.7900,0,tse,28,13:30:00,7.4600,2007,6.1200,益航股份有限公司,6.7900,6.8000,0,TWSE,
2603.tw,763,750,9.tse.tw|17149,233.0000,0,4,233.0000,232.5000,000000,20260907,tse_2603.tw_20260907,233.5000_234.0000_234.5000_235.0000_235.5000_,233.0000_232.5000_232.0000_231.5000_231.0000_,2603,13.tse.tw|3352,20260907,14:30:00,2603.tw,1788762600000,14:30:00,115_269_359_605_94_,27_95_247_223_331_,0,000000,5565,235.0000,15,12,233.0000,232.0000,長榮,234.0000,0,tse,763,13:30:00,256.0000,5502,210.0000,長榮海運股份有限公司,233.0000,233.0000,0,TWSE,
2605.tw,283,281,9.tse.tw|17150,36.3500,0,10,36.3000,36.2500,000000,20260907,tse_2605.tw_20260907,36.3500_36.4000_36.4500_36.5000_36.5500_,36.3000_36.2500_36.2000_36.1500_36.1000_,2605,13.tse.tw|2054,20260907,14:30:00,2605.tw,1788762600000,14:30:00,104_113_188_371_123_,29_15_27_38_73_,0,000000,750,36.6000,15,12,36.2500,35.8000,新興,36.0000,0,tse,283,13:30:00,39.4000,7614,32.3000,新興航運股份有限公司,35.8500,36.3500,0,TWSE,
2606.tw,413,410,9.tse.tw|17151,78.6000,0,3,78.7000,78.6000,000000,20260907,tse_2606.tw_20260907,78.6000_78.7000_78.8000_78.9000_79.0000_,78.5000_78.4000_78.3000_78.2000_78.1000_,2606,13.tse.tw|2191,20260907,14:30:00,2606.tw,1788762600000,14:30:00,11_109_31_60_184_,18_54_32_35_58_,0,000000,1094,79.0000,15,12,78.6000,76.7000,裕民,79.0000,0,tse,413,13:30:00,86.0000,5245,70.4000,裕民航運股份有限公司,78.2000,78.6000,0,TWSE,
2607.tw,15,10,20.tse.tw|2231107,53.2000,0,0,53.1000,52.9000,000000,20260907,tse_2607.tw_20260907,53.2000_53.4000_53.5000_53.6000_53.8000_,53.1000_52.9000_52.8000_52.7000_52.6000_,2607,13.tse.tw|2328,20260907,14:30:00,2607.tw,1788762600000,14:30:00,4_2_32_34_6_,2_3_46_8_12_,0,000000,525,54.0000,15,12,53.1000,52.8000,榮運,54.0000,0,tse,15,13:30:00,58.8000,345,48.1500,長榮國際儲運股份有限公司,53.5000,53.1000,0,TWSE,
2608.tw,9,9,9.tse.tw|17153,28.5500,0,1,28.5500,28.4500,000000,20260907,tse_2608.tw_20260907,28.5500_28.6000_28.6500_28.7000_28.7500_,28.5000_28.4500_28.4000_28.3500_28.3000_,2608,13.tse.tw|2465,20260907,14:30:00,2608.tw,1788762600000,14:30:00,9_15_4_2_17_,5_5_50_54_33_,0,000000,502,28.8500,15,12,28.4500,28.4000,嘉里大榮,28.8500,0,tse,9,13:30:00,31.3500,252,25.6500,嘉里大榮物流股份有限公司,28.5000,28.5500,0,TWSE,
2609.tw,1740,1740,9.tse.tw|17154,58.1000,0,76,58.3000,58.2000,000000,20260907,tse_2609.tw_20260907,58.2000_58.3000_58.4000_58.5000_58.6000_,58.1000_58.0000_57.9000_57.8000_57.7000_,2609,13.tse.tw|2602,20260907,14:30:00,2609.tw,1788762600000,14:30:00,672_203_469_546_654_,445_1096_253_641_293_,0,000000,6167,58.7000,15,12,58.3000,58.0000,陽明,58.5000,0,tse,1740,13:30:00,64.0000,15485,52.4000,陽明海運股份有限公司,58.2000,58.1000,0,TWSE,
2610.tw,2212,2006,9.tse.tw|17155,20.5000,0,44,20.5000,20.4500,000000,20260907,tse_2610.tw_20260907,20.4500_20.5000_20.5500_20.6000_20.6500_,20.4000_20.3500_20.3000_20.2500_20.2000_,2610,13.tse.tw|2739,20260907,14:30:00,2610.tw,1788762600000,14:30:00,5_1988_917_837_432_,491_616_1175_656_944_,0,000000,1389,20.6000,15,12,20.4500,20.3000,華航,20.6000,0,tse,2212,13:30:00,22.4500,13778,18.4500,中華航空股份有限公司,20.4500,20.4500,0,TWSE,
2611.tw,35,35,9.tse.tw|17156,14.2500,0,2,14.5000,14.4500,000000,20260907,tse_2611.tw_20260907,14.3000_14.4000_14.4500_14.5000_14.5500_,14.2500_14.2000_14.1500_14.1000_14.0500_,2611,13.tse.tw|2876,20260907,14:30:00,2611.tw,1788762600000,14:30:00,1_10_31_38_20_,15_53_22_97_186_,0,000000,100,14.5500,15,12,14.4500,14.2500,志信,14.5000,0,tse,35,13:30:00,15.8500,471,13.0500,志信國際股份有限公司,14.4500,14.2500,0,TWSE,
2612.tw,60,60,9.tse.tw|17157,64.0000,0,5,64.0000,63.7000,000000,20260907,tse_2612.tw_20260907,64.0000_64.1000_64.2000_64.3000_64.4000_,63.7000_63.5000_63.4000_63.3000_63.2000_,2612,13.tse.tw|3013,20260907,14:30:00,2612.tw,1788762600000,14:30:00,4_7_17_29_19_,2_8_5_15_2_,0,000000,855,64.3000,15,12,63.7000,63.0000,中航,63.8000,0,tse,60,13:30:00,69.6000,593,57.0000,中國航運股份有限公司,63.3000,64.0000,0,TWSE,
2613.tw,98,98,20.tse.tw|2231108,22.6000,0,0,22.8000,22.5500,000000,20260907,tse_2613.tw_20260907,22.9000_22.9500_23.0000_23.0500_23.1000_,22.7000_22.6500_22.6000_22.5500_22.5000_,2613,13.tse.tw|3149,20260907,14:30:00,2613.tw,1788762600000,14:30:00,4_7_31_6_10_,1_13_36_123_37_,0,000000,500,22.9500,15,12,22.8000,22.5500,中櫃,22.7500,0,tse,98,13:30:00,24.9500,400,20.4500,中國貨櫃運輸股份有限公司,22.7000,22.7000,0,TWSE,
2614.tw,147,147,20.tse.tw|2231454,18.0500,0,0,18.1000,18.0500,000000,20260907,tse_2614.tw_20260907,18.1500_18.2000_18.2500_18.3000_18.3500_,18.0500_18.0000_17.9500_17.9000_17.8500_,2614,13.tse.tw|3285,20260907,14:30:00,2614.tw,1788762600000,14:30:00,24_46_27_30_3_,50_166_49_93_81_,0,000000,969,18.3000,20,12,18.0500,18.0500,東森,18.3000,0,tse,147,13:30:00,20.1000,1171,16.5000,東森國際股份有限公司,18.3000,18.0500,0,TWSE,
2615.tw,1100,1090,9.tse.tw|17160,114.5000,0,27,114.5000,114.0000,000000,20260907,tse_2615.tw_20260907,115.0000_115.5000_116.0000_116.5000_117.0000_,114.5000_114.0000_113.5000_113.0000_112.5000_,2615,13.tse.tw|2123,20260907,14:30:00,2615.tw,1788762600000,14:30:00,68_276_896_523_422_,375_606_718_503_292_,0,000000,3581,116.5000,15,12,114.5000,114.0000,萬海,116.0000,0,tse,1100,13:30:00,126.5000,8948,103.5000,萬海,115.0000,114.5000,0,TWSE,
2616.tw,1,1,20.tse.tw|2230819,13.4000,0,0,13.9000,13.5500,000000,20260907,tse_2616.tw_20260907,13.4000_13.4500_13.5000_13.5500_13.6000_,13.3500_13.3000_13.2500_13.2000_13.1500_,2616,13.tse.tw|2260,20260907,14:30:00,2616.tw,1788762600000,14:30:00,9_8_33_21_76_,28_29_21_29_30_,0,000000,216,13.5000,23,12,13.9000,13.3500,山隆,13.5000,0,tse,1,13:30:00,14.7500,80,12.1500,山隆通運股份有限公司,13.4500,13.4000,0,TWSE,
2617.tw,79,77,9.tse.tw|17162,32.9000,0,3,32.9000,32.8000,000000,20260907,tse_2617.tw_20260907,32.9500_33.0000_33.0500_33.1000_33.1500_,32.9000_32.8500_32.8000_32.7500_32.7000_,2617,13.tse.tw|2397,20260907,14:30:00,2617.tw,1788762600000,14:30:00,39_68_47_117_50_,4_5_25_21_24_,0,000000,808,33.1500,15,12,32.9000,32.2000,台航,32.7500,0,tse,79,13:30:00,35.6500,3584,29.2500,台灣航業股份有限公司,32.4500,32.9000,0,TWSE,
2618.tw,3300,3253,9.tse.tw|17163,42.1000,0,16,42.0500,41.9500,000000,20260907,tse_2618.tw_20260907,42.1000_42.1500_42.2000_42.2500_42.3000_,42.0500_42.0000_41.9500_41.9000_41.8500_,2618,13.tse.tw|2534,20260907,14:30:00,2618.tw,1788762600000,14:30:00,33_214_204_386_90_,97_49_157_154_231_,0,000000,3580,42.8000,15,12,41.9500,41.8000,長榮航,42.8000,0,tse,3300,13:30:00,46.7500,12861,38.2500,長榮航空股份有限公司,42.5000,42.1000,0,TWSE,
2630.tw,48,48,9.tse.tw|17164,49.8000,0,3,50.0000,49.9000,000000,20260907,tse_2630.tw_20260907,49.8500_49.9000_49.9500_50.0000_50.1000_,49.8000_49.7500_49.7000_49.6500_49.6000_,2630,13.tse.tw|2671,20260907,14:30:00,2630.tw,1788762600000,14:30:00,2_2_2_12_5_,27_14_10_13_14_,0,000000,1281,50.9000,15,12,49.9000,49.6500,亞航,50.9000,0,tse,48,13:30:00,55.2000,657,45.2000,亞洲航空股份有限公司,50.2000,49.8000,0,TWSE,
2633.tw,684,646,9.tse.tw|17165,26.0000,0,2,26.1500,26.0000,000000,20260907,tse_2633.tw_20260907,26.0500_26.1000_26.1500_26.2000_26.2500_,26.0000_25.9500_25.9000_25.8500_25.8000_,2633,13.tse.tw|2808,20260907,14:30:00,2633.tw,1788762600000,14:30:00,32_103_69_168_215_,558_608_610_339_216_,0,000000,2535,26.1500,15,12,26.0000,25.9500,台灣高鐵,26.1000,0,tse,684,13:30:00,28.7000,5275,23.5000,台灣高速鐵路股份有限公司,26.1000,26.0000,0,TWSE,
2634.tw,635,580,9.tse.tw|17166,66.3000,0,24,66.4000,66.3000,000000,20260907,tse_2634.tw_20260907,66.3000_66.4000_66.5000_66.6000_66.7000_,66.2000_66.1000_66.0000_65.9000_65.8000_,2634,13.tse.tw|2945,20260907,14:30:00,2634.tw,1788762600000,14:30:00,53_10_91_46_144_,32_65_130_74_141_,0,000000,4843,66.8000,15,12,66.3000,64.7000,漢翔,66.1000,0,tse,635,13:30:00,71.5000,10690,58.5000,漢翔航空工業股份有限公司,65.0000,66.3000,0,TWSE,
2636.tw,10,10,20.tse.tw|2231109,69.5000,0,0,70.0000,69.5000,000000,20260907,tse_2636.tw_20260907,69.6000_69.7000_69.8000_69.9000_70.0000_,69.5000_69.4000_69.3000_69.1000_69.0000_,2636,13.tse.tw|3081,20260907,14:30:00,2636.tw,1788762600000,14:30:00,3_5_22_11_11_,5_5_3_4_10_,0,000000,153,69.7000,15,12,69.5000,68.9000,台驊控股,69.4000,0,tse,10,13:30:00,76.3000,245,62.5000,台驊國際控股股份有限公司,69.4000,69.5000,0,TWSE,
2637.tw,203,203,9.tse.tw|17168,99.2000,0,12,99.2000,99.0000,000000,20260907,tse_2637.tw_20260907,99.2000_99.3000_99.4000_99.5000_99.6000_,99.0000_98.9000_98.8000_98.7000_98.6000_,2637,13.tse.tw|3217,20260907,14:30:00,2637.tw,1788762600000,14:30:00,17_3_6_46_24_,5_26_8_10_13_,0,000000,513,101.0000,15,12,99.2000,97.5000,慧洋-KY,100.5000,0,tse,203,13:30:00,109.5000,2737,89.9000,慧洋海運股份有限公司,99.8000,99.2000,0,TWSE,RR
2642.tw,1,1,20.tse.tw|2231455,20.4000,0,0,21.5000,20.5000,000000,20260907,tse_2642.tw_20260907,20.4000_20.4500_20.5500_20.6000_20.6500_,20.3000_20.2500_20.2000_20.1000_20.0500_,2642,13.tse.tw|3353,20260907,14:30:00,2642.tw,1788762600000,14:30:00,1_1_1_5_2_,35_5_3_5_6_,0,000000,26,20.6000,15,12,20.5000,20.3500,宅配通,20.4000,0,tse,1,13:30:00,22.4500,67,18.4500,台灣宅配通股份有限公司,20.4500,20.4000,0,TWSE,
2645.tw,49,48,20.tse.tw|2230326,174.0000,0,0,175.0000,174.5000,000000,20260907,tse_2645.tw_20260907,174.5000_175.0000_175.5000_176.0000_176.5000_,174.0000_173.5000_173.0000_172.5000_172.0000_,2645,13.tse.tw|2055,20260907,14:30:00,2645.tw,1788762600000,14:30:00,5_21_41_90_60_,9_49_65_100_40_,0,000000,120,176.5000,15,12,175.0000,174.0000,長榮航太,175.0000,1,tse,49,13:30:00,190.5000,940,156.5000,長榮航太科技股份有限公司,173.5000,174.0000,0,TWSE,
2646.tw,142,118,9.tse.tw|17171,20.5000,0,5,20.6500,20.6000,000000,20260907,tse_2646.tw_20260907,20.5000_20.5500_20.6000_20.6500_20.7000_,20.4500_20.4000_20.3500_20.3000_20.2500_,2646,13.tse.tw|2192,20260907,14:30:00,2646.tw,1788762600000,14:30:00,82_151_82_123_57_,436_745_244_364_297_,0,000000,1889,20.7500,15,12,20.6000,20.4500,星宇航空,20.7500,0,tse,142,13:30:00,22.7000,3104,18.6000,星宇航空股份有限公司,20.6500,20.5000,0,TWSE,
2701.tw,1,1,20.tse.tw|2231110,10.4000,0,0,10.4000,10.3500,000000,20260907,tse_2701.tw_20260907,10.4500_10.5000_10.5500_10.6000_10.6500_,10.4000_10.3500_10.3000_10.2500_10.2000_,2701,13.tse.tw|2329,20260907,14:30:00,2701.tw,1788762600000,14:30:00,3_16_13_23_7_,6_39_28_13_21_,0,000000,20,10.5000,16,12,10.4000,10.4000,萬企,10.4000,0,tse,1,13:30:00,11.4000,65,9.3600,萬華企業股份有限公司,10.4000,10.4000,0,TWSE,
2702.tw,4,4,20.tse.tw|2231457,12.7000,0,0,12.6500,12.5000,000000,20260907,tse_2702.tw_20260907,12.7000_12.7500_12.8000_12.9000_13.0000_,12.6000_12.5500_12.5000_12.4500_12.4000_,2702,13.tse.tw|2466,20260907,14:30:00,2702.tw,1788762600000,14:30:00,23_16_17_5_5_,4_52_13_4_4_,0,000000,594,12.8000,16,12,12.5000,12.5000,華園,12.8000,0,tse,4,13:30:00,13.9500,57,11.4500,華園飯店股份有限公司,12.7000,12.7000,0,TWSE,
2704.tw,3,3,20.tse.tw|2230667,45.6000,0,0,45.7000,45.1000,000000,20260907,tse_2704.tw_20260907,45.6000_45.6500_45.7000_45.7500_45.8000_,45.5000_45.4500_45.4000_45.3500_45.3000_,2704,13.tse.tw|2603,20260907,14:30:00,2704.tw,1788762600000,14:30:00,5_6_10_7_4_,25_11_25_15_5_,0,000000,744,45.9500,16,12,45.1000,45.4000,國賓,45.9500,0,tse,3,13:30:00,50.0000,88,40.9500,國賓大飯店股份有限公司,45.5000,45.6000,0,TWSE,
2705.tw,5,5,9.tse.tw|17175,15.6500,0,1,15.7000,15.2000,000000,20260907,tse_2705.tw_20260907,15.6500_15.7000_15.7500_15.8000_15.8500_,15.6000_15.5500_15.5000_15.4500_15.4000_,2705,13.tse.tw|2740,20260907,14:30:00,2705.tw,1788762600000,14:30:00,4_11_8_16_5_,4_2_13_1_9_,0,000000,2132,15.8500,16,12,15.2000,15.5500,六福,15.8500,0,tse,5,13:30:00,17.3000,94,14.2000,六福開發股份有限公司,15.7500,15.6500,0,TWSE,
2706.tw,21,21,20.tse.tw|2231111,12.5500,0,0,12.6000,12.5000,000000,20260907,tse_2706.tw_20260907,12.6000_12.6500_12.7000_12.7500_12.8000_,12.5500_12.5000_12.4500_12.4000_12.3500_,2706,13.tse.tw|2877,20260907,14:30:00,2706.tw,1788762600000,14:30:00,31_25_12_44_75_,1_82_145_34_1005_,0,000000,-,12.6000,16,12,0.0000,12.4500,第一店,12.5500,0,tse,21,13:30:00,13.8000,310,11.3000,第一華僑大飯店股份有限公司,12.5500,12.5500,0,TWSE,
2707.tw,7,8,20.tse.tw|2230327,179.0000,0,0,179.5000,179.0000,000000,20260907,tse_2707.tw_20260907,179.0000_179.5000_180.0000_180.5000_181.0000_,178.5000_178.0000_177.5000_177.0000_176.5000_,2707,13.tse.tw|3014,20260907,14:30:00,2707.tw,1788762600000,14:30:00,14_13_30_10_18_,1_15_23_35_15_,0,000000,17,180.0000,16,12,179.5000,177.5000,晶華,180.0000,0,tse,7,13:30:00,196.5000,102,161.5000,晶華國際酒店股份有限公司,179.0000,179.0000,0,TWSE,
2712.tw,-,-,20.tse.tw|2231459,-,0,0,0.0000,14.2000,000000,20260907,tse_2712.tw_20260907,14.6000_14.6500_14.8500_14.9000_15.0000_,14.2500_14.2000_14.1500_14.1000_14.0500_,2712,13.tse.tw|3150,20260907,14:30:00,2712.tw,1788762600000,14:30:00,4_1_1_1_3_,6_4_4_4_5_,0,000000,-,14.6000,16,12,0.0000,14.3500,遠雄來,14.3500,0,tse,-,13:30:00,15.8500,20,13.0500,遠雄悅來大飯店股份有限公司,14.4500,-,0,TWSE,
2722.tw,3,1,20.tse.tw|2231112,21.8000,0,0,21.7500,21.6000,000000,20260907,tse_2722.tw_20260907,21.9500_22.0000_22.0500_22.1500_22.2000_,21.6000_21.5500_21.5000_21.4500_21.4000_,2722,13.tse.tw|3286,20260907,14:30:00,2722.tw,1788762600000,14:30:00,2_2_3_3_3_,1_1_3_2_2_,0,000000,268,22.0500,16,12,21.6000,21.4000,夏都,21.6000,0,tse,3,13:30:00,23.5500,33,19.3500,夏都國際開發股份有限公司,21.4500,21.8500,0,TWSE,
2723.tw,12,12,20.tse.tw|2231460,82.4000,0,0,82.3000,82.1000,000000,20260907,tse_2723.tw_20260907,82.5000_82.6000_82.7000_82.8000_82.9000_,82.4000_82.3000_82.2000_82.1000_82.0000_,2723,13.tse.tw|2124,20260907,14:30:00,2723.tw,1788762600000,14:30:00,1_1_1_2_1_,6_1_6_4_6_,0,000000,-,83.8000,16,12,0.0000,81.5000,美食-KY,83.8000,0,tse,12,13:30:00,90.7000,248,74.3000,GOURMET MASTER,82.5000,82.4000,0,TWSE,RR
2727.tw,15,15,20.tse.tw|2231461,230.0000,0,0,231.0000,230.5000,000000,20260907,tse_2727.tw_20260907,230.5000_231.0000_231.5000_232.0000_232.5000_,230.0000_229.5000_229.0000_228.5000_228.0000_,2727,13.tse.tw|2261,20260907,14:30:00,2727.tw,1788762600000,14:30:00,10_11_7_10_4_,7_9_22_43_87_,0,000000,334,233.5000,16,12,230.5000,228.0000,王品,233.5000,0,tse,15,13:30:00,255.0000,293,209.0000,王品餐飲股份有限公司,232.0000,230.0000,0,TWSE,
2731.tw,6,6,20.tse.tw|2231462,144.5000,0,0,145.5000,145.0000,000000,20260907,tse_2731.tw_20260907,144.5000_145.0000_145.5000_146.0000_146.5000_,144.0000_143.5000_143.0000_142.5000_142.0000_,2731,13.tse.tw|2398,20260907,14:30:00,2731.tw,1788762600000,14:30:00,23_35_18_44_12_,4_11_49_31_49_,0,000000,35,145.0000,16,12,145.0000,143.0000,雄獅,145.0000,0,tse,6,13:30:00,158.0000,178,130.0000,雄獅旅行社股份有限公司,144.0000,144.5000,0,TWSE,
2739.tw,1,1,20.tse.tw|2230510,37.9500,0,0,38.1000,37.9000,000000,20260907,tse_2739.tw_20260907,38.0000_38.0500_38.1000_38.1500_38.2000_,37.9000_37.8500_37.8000_37.6500_37.6000_,2739,13.tse.tw|2535,20260907,14:30:00,2739.tw,1788762600000,14:30:00,5_10_5_1_13_,2_2_1_2_5_,0,000000,-,38.3500,16,12,0.0000,37.6000,寒舍,38.0000,0,tse,1,13:30:00,41.8000,63,34.2000,寒舍餐旅管理顧問股份有限公司,38.0000,37.9500,0,TWSE,
2748.tw,2,2,20.tse.tw|2231463,38.8500,0,0,39.0000,38.4500,000000,20260907,tse_2748.tw_20260907,38.9500_39.0000_39.0500_39.1000_39.1500_,38.8500_38.8000_38.6500_38.6000_38.5500_,2748,13.tse.tw|2672,20260907,14:30:00,2748.tw,1788762600000,14:30:00,2_36_2_7_4_,1_1_3_9_8_,0,000000,-,39.2000,16,12,0.0000,38.6000,雲品,39.0000,0,tse,2,13:30:00,42.7000,88,35.0000,雲品國際酒店股份有限公司,38.8500,38.8500,0,TWSE,
2753.tw,5,5,9.tse.tw|17185,179.5000,0,1,180.5000,180.0000,000000,20260907,tse_2753.tw_20260907,180.0000_180.5000_181.0000_181.5000_182.0000_,179.5000_179.0000_178.5000_178.0000_177.5000_,2753,13.tse.tw|2809,20260907,14:30:00,2753.tw,1788762600000,14:30:00,18_4_5_6_12_,1_31_21_28_10_,0,000000,30,180.0000,16,12,180.5000,179.0000,八方雲集,180.0000,0,tse,5,13:30:00,197.0000,75,162.0000,八方雲集國際股份有限公司,179.5000,179.5000,0,TWSE,
2762.tw,1,1,20.tse.tw|2231113,82.2000,0,0,82.3000,82.2000,000000,20260907,tse_2762.tw_20260907,82.4000_82.5000_82.7000_82.8000_82.9000_,82.2000_82.1000_81.6000_81.5000_81.4000_,2762,13.tse.tw|2946,20260907,14:30:00,2762.tw,1788762600000,14:30:00,4_1_5_3_6_,1_1_1_5_10_,0,000000,5,82.8000,37,12,82.3000,81.3000,世界健身-KY,82.8000,0,tse,1,13:30:00,90.0000,65,73.8000,世界健身股份有限公司,81.9000,82.2000,0,TWSE,RR
2801.tw,4929,4810,9.tse.tw|17187,26.5500,0,72,26.5500,26.5000,000000,20260907,tse_2801.tw_20260907,26.5000_26.5500_26.6000_26.6500_26.7000_,26.4500_26.4000_26.3500_26.3000_26.2500_,2801,13.tse.tw|3082,20260907,14:30:00,2801.tw,1788762600000,14:30:00,180_1068_929_593_641_,140_112_181_665_1027_,0,000000,21582,26.8000,17,12,26.5000,26.2000,彰銀,26.8000,0,tse,4929,13:30:00,29.2500,23962,23.9500,彰化商業銀行股份有限公司,26.6000,26.5000,0,TWSE,
2812.tw,645,583,9.tse.tw|17188,19.2000,0,15,19.3000,19.2500,000000,20260907,tse_2812.tw_20260907,19.2500_19.3000_19.3500_19.4000_19.4500_,19.2000_19.1500_19.1000_19.0500_19.0000_,2812,13.tse.tw|3218,20260907,14:30:00,2812.tw,1788762600000,14:30:00,164_358_382_371_399_,99_433_1425_1633_1706_,0,000000,9373,19.4500,17,12,19.2500,19.0500,台中銀,19.4500,0,tse,645,13:30:00,21.2500,13943,17.4500,台中商業銀行股份有限公司,19.3500,19.2500,0,TWSE,
2816.tw,15,13,20.tse.tw|2231115,38.8000,0,0,38.9500,38.9000,000000,20260907,tse_2816.tw_20260907,38.8500_38.9500_39.0000_39.1000_39.1500_,38.8000_38.7500_38.7000_38.6500_38.6000_,2816,13.tse.tw|3354,20260907,14:30:00,2816.tw,1788762600000,14:30:00,2_6_1_7_3_,5_10_12_8_9_,0,000000,136,40.3000,17,12,38.9000,38.7500,旺旺保,40.3000,0,tse,15,13:30:00,44.0000,684,36.0000,旺旺友聯產物保險股份有限公司,40.0000,38.8000,0,TWSE,
2820.tw,64,64,20.tse.tw|2230820,16.8500,0,0,16.9500,16.8500,000000,20260907,tse_2820.tw_20260907,16.9000_16.9500_17.0000_17.0500_17.1000_,16.8500_16.8000_16.7500_16.7000_16.6500_,2820,13.tse.tw|2056,20260907,14:30:00,2820.tw,1788762600000,14:30:00,42_133_159_63_297_,42_368_343_249_195_,0,000000,942,17.1000,17,12,16.8500,16.7500,華票,17.1000,0,tse,64,13:30:00,18.8000,3693,15.4000,中華票券金融股份有限公司,17.1000,16.8500,0,TWSE,
2832.tw,2,1,20.tse.tw|2231116,57.9000,0,0,58.5000,58.2000,000000,20260907,tse_2832.tw_20260907,58.4000_58.5000_58.6000_58.7000_58.8000_,57.9000_57.8000_57.7000_57.6000_57.5000_,2832,13.tse.tw|2193,20260907,14:30:00,2832.tw,1788762600000,14:30:00,7_3_9_24_7_,8_10_9_16_40_,0,000000,152,58.7000,17,12,58.2000,57.9000,台產,58.7000,0,tse,2,13:30:00,64.3000,157,52.7000,台灣產物保險股份有限公司,58.5000,57.9000,0,TWSE,
2834.tw,4368,3600,9.tse.tw|17192,17.2000,0,36,17.2500,17.2000,000000,20260907,tse_2834.tw_20260907,17.2000_17.2500_17.3000_17.3500_17.4000_,17.1500_17.1000_17.0500_17.0000_16.9500_,2834,13.tse.tw|2330,20260907,14:30:00,2834.tw,1788762600000,14:30:00,39_1372_2895_1737_1731_,283_2416_2039_3205_3432_,0,000000,50850,17.2000,17,12,17.2000,16.9000,臺企銀,17.0500,0,tse,4368,13:30:00,18.7000,42178,15.3000,臺灣中小企業銀行股份有限公司,17.0000,17.2000,0,TWSE,
2836.tw,105,103,20.tse.tw|2231464,12.2500,0,0,12.2500,12.2000,000000,20260907,tse_2836.tw_20260907,12.2500_12.3000_12.3500_12.4000_12.4500_,12.2000_12.1500_12.1000_12.0500_12.0000_,2836,13.tse.tw|2467,20260907,14:30:00,2836.tw,1788762600000,14:30:00,72_304_253_315_88_,17_218_116_180_306_,0,000000,1626,12.3000,17,12,12.2500,12.1500,高雄銀,12.3000,0,tse,105,13:30:00,13.4500,1211,11.0500,高雄銀行股份有限公司,12.2500,12.2000,0,TWSE,
2838.tw,106,82,9.tse.tw|17195,20.9000,0,1,21.0000,20.9500,000000,20260907,tse_2838.tw_20260907,20.9500_21.0000_21.0500_21.1000_21.1500_,20.9000_20.8500_20.8000_20.7500_20.7000_,2838,13.tse.tw|2741,20260907,14:30:00,2838.tw,1788762600000,14:30:00,108_265_106_184_24_,107_137_64_212_407_,0,000000,1529,21.0000,17,12,20.9500,20.7000,聯邦銀,20.9000,0,tse,106,13:30:00,22.9000,2341,18.8000,聯邦商業銀行股份有限公司,20.8500,20.9500,0,TWSE,
2845.tw,2042,1999,9.tse.tw|17197,13.7500,0,33,13.7500,13.7000,000000,20260907,tse_2845.tw_20260907,13.7500_13.8000_13.8500_13.9000_13.9500_,13.7000_13.6500_13.6000_13.5500_13.5000_,2845,13.tse.tw|3015,20260907,14:30:00,2845.tw,1788762600000,14:30:00,644_2456_1093_448_345_,361_567_283_486_1079_,0,000000,4524,13.8000,17,12,13.7500,13.5500,遠東銀,13.7000,0,tse,2042,13:30:00,15.0000,14792,12.3000,遠東國際商業銀行股份有限公司,13.6500,13.7500,0,TWSE,
2849.tw,8,8,20.tse.tw|2230514,15.7000,0,0,15.7500,15.6500,000000,20260907,tse_2849.tw_20260907,15.7500_15.8000_15.8500_15.9000_15.9500_,15.7000_15.6500_15.6000_15.5500_15.5000_,2849,13.tse.tw|3151,20260907,14:30:00,2849.tw,1788762600000,14:30:00,11_62_49_76_47_,4_2_19_15_11_,0,000000,870,16.1500,17,12,15.6500,15.1000,安泰銀,15.1000,0,tse,8,13:30:00,16.5500,702,13.5500,安泰商業銀行股份有限公司,15.0500,15.7000,0,TWSE,
2850.tw,19,19,20.tse.tw|2231465,157.0000,0,0,158.5000,158.0000,000000,20260907,tse_2850.tw_20260907,157.5000_158.0000_158.5000_159.0000_159.5000_,157.0000_156.5000_156.0000_155.5000_155.0000_,2850,13.tse.tw|3287,20260907,14:30:00,2850.tw,1788762600000,14:30:00,6_5_8_11_14_,1_48_83_16_39_,0,000000,787,161.0000,17,12,158.0000,156.5000,新產,161.0000,0,tse,19,13:30:00,174.5000,445,143.5000,新光產物保險股份有限公司,159.0000,157.0000,0,TWSE,
2851.tw,163,127,9.tse.tw|17200,44.8500,0,3,44.9500,44.9000,000000,20260907,tse_2851.tw_20260907,44.9500_45.0000_45.0500_45.1000_45.1500_,44.9000_44.8500_44.8000_44.7500_44.7000_,2851,13.tse.tw|2125,20260907,14:30:00,2851.tw,1788762600000,14:30:00,20_47_27_16_12_,4_6_3_40_9_,0,000000,899,46.9000,17,12,44.9500,44.4500,中再保,46.9000,0,tse,163,13:30:00,51.3000,4219,42.0000,中央再保險股份有限公司,46.6500,44.9500,0,TWSE,
2852.tw,108,108,20.tse.tw|2230330,27.9500,0,0,28.5000,28.0500,000000,20260907,tse_2852.tw_20260907,28.1500_28.2000_28.2500_28.3000_28.3500_,27.9500_27.9000_27.8500_27.8000_27.7500_,2852,13.tse.tw|2262,20260907,14:30:00,2852.tw,1788762600000,14:30:00,19_14_15_16_13_,12_31_13_54_81_,0,000000,50,28.4500,17,12,28.5000,27.9500,第一保,28.4500,0,tse,108,13:30:00,31.1000,427,25.5000,第一產物保險股份有限公司,28.3000,27.9500,0,TWSE,
2855.tw,213,209,9.tse.tw|17202,52.0000,0,6,52.1000,52.0000,000000,20260907,tse_2855.tw_20260907,52.0000_52.1000_52.2000_52.3000_52.4000_,51.8000_51.7000_51.6000_51.5000_51.4000_,2855,13.tse.tw|2399,20260907,14:30:00,2855.tw,1788762600000,14:30:00,40_82_156_148_155_,11_8_37_671_34_,0,000000,3300,52.3000,17,12,52.0000,50.4000,統一證,51.2000,0,tse,213,13:30:00,55.7000,5619,45.6500,統一綜合證券股份有限公司,50.7000,52.0000,0,TWSE,BS
2880.tw,1299,1195,9.tse.tw|17203,44.4000,0,1,44.2500,44.2000,000000,20260907,tse_2880.tw_20260907,44.3500_44.4000_44.4500_44.5000_44.5500_,44.2000_44.1500_44.1000_44.0000_43.9500_,2880,13.tse.tw|2536,20260907,14:30:00,2880.tw,1788762600000,14:30:00,29_1132_212_396_423_,2_85_89_100_82_,0,000000,18295,44.7000,17,12,44.2000,43.9500,華南金,44.7000,0,tse,1299,13:30:00,48.4000,12898,39.6000,華南金融控股股份有限公司,44.0000,44.3500,0,TWSE,
2881.tw,1882,1713,9.tse.tw|17204,149.0000,0,12,149.5000,149.0000,000000,20260907,tse_2881.tw_20260907,150.0000_150.5000_151.0000_151.5000_152.0000_,149.5000_149.0000_148.5000_148.0000_147.5000_,2881,13.tse.tw|2673,20260907,14:30:00,2881.tw,1788762600000,14:30:00,375_321_511_428_253_,1_341_289_844_247_,0,000000,10140,155.5000,17,12,149.5000,148.0000,富邦金,155.0000,0,tse,1882,13:30:00,165.5000,21266,135.5000,富邦金融控股股份有限公司,150.5000,149.5000,0,TWSE,
2882.tw,1598,1467,9.tse.tw|17208,114.5000,0,8,114.5000,114.0000,000000,20260907,tse_2882.tw_20260907,114.5000_115.0000_115.5000_116.0000_116.5000_,114.0000_113.5000_113.0000_112.5000_112.0000_,2882,13.tse.tw|3219,20260907,14:30:00,2882.tw,1788762600000,14:30:00,266_680_994_1044_489_,411_598_1057_609_364_,0,000000,21144,117.0000,17,12,114.0000,113.5000,國泰金,117.0000,0,tse,1598,13:30:00,126.5000,25012,103.5000,國泰金融控股股份有限公司,115.0000,114.5000,0,TWSE,
2883.tw,5176,4974,9.tse.tw|17211,36.9500,0,10,36.8500,36.8000,000000,20260907,tse_2883.tw_20260907,36.9500_37.0000_37.0500_37.1000_37.1500_,36.9000_36.8500_36.8000_36.7500_36.7000_,2883,13.tse.tw|2194,20260907,14:30:00,2883.tw,1788762600000,14:30:00,805_1350_899_668_650_,106_949_11_447_233_,0,000000,26746,37.4500,17,12,36.8000,36.3000,凱基金,37.1000,0,tse,5176,13:30:00,40.3500,51039,33.0500,凱基金融控股股份有限公司,36.7000,36.9500,0,TWSE,
2884.tw,7107,6671,9.tse.tw|17213,43.6000,0,21,43.5500,43.5000,000000,20260907,tse_2884.tw_20260907,43.5500_43.6000_43.6500_43.7000_43.7500_,43.5000_43.4500_43.4000_43.3500_43.3000_,2884,13.tse.tw|2468,20260907,14:30:00,2884.tw,1788762600000,14:30:00,460_312_211_460_198_,60_69_225_611_355_,0,000000,30471,44.4000,17,12,43.5500,43.2500,玉山金,44.0000,0,tse,7107,13:30:00,47.9000,52927,39.2000,玉山金融控股股份有限公司,43.5500,43.5500,0,TWSE,
2885.tw,1923,1923,9.tse.tw|17214,70.2000,0,3,70.3000,70.2000,000000,20260907,tse_2885.tw_20260907,70.2000_70.3000_70.4000_70.5000_70.6000_,70.1000_70.0000_69.9000_69.8000_69.7000_,2885,13.tse.tw|2605,20260907,14:30:00,2885.tw,1788762600000,14:30:00,1020_461_458_551_458_,12_5_275_37_73_,0,000000,28255,70.9000,17,12,70.2000,69.1000,元大金,70.9000,0,tse,1923,13:30:00,76.7000,20279,62.9000,元大金融控股股份有限公司,69.8000,70.2000,0,TWSE,
2886.tw,3272,3030,9.tse.tw|17215,50.3000,0,42,50.0000,49.9500,000000,20260907,tse_2886.tw_20260907,50.2000_50.3000_50.4000_50.5000_50.6000_,50.1000_50.0000_49.9500_49.9000_49.8500_,2886,13.tse.tw|2742,20260907,14:30:00,2886.tw,1788762600000,14:30:00,650_578_1007_768_114_,475_189_39_109_3_,0,000000,12924,50.4000,17,12,50.0000,49.3000,兆豐金,50.4000,0,tse,3272,13:30:00,54.5000,20052,44.6000,兆豐金融控股股份有限公司,49.5500,50.2000,0,TWSE,
2887.tw,5898,5490,9.tse.tw|17216,41.2000,0,132,41.1500,41.1000,000000,20260907,tse_2887.tw_20260907,41.1500_41.2000_41.2500_41.3000_41.3500_,41.1000_41.0500_41.0000_40.9500_40.9000_,2887,13.tse.tw|2879,20260907,14:30:00,2887.tw,1788762600000,14:30:00,358_495_261_600_523_,707_223_593_114_668_,0,000000,39903,41.8500,17,12,41.1000,40.7000,台新新光金,41.8500,0,tse,5898,13:30:00,45.6500,56998,37.3500,台新新光金融控股股份有限公司,41.5000,41.1000,0,TWSE,
2889.tw,387,387,9.tse.tw|17223,16.4500,0,30,16.5000,16.4500,000000,20260907,tse_2889.tw_20260907,16.5000_16.5500_16.6000_16.6500_16.7000_,16.4500_16.4000_16.3500_16.3000_16.2500_,2889,13.tse.tw|2537,20260907,14:30:00,2889.tw,1788762600000,14:30:00,222_170_517_700_853_,49_294_716_1253_450_,0,000000,6028,16.7000,17,12,16.4500,16.3500,國票金,16.6500,0,tse,387,13:30:00,18.2500,15541,14.9500,國票金融控股股份有限公司,16.6000,16.4500,0,TWSE,
2890.tw,2413,2413,9.tse.tw|17224,42.6000,0,13,42.6000,42.5500,000000,20260907,tse_2890.tw_20260907,42.6000_42.6500_42.7000_42.7500_42.8000_,42.5500_42.5000_42.4500_42.4000_42.3500_,2890,13.tse.tw|2674,20260907,14:30:00,2890.tw,1788762600000,14:30:00,53_163_175_122_251_,37_52_107_257_190_,0,000000,13280,43.2500,17,12,42.6000,42.1500,永豐金,43.2500,0,tse,2413,13:30:00,47.1000,18938,38.6000,永豐金融控股股份有限公司,42.8500,42.6000,0,TWSE,
2891.tw,3393,2580,9.tse.tw|17225,67.9000,0,9,67.7000,67.6000,000000,20260907,tse_2891.tw_20260907,67.5000_67.6000_67.7000_67.8000_67.9000_,67.4000_67.3000_67.2000_67.1000_67.0000_,2891,13.tse.tw|2811,20260907,14:30:00,2891.tw,1788762600000,14:30:00,46_254_56_255_553_,96_276_592_815_1964_,0,000000,8463,69.5000,17,12,67.6000,67.1000,中信金,68.4000,0,tse,3393,13:30:00,75.2000,29079,61.6000,中國信託金融控股股份有限公司,68.4000,67.4000,0,TWSE,
2892.tw,3212,2799,9.tse.tw|17228,37.4000,0,44,37.3000,37.2500,000000,20260907,tse_2892.tw_20260907,37.3500_37.4000_37.4500_37.5000_37.5500_,37.3000_37.2500_37.2000_37.1500_37.1000_,2892,13.tse.tw|3220,20260907,14:30:00,2892.tw,1788762600000,14:30:00,362_216_181_492_372_,116_133_97_52_273_,0,000000,19473,38.0000,17,12,37.3000,36.8500,第一金,38.0000,0,tse,3212,13:30:00,41.0000,38739,33.6000,第一金融控股股份有限公司,37.3000,37.3000,0,TWSE,
2897.tw,224,224,20.tse.tw|2230521,10.7500,0,0,10.8000,10.7500,000000,20260907,tse_2897.tw_20260907,10.7500_10.8000_10.8500_10.9000_10.9500_,10.7000_10.6500_10.6000_10.5500_10.5000_,2897,13.tse.tw|3356,20260907,14:30:00,2897.tw,1788762600000,14:30:00,52_61_204_409_1592_,1041_449_657_319_401_,0,000000,310,10.9500,17,12,10.8000,10.7000,王道銀行,10.9000,0,tse,224,13:30:00,11.9000,7800,9.7700,王道商業銀行股份有限公司,10.8500,10.7500,0,TWSE,FB
2901.tw,-,-,20.tse.tw|2230343,-,0,0,23.6000,23.4500,000000,20260907,tse_2901.tw_20260907,23.7000_23.9000_24.8500_25.0000_25.9500_,23.4500_23.2000_23.1500_23.1000_23.0000_,2901,13.tse.tw|2195,20260907,14:30:00,2901.tw,1788762600000,14:30:00,6_1_1_5_5_,1_1_2_1_1_,0,000000,100,23.8000,18,12,23.6000,23.1500,欣欣,23.8000,0,tse,-,13:30:00,25.9500,15,21.2500,欣欣大眾市場股份有限公司,23.6000,-,0,TWSE,
2903.tw,76,76,9.tse.tw|17232,22.2500,0,3,22.3500,22.3000,000000,20260907,tse_2903.tw_20260907,22.3000_22.3500_22.4000_22.4500_22.5000_,22.2500_22.2000_22.1500_22.1000_22.0500_,2903,13.tse.tw|2332,20260907,14:30:00,2903.tw,1788762600000,14:30:00,28_52_17_41_47_,25_80_141_246_114_,0,000000,1180,22.6000,18,12,22.3500,22.1500,遠百,22.6000,0,tse,76,13:30:00,24.5000,1050,20.1000,遠東百貨股份有限公司,22.3000,22.2500,0,TWSE,
2904.tw,2,2,20.tse.tw|2231470,12.6500,0,0,12.8000,12.6500,000000,20260907,tse_2904.tw_20260907,12.7000_12.8000_12.8500_12.9500_13.0000_,12.6500_12.6000_12.5500_12.5000_12.4500_,2904,13.tse.tw|2469,20260907,14:30:00,2904.tw,1788762600000,14:30:00,2_3_4_4_2_,9_7_4_14_14_,0,000000,782,12.8500,20,12,12.6500,12.6500,匯僑,12.7500,0,tse,2,13:30:00,14.0000,51,11.5000,匯僑股份有限公司,12.7500,12.6500,0,TWSE,
2905.tw,90,81,20.tse.tw|2230824,17.9000,0,0,17.9500,17.9000,000000,20260907,tse_2905.tw_20260907,17.9000_17.9500_18.0000_18.0500_18.1000_,17.8500_17.8000_17.7500_17.7000_17.6500_,2905,13.tse.tw|2606,20260907,14:30:00,2905.tw,1788762600000,14:30:00,1_27_57_58_57_,54_58_26_23_179_,0,000000,872,18.3000,18,12,17.9500,17.9000,三商,18.2500,0,tse,90,13:30:00,19.9500,1480,16.3500,三商投資控股股份有限公司,18.1500,17.9000,0,TWSE,
2906.tw,10,10,20.tse.tw|2231121,13.7500,0,0,13.8000,13.7500,000000,20260907,tse_2906.tw_20260907,13.8000_13.8500_13.9000_13.9500_14.0000_,13.7500_13.6500_13.6000_13.5500_13.5000_,2906,13.tse.tw|2743,20260907,14:30:00,2906.tw,1788762600000,14:30:00,17_10_30_18_34_,5_4_5_3_33_,0,000000,-,13.9000,18,12,0.0000,13.5000,高林,13.9000,0,tse,10,13:30:00,15.2000,145,12.5000,高林實業股份有限公司,13.8500,13.7500,0,TWSE,
2908.tw,102,102,20.tse.tw|2230522,22.1500,0,0,22.3500,22.1000,000000,20260907,tse_2908.tw_20260907,22.5000_22.6000_22.6500_22.7000_22.7500_,22.2500_22.2000_22.1500_22.1000_22.0500_,2908,13.tse.tw|2880,20260907,14:30:00,2908.tw,1788762600000,14:30:00,3_14_3_7_2_,1_12_2_10_1_,0,000000,758,22.6000,18,12,22.1000,22.1500,特力,22.1500,0,tse,102,13:30:00,24.4500,344,20.0500,特力股份有限公司,22.2500,22.2500,0,TWSE,
2910.tw,1,1,20.tse.tw|2231471,23.7500,0,0,23.9500,23.5500,000000,20260907,tse_2910.tw_20260907,24.0500_24.1500_24.3000_24.4500_24.5500_,23.7500_23.6500_23.5000_23.4000_23.1500_,2910,13.tse.tw|3017,20260907,14:30:00,2910.tw,1788762600000,14:30:00,1_6_1_1_1_,4_1_2_1_2_,0,000000,100,24.1500,18,12,23.5500,23.7500,統領,23.8000,0,tse,1,13:30:00,26.0000,33,21.3000,統領百貨股份有限公司,23.6500,23.7500,0,TWSE,
2911.tw,40,40,20.tse.tw|2230523,6.3900,0,0,6.4200,6.3400,000000,20260907,tse_2911.tw_20260907,6.3900_6.5800_6.5900_6.6000_6.6500_,6.3800_6.3700_6.3300_6.3200_6.3100_,2911,13.tse.tw|3153,20260907,14:30:00,2911.tw,1788762600000,14:30:00,8_1_1_12_2_,3_4_2_2_2_,0,000000,660,6.6000,18,12,6.3400,6.3900,麗嬰房,6.6000,0,tse,40,13:30:00,7.0600,170,5.7800,麗嬰房股份有限公司,6.4200,6.3900,0,TWSE,
2912.tw,89,78,20.tse.tw|2230671,215.0000,0,0,216.5000,216.0000,000000,20260907,tse_2912.tw_20260907,215.5000_216.0000_216.5000_217.0000_217.5000_,215.0000_214.5000_214.0000_213.5000_213.0000_,2912,13.tse.tw|3289,20260907,14:30:00,2912.tw,1788762600000,14:30:00,9_94_43_81_57_,1_141_437_145_317_,0,000000,1312,217.5000,18,12,216.5000,214.0000,統一超,217.5000,0,tse,89,13:30:00,237.5000,1273,194.5000,統一超商股份有限公司,216.0000,215.0000,0,TWSE,
2913.tw,51,51,9.tse.tw|17240,10.9500,0,2,11.0000,10.9500,000000,20260907,tse_2913.tw_20260907,11.0000_11.0500_11.1000_11.1500_11.2000_,10.9500_10.9000_10.8500_10.8000_10.7500_,2913,13.tse.tw|2127,20260907,14:30:00,2913.tw,1788762600000,14:30:00,13_59_109_109_68_,89_125_70_213_89_,0,000000,3239,11.1000,18,12,10.9500,10.9500,農林,11.1000,0,tse,51,13:30:00,12.2000,1499,9.9900,台灣農林股份有限公司,11.1000,10.9500,0,TWSE,
2915.tw,45,45,9.tse.tw|17241,56.7000,0,5,56.9000,56.7000,000000,20260907,tse_2915.tw_20260907,56.8000_56.9000_57.0000_57.1000_57.2000_,56.7000_56.6000_56.5000_56.4000_56.3000_,2915,13.tse.tw|2264,20260907,14:30:00,2915.tw,1788762600000,14:30:00,22_13_30_35_32_,41_50_98_97_106_,0,000000,683,57.8000,18,12,56.7000,56.6000,潤泰全,57.8000,0,tse,45,13:30:00,63.3000,1471,51.9000,潤泰全球股份有限公司,57.6000,56.7000,0,TWSE,
2923.tw,3,3,20.tse.tw|2230344,27.1000,0,0,27.2000,27.1000,000000,20260907,tse_2923.tw_20260907,27.4000_27.4500_27.5000_27.5500_27.6000_,26.7500_26.7000_26.6500_26.6000_26.5500_,2923,13.tse.tw|2401,20260907,14:30:00,2923.tw,1788762600000,14:30:00,17_5_2_2_1_,9_4_8_15_9_,0,000000,83,28.0000,14,12,27.1000,26.0000,鼎固-KY,26.2500,0,tse,3,13:30:00,28.1500,291,23.0500,鼎固控股有限公司,25.6000,27.1000,0,TWSE,RR
2929.tw,2,2,20.tse.tw|2230525,5.7200,0,0,5.7400,5.6800,000000,20260907,tse_2929.tw_20260907,5.7300_5.7500_5.7600_5.7700_5.7800_,5.7200_5.7100_5.7000_5.6900_5.6800_,2929,13.tse.tw|2538,20260907,14:30:00,2929.tw,1788762600000,14:30:00,6_9_6_5_11_,1_1_3_5_2_,0,000000,154,5.7900,18,12,5.6800,5.7000,淘帝-KY,5.7700,0,tse,2,13:30:00,6.3400,122,5.2000,淘帝國際控股有限公司,5.7700,5.7200,0,TWSE,RR
2939.tw,33,33,20.tse.tw|2231123,19.7500,0,0,0.0000,19.5000,000000,20260907,tse_2939.tw_20260907,19.8000_19.9500_20.0000_20.1000_20.2000_,19.7500_19.5000_19.4000_19.3500_19.2500_,2939,13.tse.tw|2675,20260907,14:30:00,2939.tw,1788762600000,14:30:00,1_3_10_10_10_,1_2_2_2_4_,0,000000,-,20.0000,18,12,0.0000,19.3000,永邑-KY,20.0000,0,tse,33,13:30:00,22.0000,65,18.0000,永邑國際集團股份有限公司,20.0000,19.7500,0,TWSE,RR
2945.tw,-,-,20.tse.tw|2231472,-,0,0,0.0000,40.1000,000000,20260907,tse_2945.tw_20260907,40.1000_40.2000_40.2500_40.3000_40.4000_,39.8500_39.8000_39.7000_39.5000_39.3500_,2945,13.tse.tw|2812,20260907,14:30:00,2945.tw,1788762600000,14:30:00,1_2_2_1_2_,2_5_2_5_2_,0,000000,-,40.1000,18,12,0.0000,40.0000,三商家購,40.1000,0,tse,-,13:30:00,44.0500,14,36.0500,三商家購股份有限公司,40.0500,-,0,TWSE,
3002.tw,2,2,20.tse.tw|2230825,17.3000,0,0,17.4000,17.1000,000000,20260907,tse_3002.tw_20260907,17.4500_17.5000_17.6000_17.7000_17.8000_,17.2500_17.2000_17.1500_17.1000_17.0500_,3002,13.tse.tw|2949,20260907,14:30:00,3002.tw,1788762600000,14:30:00,1_4_1_3_1_,1_2_10_11_23_,0,000000,-,17.4000,25,12,0.0000,17.1000,歐格,17.4000,0,tse,2,13:30:00,18.8500,71,15.4500,歐格電子股份有限公司,17.1500,17.3000,0,TWSE,
3003.tw,105,105,9.tse.tw|17247,59.0000,0,2,59.2000,59.1000,000000,20260907,tse_3003.tw_20260907,59.1000_59.2000_59.3000_59.4000_59.5000_,59.0000_,3003,13.tse.tw|3085,20260907,14:30:00,3003.tw,1788762600000,14:30:00,2_5_7_8_13_,61_,0,000000,1025,65.0000,28,12,59.1000,59.0000,健和興,65.0000,0,tse,105,13:30:00,72.0000,3293,59.0000,健和興端子股份有限公司,65.5000,59.0000,0,TWSE,
3004.tw,23,23,20.tse.tw|2231124,120.0000,0,0,125.0000,120.0000,000000,20260907,tse_3004.tw_20260907,120.5000_121.0000_121.5000_122.0000_122.5000_,120.0000_119.5000_119.0000_118.5000_118.0000_,3004,13.tse.tw|3221,20260907,14:30:00,3004.tw,1788762600000,14:30:00,1_10_11_15_6_,36_26_47_47_66_,0,000000,31,123.0000,10,12,120.0000,120.0000,豐達科,122.5000,0,tse,23,13:30:00,133.5000,499,109.5000,豐達科技股份有限公司,121.5000,120.0000,0,TWSE,
3005.tw,123,118,20.tse.tw|2231473,113.0000,0,0,114.0000,113.5000,000000,20260907,tse_3005.tw_20260907,113.0000_113.5000_114.0000_114.5000_115.0000_,112.5000_112.0000_111.5000_111.0000_110.5000_,3005,13.tse.tw|3357,20260907,14:30:00,3005.tw,1788762600000,14:30:00,19_84_132_58_98_,293_378_163_149_63_,0,000000,1074,116.0000,25,12,113.5000,112.0000,神基,115.5000,0,tse,123,13:30:00,126.5000,2386,103.5000,神基控股股份有限公司,115.0000,113.0000,0,TWSE,
3006.tw,1260,1260,9.tse.tw|17250,297.0000,0,33,297.5000,297.0000,000000,20260907,tse_3006.tw_20260907,297.5000_298.0000_298.5000_299.0000_299.5000_,297.0000_296.5000_296.0000_295.5000_295.0000_,3006,13.tse.tw|2059,20260907,14:30:00,3006.tw,1788762600000,14:30:00,89_71_85_67_36_,292_115_99_83_152_,0,000000,4247,304.0000,24,12,297.5000,288.0000,晶豪科,288.0000,0,tse,1260,13:30:00,306.0000,25229,251.0000,晶豪科技股份有限公司,278.5000,297.0000,0,TWSE,
3008.tw,19,19,9.tse.tw|17251,6660.0000,0,1,6660.0000,0.0000,000000,20260907,tse_3008.tw_20260907,6660.0000_6680.0000_6685.0000_6695.0000_6700.0000_,-,3008,13.tse.tw|2196,20260907,14:30:00,3008.tw,1788762600000,14:30:00,422_7_1_3_2_,-,0,000000,18193,7185.0000,26,12,6660.0000,6660.0000,大立光,7185.0000,2,tse,19,13:30:00,8140.0000,1972,6660.0000,大立光電股份有限公司,7400.0000,6660.0000,0,TWSE,
3010.tw,48,46,9.tse.tw|17252,129.5000,0,1,130.0000,129.0000,000000,20260907,tse_3010.tw_20260907,129.5000_130.0000_130.5000_131.0000_131.5000_,129.0000_128.5000_128.0000_127.5000_127.0000_,3010,13.tse.tw|2333,20260907,14:30:00,3010.tw,1788762600000,14:30:00,5_69_65_43_85_,11_44_36_23_98_,0,000000,378,130.5000,29,12,129.0000,128.5000,華立,130.5000,0,tse,48,13:30:00,141.5000,518,116.5000,華立企業股份有限公司,129.0000,129.5000,0,TWSE,
3011.tw,17,17,9.tse.tw|17253,10.0000,0,12,10.7000,10.2500,000000,20260907,tse_3011.tw_20260907,10.1000_10.1500_10.2000_10.2500_10.3000_,10.0000_9.9900_9.9700_9.9600_9.9500_,3011,13.tse.tw|2470,20260907,14:30:00,3011.tw,1788762600000,14:30:00,10_12_37_19_2_,15_69_1_4_6_,0,000000,-,10.2500,28,12,0.0000,10.0000,今皓,10.2000,0,tse,17,13:30:00,11.1500,489,9.1400,今皓實業股份有限公司,10.1500,10.0000,0,TWSE,
3013.tw,69,69,9.tse.tw|17254,86.3000,0,7,93.0000,87.0000,000000,20260907,tse_3013.tw_20260907,86.4000_86.5000_86.6000_86.7000_86.8000_,86.3000_86.2000_86.1000_86.0000_85.9000_,3013,13.tse.tw|2607,20260907,14:30:00,3013.tw,1788762600000,14:30:00,8_3_7_5_8_,34_12_13_50_5_,0,000000,133,89.5000,25,12,90.0000,86.3000,晟銘電,89.5000,0,tse,69,13:30:00,96.8000,870,79.2000,晟銘電子科技股份有限公司,88.0000,86.3000,0,TWSE,
3014.tw,55,54,20.tse.tw|2230345,132.0000,0,0,132.5000,132.0000,000000,20260907,tse_3014.tw_20260907,132.0000_132.5000_133.0000_133.5000_134.0000_,131.5000_131.0000_130.5000_130.0000_129.5000_,3014,13.tse.tw|2744,20260907,14:30:00,3014.tw,1788762600000,14:30:00,18_54_76_50_72_,30_107_60_84_31_,0,000000,1137,133.0000,24,12,132.5000,130.5000,聯陽,133.0000,0,tse,55,13:30:00,144.5000,623,118.5000,聯陽半導體股份有限公司,131.5000,132.0000,0,TWSE,
3015.tw,15,14,20.tse.tw|2231126,53.0000,0,0,53.2000,52.7000,000000,20260907,tse_3015.tw_20260907,53.0000_53.1000_53.2000_53.4000_53.5000_,52.9000_52.8000_52.7000_52.6000_52.5000_,3015,13.tse.tw|2881,20260907,14:30:00,3015.tw,1788762600000,14:30:00,2_2_3_6_12_,2_9_6_8_19_,0,000000,1008,53.8000,28,12,52.7000,52.5000,全漢,53.8000,0,tse,15,13:30:00,58.6000,169,48.0000,全漢企業股份有限公司,53.3000,53.0000,0,TWSE,
3016.tw,133,121,9.tse.tw|17257,100.5000,0,2,106.0000,101.5000,000000,20260907,tse_3016.tw_20260907,101.0000_101.5000_102.0000_102.5000_103.0000_,100.5000_100.0000_99.9000_99.8000_99.7000_,3016,13.tse.tw|3018,20260907,14:30:00,3016.tw,1788762600000,14:30:00,43_54_77_37_159_,5_141_25_20_9_,0,000000,923,103.5000,24,12,101.5000,100.0000,嘉晶,103.0000,0,tse,133,13:30:00,111.0000,2661,90.9000,嘉晶電子股份有限公司,101.0000,100.5000,0,TWSE,
3017.tw,198,198,9.tse.tw|17258,3415.0000,0,2,3430.0000,3425.0000,000000,20260907,tse_3017.tw_20260907,3425.0000_3430.0000_3435.0000_3440.0000_3445.0000_,3420.0000_3415.0000_3410.0000_3405.0000_3400.0000_,3017,13.tse.tw|3154,20260907,14:30:00,3017.tw,1788762600000,14:30:00,5_5_17_10_20_,30_52_43_17_66_,0,000000,3353,3595.0000,25,12,3430.0000,3410.0000,奇鋐,3595.0000,0,tse,198,13:30:00,3925.0000,3100,3215.0000,奇鋐科技股份有限公司,3570.0000,3420.0000,0,TWSE,
3018.tw,2,2,20.tse.tw|2231128,11.6000,0,0,11.8000,11.7000,000000,20260907,tse_3018.tw_20260907,11.7000_11.7500_11.8500_11.9000_12.0000_,11.6000_11.5500_11.5000_11.3500_11.3000_,3018,13.tse.tw|3290,20260907,14:30:00,3018.tw,1788762600000,14:30:00,2_1_1_9_2_,1_6_15_3_1_,0,000000,200,11.9000,31,12,11.8000,11.5000,隆銘綠能,11.8000,0,tse,2,13:30:00,12.9500,45,10.6500,隆銘綠能科技工程股份有限公司,11.8000,11.6000,0,TWSE,
3019.tw,347,337,9.tse.tw|17260,142.0000,0,3,143.0000,142.5000,000000,20260907,tse_3019.tw_20260907,142.5000_143.0000_143.5000_144.0000_144.5000_,142.0000_141.5000_141.0000_140.5000_140.0000_,3019,13.tse.tw|2128,20260907,14:30:00,3019.tw,1788762600000,14:30:00,110_86_106_106_68_,33_75_304_170_417_,0,000000,2661,145.5000,26,12,142.5000,141.0000,亞光,145.5000,0,tse,347,13:30:00,158.5000,5018,130.5000,亞洲光學股份有限公司,144.5000,142.0000,0,TWSE,
3021.tw,76,75,9.tse.tw|17261,25.4000,0,14,25.7000,25.4500,000000,20260907,tse_3021.tw_20260907,25.4500_25.5000_25.5500_25.6000_25.6500_,25.4000_25.3000_25.2000_25.1500_25.1000_,3021,13.tse.tw|2265,20260907,14:30:00,3021.tw,1788762600000,14:30:00,2_12_1_5_2_,1_25_14_2_15_,0,000000,207,26.6500,28,12,25.7000,23.8500,鴻名,25.0000,0,tse,76,13:30:00,26.7000,3000,21.9000,鴻名企業股份有限公司,24.3000,25.4500,0,TWSE,
3022.tw,223,301,9.tse.tw|17262,91.9000,0,4,92.5000,92.4000,000000,20260907,tse_3022.tw_20260907,91.6000_91.7000_91.8000_91.9000_92.0000_,91.5000_91.4000_91.3000_91.2000_91.1000_,3022,13.tse.tw|2402,20260907,14:30:00,3022.tw,1788762600000,14:30:00,13_2_53_16_20_,93_7_17_33_42_,0,000000,210,98.6000,25,12,92.5000,91.2000,威強電,97.0000,0,tse,223,13:30:00,105.0000,4699,86.4000,威強電工業電腦股份有限公司,95.9000,91.5000,0,TWSE,
3023.tw,42,42,20.tse.tw|2231478,339.5000,0,0,338.5000,337.5000,000000,20260907,tse_3023.tw_20260907,340.0000_340.5000_341.0000_341.5000_342.0000_,339.5000_339.0000_338.5000_338.0000_337.5000_,3023,13.tse.tw|2539,20260907,14:30:00,3023.tw,1788762600000,14:30:00,6_2_7_1_19_,19_7_17_20_7_,0,000000,369,348.0000,28,12,337.5000,338.5000,信邦,343.0000,0,tse,42,13:30:00,374.0000,1433,306.0000,信邦電子股份有限公司,340.0000,339.5000,0,TWSE,
3024.tw,44,44,9.tse.tw|17264,14.3000,0,7,14.3000,14.2000,000000,20260907,tse_3024.tw_20260907,14.3500_14.4000_14.4500_14.5000_14.5500_,14.2500_14.2000_14.1500_14.1000_14.0500_,3024,13.tse.tw|2676,20260907,14:30:00,3024.tw,1788762600000,14:30:00,7_46_17_5_2_,39_140_47_43_471_,0,000000,347,14.4000,26,12,14.2000,14.0500,憶聲,14.0500,0,tse,44,13:30:00,15.4500,866,12.6500,憶聲電子股份有限公司,14.0500,14.3000,0,TWSE,
3025.tw,5,5,20.tse.tw|2230346,50.9000,0,0,0.0000,51.1000,000000,20260907,tse_3025.tw_20260907,51.0000_51.1000_51.2000_51.3000_51.4000_,50.9000_50.8000_50.7000_50.6000_50.5000_,3025,13.tse.tw|2813,20260907,14:30:00,3025.tw,1788762600000,14:30:00,4_5_1_3_2_,5_6_6_12_26_,0,000000,-,51.9000,27,12,0.0000,50.3000,星通,51.8000,0,tse,5,13:30:00,57.5000,333,47.1000,星通資訊股份有限公司,52.3000,50.9000,0,TWSE,
3026.tw,17,17,20.tse.tw|2231131,771.0000,0,0,0.0000,771.0000,000000,20260907,tse_3026.tw_20260907,-,771.0000_770.0000_769.0000_768.0000_767.0000_,3026,13.tse.tw|2950,20260907,14:30:00,3026.tw,1788762600000,14:30:00,-,8066_30_10_3_2_,0,000000,3659,771.0000,28,12,771.0000,761.0000,禾伸堂,770.0000,0,tse,17,13:30:00,771.0000,3384,631.0000,禾伸堂企業股份有限公司,701.0000,771.0000,0,TWSE,
3027.tw,2,2,20.tse.tw|2230528,18.0500,0,0,18.1500,18.1000,000000,20260907,tse_3027.tw_20260907,18.2500_18.3000_18.3500_18.4000_18.4500_,18.0500_18.0000_17.9500_17.9000_17.8500_,3027,13.tse.tw|3086,20260907,14:30:00,3027.tw,1788762600000,14:30:00,1_23_21_27_4_,5_16_4_13_12_,0,000000,-,18.4000,27,12,0.0000,18.0500,盛達,18.4000,0,tse,2,13:30:00,20.0500,145,16.4500,盛達電業股份有限公司,18.2500,18.0500,0,TWSE,
3028.tw,36,28,9.tse.tw|17268,63.4000,0,5,64.9000,64.0000,000000,20260907,tse_3028.tw_20260907,63.5000_63.6000_63.7000_63.8000_63.9000_,63.4000_63.3000_63.2000_63.1000_63.0000_,3028,13.tse.tw|3222,20260907,14:30:00,3028.tw,1788762600000,14:30:00,8_22_32_4_13_,51_30_11_14_34_,0,000000,1122,64.7000,29,12,64.9000,63.4000,增你強,64.3000,0,tse,36,13:30:00,70.5000,795,57.7000,增你強股份有限公司,64.1000,63.4000,0,TWSE,
3029.tw,39,39,20.tse.tw|2231133,109.5000,0,0,109.5000,109.0000,000000,20260907,tse_3029.tw_20260907,110.0000_110.5000_111.0000_111.5000_112.0000_,109.5000_109.0000_108.5000_108.0000_107.5000_,3029,13.tse.tw|3358,20260907,14:30:00,3029.tw,1788762600000,14:30:00,33_26_27_17_20_,9_39_75_224_80_,0,000000,921,113.0000,30,12,109.5000,108.5000,零壹,113.0000,0,tse,39,13:30:00,122.5000,898,100.5000,零壹科技股份有限公司,111.5000,109.5000,0,TWSE,
3030.tw,38,36,9.tse.tw|17270,282.5000,0,1,284.0000,283.0000,000000,20260907,tse_3030.tw_20260907,282.5000_283.0000_283.5000_284.0000_284.5000_,282.0000_281.5000_281.0000_280.5000_280.0000_,3030,13.tse.tw|2060,20260907,14:30:00,3030.tw,1788762600000,14:30:00,8_21_18_7_13_,8_14_41_9_39_,0,000000,682,285.5000,31,12,283.0000,281.0000,德律,284.0000,0,tse,38,13:30:00,312.0000,811,256.0000,德律科技股份有限公司,284.0000,282.0000,0,TWSE,
3031.tw,25,25,20.tse.tw|2231135,24.6000,0,0,0.0000,24.6000,000000,20260907,tse_3031.tw_20260907,24.6500_24.7000_24.7500_24.8000_24.8500_,24.6000_24.5500_24.5000_24.4500_24.4000_,3031,13.tse.tw|2197,20260907,14:30:00,3031.tw,1788762600000,14:30:00,8_6_3_5_3_,2_11_1_10_4_,0,000000,-,25.2000,26,12,0.0000,24.3000,佰鴻,25.0500,0,tse,25,13:30:00,27.2000,591,22.3000,佰鴻工業股份有限公司,24.7500,24.6000,0,TWSE,
3032.tw,6,6,20.tse.tw|2230827,78.6000,0,0,0.0000,78.8000,000000,20260907,tse_3032.tw_20260907,79.0000_79.1000_79.2000_79.3000_79.4000_,78.6000_78.5000_78.4000_78.3000_78.2000_,3032,13.tse.tw|2334,20260907,14:30:00,3032.tw,1788762600000,14:30:00,3_4_4_9_6_,3_11_5_20_7_,0,000000,-,79.7000,28,12,0.0000,78.3000,偉訓,79.7000,0,tse,6,13:30:00,86.6000,263,71.0000,偉訓科技股份有限公司,78.8000,78.6000,0,TWSE,
3033.tw,225,225,9.tse.tw|17273,43.2500,0,3,43.5000,43.4000,000000,20260907,tse_3033.tw_20260907,43.3000_43.3500_43.4000_43.4500_43.5000_,43.2500_43.2000_43.1500_43.1000_43.0500_,3033,13.tse.tw|2471,20260907,14:30:00,3033.tw,1788762600000,14:30:00,17_24_28_51_26_,34_256_50_68_69_,0,000000,195,44.5500,29,12,43.4000,43.2000,威健,44.3000,0,tse,225,13:30:00,48.3000,4177,39.6000,威健實業股份有限公司,43.9500,43.2500,0,TWSE,
3034.tw,234,232,9.tse.tw|17274,540.0000,0,3,540.0000,539.0000,000000,20260907,tse_3034.tw_20260907,540.0000_541.0000_542.0000_543.0000_544.0000_,539.0000_538.0000_537.0000_536.0000_535.0000_,3034,13.tse.tw|2608,20260907,14:30:00,3034.tw,1788762600000,14:30:00,89_42_35_75_70_,7_13_24_25_44_,0,000000,2451,540.0000,24,12,540.0000,525.0000,聯詠,534.0000,0,tse,234,13:30:00,576.0000,2227,472.0000,聯詠科技股份有限公司,524.0000,540.0000,0,TWSE,
3035.tw,91,89,9.tse.tw|17275,178.5000,0,1,181.0000,180.5000,000000,20260907,tse_3035.tw_20260907,179.5000_180.0000_180.5000_181.0000_181.5000_,179.0000_178.5000_178.0000_177.5000_177.0000_,3035,13.tse.tw|2745,20260907,14:30:00,3035.tw,1788762600000,14:30:00,4_16_45_49_24_,5_37_59_44_87_,0,000000,633,182.5000,24,12,180.5000,177.0000,智原,182.5000,0,tse,91,13:30:00,197.0000,1524,162.0000,智原科技股份有限公司,179.5000,179.0000,0,TWSE,
3036.tw,436,436,9.tse.tw|17276,192.5000,0,5,195.0000,194.0000,000000,20260907,tse_3036.tw_20260907,192.5000_193.0000_193.5000_194.0000_194.5000_,192.0000_191.5000_191.0000_190.5000_190.0000_,3036,13.tse.tw|2882,20260907,14:30:00,3036.tw,1788762600000,14:30:00,23_142_120_167_320_,69_129_181_209_503_,0,000000,1654,195.0000,29,12,195.0000,191.5000,文曄,195.0000,0,tse,436,13:30:00,211.5000,5497,173.5000,文曄科技股份有限公司,192.5000,192.5000,0,TWSE,
3037.tw,959,948,9.tse.tw|17277,949.0000,0,42,948.0000,947.0000,000000,20260907,tse_3037.tw_20260907,949.0000_950.0000_951.0000_952.0000_953.0000_,948.0000_947.0000_946.0000_945.0000_944.0000_,3037,13.tse.tw|3019,20260907,14:30:00,3037.tw,1788762600000,14:30:00,50_45_59_84_33_,36_38_171_73_77_,0,000000,17439,965.0000,28,12,948.0000,911.0000,欣興,939.0000,1,tse,959,13:30:00,992.0000,20885,812.0000,欣興電子股份有限公司,902.0000,949.0000,0,TWSE,
3038.tw,1,1,20.tse.tw|2231139,20.1000,0,0,20.2000,19.9500,000000,20260907,tse_3038.tw_20260907,20.1500_20.2000_20.2500_20.3000_20.3500_,20.1000_20.0000_19.9500_19.9000_19.8500_,3038,13.tse.tw|3155,20260907,14:30:00,3038.tw,1788762600000,14:30:00,1_14_19_29_4_,2_50_17_37_11_,0,000000,151,20.2500,26,12,19.9500,20.0000,全台,20.1500,0,tse,1,13:30:00,22.1000,222,18.1000,全台晶像股份有限公司,20.1000,20.1000,0,TWSE,
3040.tw,8,8,20.tse.tw|2231480,35.7000,0,0,35.7500,35.7000,000000,20260907,tse_3040.tw_20260907,35.7000_35.7500_35.8000_35.9500_36.0000_,35.5000_35.1500_35.1000_35.0500_35.0000_,3040,13.tse.tw|3291,20260907,14:30:00,3040.tw,1788762600000,14:30:00,1_1_2_3_1_,1_1_1_9_8_,0,000000,541,36.5000,20,12,35.7500,35.0500,遠見,35.7000,0,tse,8,13:30:00,39.2500,175,32.1500,遠見科技股份有限公司,35.7000,35.7000,0,TWSE,
3041.tw,41,39,20.tse.tw|2231481,22.9500,0,0,23.0000,22.9500,000000,20260907,tse_3041.tw_20260907,22.9500_23.0000_23.0500_23.1000_23.1500_,22.9000_22.8500_22.8000_22.7500_22.7000_,3041,13.tse.tw|2129,20260907,14:30:00,3041.tw,1788762600000,14:30:00,2_6_7_7_6_,18_7_20_4_38_,0,000000,710,23.4000,24,12,23.0000,22.9000,揚智,23.3000,0,tse,41,13:30:00,25.6000,485,21.0000,揚智科技股份有限公司,23.3000,22.9000,0,TWSE,
3042.tw,398,358,9.tse.tw|17281,176.5000,0,13,179.5000,178.5000,000000,20260907,tse_3042.tw_20260907,177.0000_177.5000_178.0000_178.5000_179.0000_,176.5000_176.0000_175.5000_175.0000_174.5000_,3042,13.tse.tw|2266,20260907,14:30:00,3042.tw,1788762600000,14:30:00,25_20_114_77_249_,22_124_104_158_218_,0,000000,1156,180.0000,28,12,178.5000,172.5000,晶技,175.0000,0,tse,398,13:30:00,190.5000,8408,156.5000,台灣晶技股份有限公司,173.5000,176.5000,0,TWSE,
3043.tw,1,1,20.tse.tw|2231140,20.9500,0,0,20.9000,20.8000,000000,20260907,tse_3043.tw_20260907,21.0000_21.1000_21.1500_21.2000_21.2500_,20.9000_20.7500_20.7000_20.6000_20.5500_,3043,13.tse.tw|2403,20260907,14:30:00,3043.tw,1788762600000,14:30:00,2_1_3_3_2_,20_6_4_6_5_,0,000000,150,21.1500,31,12,20.8000,20.9000,科風,21.0000,0,tse,1,13:30:00,22.9500,29,18.8500,科風股份有限公司,20.9000,20.9500,0,TWSE,
3044.tw,96,96,20.tse.tw|2230347,493.0000,0,0,495.0000,493.0000,000000,20260907,tse_3044.tw_20260907,493.5000_494.0000_494.5000_495.0000_495.5000_,493.0000_492.5000_492.0000_491.5000_491.0000_,3044,13.tse.tw|2540,20260907,14:30:00,3044.tw,1788762600000,14:30:00,4_5_8_14_2_,14_5_2_5_5_,0,000000,720,500.0000,28,12,493.0000,489.0000,健鼎,495.5000,0,tse,96,13:30:00,537.0000,1336,440.0000,健鼎科技股份有限公司,488.5000,493.0000,0,TWSE,
3045.tw,500,413,9.tse.tw|17284,118.0000,0,1,117.5000,117.0000,000000,20260907,tse_3045.tw_20260907,117.5000_118.0000_118.5000_119.0000_119.5000_,117.0000_116.5000_116.0000_115.5000_115.0000_,3045,13.tse.tw|2677,20260907,14:30:00,3045.tw,1788762600000,14:30:00,166_810_1091_1411_459_,153_371_314_77_87_,0,000000,490,118.0000,27,12,117.0000,116.5000,台灣大,118.0000,0,tse,500,13:30:00,129.5000,4418,106.5000,台灣大哥大股份有限公司,118.0000,117.0000,0,TWSE,
3046.tw,11,11,9.tse.tw|17285,54.4000,0,2,54.4000,54.1000,000000,20260907,tse_3046.tw_20260907,54.5000_54.6000_54.7000_54.8000_54.9000_,54.4000_54.3000_54.2000_54.1000_54.0000_,3046,13.tse.tw|2814,20260907,14:30:00,3046.tw,1788762600000,14:30:00,3_7_2_1_1_,1_23_22_31_38_,0,000000,139,55.4000,25,12,54.4000,54.2000,建碁,55.0000,0,tse,11,13:30:00,60.9000,416,49.9000,建碁股份有限公司,55.4000,54.4000,0,TWSE,
3047.tw,29,28,20.tse.tw|2231482,13.4000,0,0,14.3000,13.5000,000000,20260907,tse_3047.tw_20260907,13.4500_13.5000_13.5500_13.6000_13.6500_,13.4000_13.3500_13.3000_13.2500_13.2000_,3047,13.tse.tw|2951,20260907,14:30:00,3047.tw,1788762600000,14:30:00,9_13_16_9_12_,34_23_50_21_57_,0,000000,100,13.6500,27,12,13.5000,13.4000,訊舟,13.6500,0,tse,29,13:30:00,15.0000,390,12.3000,訊舟科技股份有限公司,13.6500,13.4000,0,TWSE,
3048.tw,33,32,20.tse.tw|2230673,53.5000,0,0,53.5000,53.2000,000000,20260907,tse_3048.tw_20260907,53.5000_53.6000_53.7000_53.8000_53.9000_,53.4000_53.3000_53.2000_53.1000_53.0000_,3048,13.tse.tw|3087,20260907,14:30:00,3048.tw,1788762600000,14:30:00,5_4_25_4_13_,15_24_37_17_51_,0,000000,659,54.1000,29,12,53.2000,53.2000,益登,54.1000,0,tse,33,13:30:00,58.7000,705,48.1000,益登科技股份有限公司,53.4000,53.5000,0,TWSE,
3049.tw,621,621,9.tse.tw|17288,12.7000,0,20,12.8000,12.7500,000000,20260907,tse_3049.tw_20260907,12.8000_12.8500_12.9000_12.9500_13.0000_,12.7500_12.7000_12.6500_12.6000_12.5500_,3049,13.tse.tw|3223,20260907,14:30:00,3049.tw,1788762600000,14:30:00,12_46_57_113_300_,215_462_487_426_520_,0,000000,411,13.0500,26,12,12.8000,12.7000,精金,12.9000,0,tse,621,13:30:00,14.0500,6615,11.5500,精金科技股份有限公司,12.8000,12.7500,0,TWSE,
3050.tw,40,39,20.tse.tw|2230531,11.4000,0,0,11.4500,11.4000,000000,20260907,tse_3050.tw_20260907,11.4000_11.4500_11.5000_11.5500_11.6000_,11.3500_11.3000_11.2500_11.2000_11.1500_,3050,13.tse.tw|3359,20260907,14:30:00,3050.tw,1788762600000,14:30:00,41_15_41_5_28_,8_39_7_59_48_,0,000000,-,11.5000,26,12,0.0000,11.3500,鈺德,11.5000,0,tse,40,13:30:00,12.6500,284,10.3500,鈺德科技股份有限公司,11.5000,11.4000,0,TWSE,
3051.tw,118,118,9.tse.tw|17290,21.5000,0,8,0.0000,21.6000,000000,20260907,tse_3051.tw_20260907,21.7500_21.8000_21.8500_21.9000_21.9500_,21.5000_21.4500_21.4000_21.3500_21.3000_,3051,13.tse.tw|2061,20260907,14:30:00,3051.tw,1788762600000,14:30:00,2_18_18_9_2_,67_8_37_3_45_,0,000000,713,21.9000,26,12,21.6000,21.5000,力特,21.9000,0,tse,118,13:30:00,24.0000,718,19.7000,力特光電科技股份有限公司,21.8500,21.5000,0,TWSE,
3052.tw,4,4,9.tse.tw|17291,10.4500,0,1,10.5500,10.4000,000000,20260907,tse_3052.tw_20260907,10.4500_10.5000_10.5500_10.6000_10.6500_,10.4000_10.3500_10.3000_10.2500_10.2000_,3052,13.tse.tw|2198,20260907,14:30:00,3052.tw,1788762600000,14:30:00,2_11_45_17_18_,52_67_136_149_21_,0,000000,971,10.5500,14,12,10.4000,10.4500,夆典,10.5000,0,tse,4,13:30:00,11.5500,102,9.4500,夆典科技開發股份有限公司,10.5000,10.4500,0,TWSE,
3054.tw,15,15,9.tse.tw|17292,57.8000,0,1,58.0000,57.8000,000000,20260907,tse_3054.tw_20260907,57.9000_58.4000_58.5000_58.8000_59.0000_,57.8000_57.6000_57.4000_57.3000_57.2000_,3054,13.tse.tw|2335,20260907,14:30:00,3054.tw,1788762600000,14:30:00,1_1_1_5_2_,1_10_1_7_8_,0,000000,-,58.7000,29,12,0.0000,55.7000,立萬利,55.7000,0,tse,15,13:30:00,60.7000,130,49.7000,立萬利創新股份有限公司,55.2000,57.8000,0,TWSE,
3055.tw,192,192,9.tse.tw|17293,134.5000,0,20,135.5000,133.5000,000000,20260907,tse_3055.tw_20260907,135.0000_135.5000_136.0000_136.5000_137.0000_,134.5000_134.0000_133.5000_133.0000_132.5000_,3055,13.tse.tw|2472,20260907,14:30:00,3055.tw,1788762600000,14:30:00,47_15_3_17_34_,14_40_27_151_42_,0,000000,1001,144.0000,29,12,133.5000,133.0000,蔚華科,133.5000,0,tse,192,13:30:00,145.5000,3442,119.5000,蔚華科技股份有限公司,132.5000,134.5000,0,TWSE,
3056.tw,29,28,20.tse.tw|2230349,14.0500,0,0,13.9500,13.9000,000000,20260907,tse_3056.tw_20260907,14.0500_14.1000_14.1500_14.2000_14.2500_,14.0000_13.9500_13.9000_13.8500_13.8000_,3056,13.tse.tw|2609,20260907,14:30:00,3056.tw,1788762600000,14:30:00,15_38_18_103_41_,4_1_47_70_115_,0,000000,3160,14.2000,14,12,13.9500,13.8500,富華新,14.2000,0,tse,29,13:30:00,15.5000,465,12.7000,富華創新股份有限公司,14.1000,14.0500,0,TWSE,
3057.tw,3,3,20.tse.tw|2231483,17.0500,0,0,17.1500,16.4000,000000,20260907,tse_3057.tw_20260907,17.3000_17.4500_17.5000_17.5500_17.7000_,16.9000_16.8500_16.8000_16.7500_16.6500_,3057,13.tse.tw|2746,20260907,14:30:00,3057.tw,1788762600000,14:30:00,5_1_6_2_2_,2_6_2_1_7_,0,000000,837,17.3500,25,12,16.4000,16.9000,喬鼎,17.3500,0,tse,3,13:30:00,19.0500,48,15.6500,喬鼎資訊股份有限公司,17.3500,17.0500,0,TWSE,
3058.tw,133,133,20.tse.tw|2230674,8.0000,0,0,8.2000,8.1000,000000,20260907,tse_3058.tw_20260907,8.1100_8.1200_8.1300_8.1400_8.1500_,8.0000_7.9800_7.9700_7.9600_7.9500_,3058,13.tse.tw|2883,20260907,14:30:00,3058.tw,1788762600000,14:30:00,3_2_4_9_18_,44_10_16_19_2_,0,000000,751,8.1500,28,12,8.2000,8.0000,立德,8.0500,0,tse,133,13:30:00,8.8500,402,7.2500,立德電子股份有限公司,8.0500,8.0000,0,TWSE,
3059.tw,75,75,9.tse.tw|17297,39.0000,0,7,39.1500,39.1000,000000,20260907,tse_3059.tw_20260907,39.1000_39.1500_39.2000_39.2500_39.3000_,39.0000_38.9500_38.9000_38.8500_38.8000_,3059,13.tse.tw|3020,20260907,14:30:00,3059.tw,1788762600000,14:30:00,6_1_5_12_14_,62_33_51_35_40_,0,000000,667,39.6000,26,12,39.1000,38.9000,華晶科,39.6000,0,tse,75,13:30:00,43.2000,1008,35.4000,華晶科技股份有限公司,39.3000,39.0000,0,TWSE,
3060.tw,24,24,20.tse.tw|2230675,26.2000,0,0,0.0000,26.3000,000000,20260907,tse_3060.tw_20260907,26.2500_26.3000_26.3500_26.4000_26.4500_,26.2000_26.1500_26.1000_26.0500_26.0000_,3060,13.tse.tw|3156,20260907,14:30:00,3060.tw,1788762600000,14:30:00,2_19_6_4_6_,7_33_31_31_140_,0,000000,359,26.8000,25,12,26.3000,26.0000,銘異,26.8000,0,tse,24,13:30:00,29.1500,568,23.8500,銘異科技股份有限公司,26.5000,26.2000,0,TWSE,
3062.tw,48,48,9.tse.tw|17299,20.5000,0,1,21.2000,20.5000,000000,20260907,tse_3062.tw_20260907,20.5500_20.6000_20.6500_20.7000_20.7500_,20.5000_20.4500_20.4000_20.3500_20.3000_,3062,13.tse.tw|3292,20260907,14:30:00,3062.tw,1788762600000,14:30:00,6_9_12_21_10_,18_6_31_76_40_,0,000000,91,20.9000,27,12,20.5000,20.3500,建漢,20.9000,0,tse,48,13:30:00,22.7000,907,18.6000,建漢科技股份有限公司,20.6500,20.5000,0,TWSE,
3090.tw,788,788,9.tse.tw|17300,171.0000,0,21,173.5000,173.0000,000000,20260907,tse_3090.tw_20260907,171.5000_172.0000_172.5000_173.0000_173.5000_,171.0000_170.5000_170.0000_169.5000_169.0000_,3090,13.tse.tw|2130,20260907,14:30:00,3090.tw,1788762600000,14:30:00,12_10_59_104_87_,253_196_372_118_191_,0,000000,2601,183.0000,28,12,173.0000,171.0000,日電貿,179.5000,0,tse,788,13:30:00,194.0000,14048,159.0000,日電貿股份有限公司,176.5000,171.5000,0,TWSE,
3092.tw,-,-,9.tse.tw|17301,-,0,1,23.5500,23.3500,000000,20260907,tse_3092.tw_20260907,23.5500_23.6000_23.6500_23.7000_24.0000_,23.5000_23.4000_23.3500_23.3000_23.2500_,3092,13.tse.tw|2267,20260907,14:30:00,3092.tw,1788762600000,14:30:00,10_6_3_4_3_,3_1_3_12_2_,0,000000,120,23.7500,28,12,23.3500,23.2000,鴻碩,23.7500,0,tse,-,13:30:00,25.9000,90,21.2000,鴻碩精密電工股份有限公司,23.5500,-,0,TWSE,
3094.tw,859,848,9.tse.tw|17302,44.7500,0,33,45.0000,44.9000,000000,20260907,tse_3094.tw_20260907,44.8000_44.9000_44.9500_45.0000_45.0500_,44.7500_44.7000_44.6500_44.6000_44.5500_,3094,13.tse.tw|2404,20260907,14:30:00,3094.tw,1788762600000,14:30:00,6_27_16_10_14_,56_90_19_59_27_,0,000000,2343,50.8000,24,12,45.0000,44.8000,聯傑,49.0000,1,tse,859,13:30:00,51.1000,19520,41.8500,聯傑國際股份有限公司,46.5000,44.8000,0,TWSE,
3130.tw,2,2,20.tse.tw|2231485,210.0000,0,0,211.5000,210.5000,000000,20260907,tse_3130.tw_20260907,210.5000_211.0000_211.5000_212.0000_212.5000_,210.0000_209.5000_209.0000_208.5000_208.0000_,3130,13.tse.tw|2541,20260907,14:30:00,3130.tw,1788762600000,14:30:00,1_6_1_1_1_,4_9_12_6_7_,0,000000,28,210.5000,36,12,211.5000,209.5000,一零四,210.0000,0,tse,2,13:30:00,231.0000,49,189.0000,一零四資訊科技股份有限公司,210.0000,210.0000,0,TWSE,
3135.tw,61,61,9.tse.tw|17304,173.0000,0,3,174.0000,173.5000,000000,20260907,tse_3135.tw_20260907,173.5000_174.0000_174.5000_175.0000_175.5000_,173.0000_172.5000_172.0000_171.5000_171.0000_,3135,13.tse.tw|2678,20260907,14:30:00,3135.tw,1788762600000,14:30:00,3_16_18_42_33_,51_34_39_86_43_,0,000000,343,176.5000,24,12,174.0000,172.5000,凌航,175.5000,0,tse,61,13:30:00,190.0000,835,156.0000,凌航科技股份有限公司,173.0000,173.0000,0,TWSE,
3138.tw,6,6,9.tse.tw|17305,93.6000,0,1,95.5000,94.1000,000000,20260907,tse_3138.tw_20260907,93.9000_94.0000_94.1000_94.2000_94.3000_,93.6000_93.5000_93.4000_93.3000_93.2000_,3138,13.tse.tw|2815,20260907,14:30:00,3138.tw,1788762600000,14:30:00,1_1_1_2_3_,6_10_3_3_3_,0,000000,-,96.1000,27,12,0.0000,93.6000,耀登,95.5000,0,tse,6,13:30:00,105.0000,111,86.0000,耀登科技股份有限公司,95.5000,93.6000,0,TWSE,
3149.tw,151,142,9.tse.tw|17306,60.8000,0,1,61.3000,61.2000,000000,20260907,tse_3149.tw_20260907,61.0000_61.1000_61.2000_61.3000_61.4000_,60.8000_60.7000_60.6000_60.5000_60.4000_,3149,13.tse.tw|2952,20260907,14:30:00,3149.tw,1788762600000,14:30:00,5_29_11_17_14_,15_38_68_51_29_,0,000000,1110,61.6000,26,12,61.2000,60.0000,正達,60.7000,0,tse,151,13:30:00,66.6000,3229,54.6000,正達國際光電股份有限公司,60.6000,60.8000,0,TWSE,
3150.tw,-,-,20.tse.tw|2230532,-,3,0,16.7000,16.1500,000000,20260907,tse_3150.tw_20260907,16.6500_16.9000_16.9500_17.0000_17.0500_,16.6000_16.5000_16.4000_16.3500_16.3000_,3150,13.tse.tw|3088,20260907,14:30:00,3150.tw,1788762600000,14:30:00,1_1_1_2_2_,1_3_1_1_3_,0,000000,-,16.7000,24,12,0.0000,16.6000,鈺寶-創,16.7000,0,tse,-,13:30:00,18.2500,6,14.9500,鈺寶科技股份有限公司,16.6000,-,0,TWSE,
3164.tw,1,1,20.tse.tw|2231486,15.9500,0,0,15.9000,15.8000,000000,20260907,tse_3164.tw_20260907,15.9500_16.0500_16.1500_16.2000_16.2500_,15.8000_15.7500_15.7000_15.6500_15.6000_,3164,13.tse.tw|3224,20260907,14:30:00,3164.tw,1788762600000,14:30:00,9_1_1_4_9_,1_2_4_2_1_,0,000000,200,16.2500,22,12,15.8500,15.7500,景岳,16.2500,0,tse,1,13:30:00,17.4500,28,14.3500,景岳生物科技股份有限公司,15.9000,15.9500,0,TWSE,
3167.tw,11,11,20.tse.tw|2230829,883.0000,0,0,0.0000,883.0000,000000,20260907,tse_3167.tw_20260907,-,883.0000_882.0000_881.0000_880.0000_879.0000_,3167,13.tse.tw|3360,20260907,14:30:00,3167.tw,1788762600000,14:30:00,-,7451_22_18_39_13_,0,000000,492,883.0000,05,12,883.0000,878.0000,大量,883.0000,0,tse,11,13:30:00,883.0000,1682,723.0000,大量科技股份有限公司,803.0000,883.0000,0,TWSE,
3168.tw,1,1,20.tse.tw|2230830,43.1000,0,0,43.2500,42.5500,000000,20260907,tse_3168.tw_20260907,43.1000_43.3000_43.7000_43.8000_43.9000_,42.5500_42.5000_42.4000_42.3500_42.2000_,3168,13.tse.tw|2062,20260907,14:30:00,3168.tw,1788762600000,14:30:00,2_2_1_1_1_,1_10_1_1_1_,0,000000,100,43.5000,26,12,42.5500,42.3000,眾福科,42.5500,0,tse,1,13:30:00,47.0000,26,38.5000,眾福科技股份有限公司,42.7500,43.1000,0,TWSE,
3189.tw,871,852,9.tse.tw|17311,812.0000,0,23,820.0000,819.0000,000000,20260907,tse_3189.tw_20260907,813.0000_814.0000_815.0000_816.0000_817.0000_,812.0000_811.0000_810.0000_809.0000_808.0000_,3189,13.tse.tw|2199,20260907,14:30:00,3189.tw,1788762600000,14:30:00,30_51_112_78_52_,28_35_178_37_68_,0,000000,1638,831.0000,24,12,819.0000,805.0000,景碩,819.0000,0,tse,871,13:30:00,900.0000,16423,738.0000,景碩科技股份有限公司,819.0000,813.0000,0,TWSE,
3209.tw,65,65,9.tse.tw|17312,45.9000,0,3,47.4000,46.1500,000000,20260907,tse_3209.tw_20260907,46.0000_46.0500_46.1000_46.1500_46.2000_,45.9000_45.8500_45.8000_45.7500_45.7000_,3209,13.tse.tw|2336,20260907,14:30:00,3209.tw,1788762600000,14:30:00,5_4_6_17_15_,65_46_55_13_24_,0,000000,510,46.9000,29,12,46.1500,45.9000,全科,46.9000,0,tse,65,13:30:00,51.2000,1198,41.9500,全科科技股份有限公司,46.6000,45.9000,0,TWSE,
3229.tw,27,27,20.tse.tw|2231487,50.3000,0,0,53.0000,50.8000,000000,20260907,tse_3229.tw_20260907,50.6000_50.7000_50.8000_51.0000_51.2000_,50.5000_50.4000_50.3000_50.2000_50.1000_,3229,13.tse.tw|2473,20260907,14:30:00,3229.tw,1788762600000,14:30:00,2_1_5_5_16_,1_1_6_25_3_,0,000000,96,51.3000,28,12,50.8000,49.4500,晟鈦,50.4000,0,tse,27,13:30:00,54.7000,541,44.8500,晟鈦股份有限公司,49.8000,50.6000,0,TWSE,
3231.tw,3180,3061,9.tse.tw|17314,196.5000,0,108,197.0000,196.5000,000000,20260907,tse_3231.tw_20260907,197.0000_197.5000_198.0000_198.5000_199.0000_,196.5000_196.0000_195.5000_195.0000_194.5000_,3231,13.tse.tw|2610,20260907,14:30:00,3231.tw,1788762600000,14:30:00,279_656_1536_1422_1318_,52_356_529_935_753_,0,000000,15169,200.5000,25,12,197.0000,192.0000,緯創,199.5000,0,tse,3180,13:30:00,217.5000,64883,178.5000,緯創資通股份有限公司,198.0000,197.0000,0,TWSE,
3257.tw,4,3,9.tse.tw|17315,49.1000,0,2,50.7000,49.3000,000000,20260907,tse_3257.tw_20260907,49.2500_49.4000_49.4500_49.5000_49.6000_,49.1000_49.0500_49.0000_48.9500_48.9000_,3257,13.tse.tw|2747,20260907,14:30:00,3257.tw,1788762600000,14:30:00,2_1_4_15_1_,12_5_25_10_6_,0,000000,-,49.9000,24,12,0.0000,49.1000,虹冠電,49.9000,0,tse,4,13:30:00,54.6000,152,44.7500,虹冠電子工業股份有限公司,49.7000,49.1000,0,TWSE,
3266.tw,2,1,20.tse.tw|2231150,14.0500,0,0,14.0500,13.8000,000000,20260907,tse_3266.tw_20260907,14.0500_14.1000_14.1500_14.2000_14.2500_,13.8000_13.7500_13.7000_13.6500_13.6000_,3266,13.tse.tw|2884,20260907,14:30:00,3266.tw,1788762600000,14:30:00,1_6_7_3_4_,6_11_6_8_4_,0,000000,-,14.0500,14,12,0.0000,13.9000,昇陽,13.9500,0,tse,2,13:30:00,15.2500,47,12.5500,昇陽建設企業股份有限公司,13.9000,14.0500,0,TWSE,
3296.tw,13,13,20.tse.tw|2231488,24.2500,0,0,24.2500,23.9500,000000,20260907,tse_3296.tw_20260907,24.2500_24.5000_25.0000_25.4500_25.5000_,23.9500_23.8000_23.7500_23.5000_23.4500_,3296,13.tse.tw|3021,20260907,14:30:00,3296.tw,1788762600000,14:30:00,1_1_1_1_1_,1_1_2_2_3_,0,000000,11,24.2500,28,12,23.9500,23.5500,勝德,24.2500,0,tse,13,13:30:00,26.2500,26,21.5500,勝德國際研發股份有限公司,23.9000,24.2500,0,TWSE,
3305.tw,79,79,9.tse.tw|17318,109.5000,0,3,110.0000,109.5000,000000,20260907,tse_3305.tw_20260907,110.0000_110.5000_111.0000_111.5000_112.0000_,109.5000_109.0000_108.5000_108.0000_107.5000_,3305,13.tse.tw|3157,20260907,14:30:00,3305.tw,1788762600000,14:30:00,13_33_46_13_44_,2_126_107_121_113_,0,000000,699,112.5000,31,12,110.0000,109.0000,昇貿,112.0000,0,tse,79,13:30:00,122.0000,1217,99.9000,昇貿科技股份有限公司,111.0000,109.5000,0,TWSE,
3308.tw,3,3,9.tse.tw|17319,21.9000,0,1,22.0000,21.9000,000000,20260907,tse_3308.tw_20260907,21.9500_22.0000_22.1000_22.1500_22.2000_,21.9000_21.7500_21.7000_21.6500_21.6000_,3308,13.tse.tw|3293,20260907,14:30:00,3308.tw,1788762600000,14:30:00,1_1_2_1_1_,1_1_5_2_2_,0,000000,90,22.9500,28,12,22.0000,21.6000,聯德,22.3000,0,tse,3,13:30:00,24.2000,62,19.8000,聯德電子股份有限公司,22.0000,21.9000,0,TWSE,
3311.tw,4,4,20.tse.tw|2230534,31.7500,0,0,31.7500,31.7000,000000,20260907,tse_3311.tw_20260907,31.9000_32.1500_32.2500_32.4500_32.5000_,31.7500_31.7000_31.6500_31.6000_31.5500_,3311,13.tse.tw|2131,20260907,14:30:00,3311.tw,1788762600000,14:30:00,10_2_4_2_2_,11_9_8_12_9_,0,000000,100,32.1000,27,12,31.7500,31.6000,閎暉,32.1000,0,tse,4,13:30:00,35.1000,80,28.8000,閎暉實業股份有限公司,31.9500,31.7500,0,TWSE,
3312.tw,39,35,9.tse.tw|17321,52.5000,0,1,53.0000,52.7000,000000,20260907,tse_3312.tw_20260907,52.6000_52.7000_52.8000_52.9000_53.0000_,52.5000_52.4000_52.3000_52.2000_52.1000_,3312,13.tse.tw|2268,20260907,14:30:00,3312.tw,1788762600000,14:30:00,40_2_30_9_13_,14_16_45_15_17_,0,000000,497,53.3000,29,12,52.7000,52.3000,弘憶股,53.1000,0,tse,39,13:30:00,58.0000,693,47.5500,弘憶國際股份有限公司,52.8000,52.6000,0,TWSE,
3321.tw,5,5,20.tse.tw|2231151,17.7000,0,0,17.8000,17.6000,000000,20260907,tse_3321.tw_20260907,18.0000_18.1000_18.2000_18.2500_18.3000_,17.7000_17.6500_17.6000_17.5500_17.5000_,3321,13.tse.tw|2405,20260907,14:30:00,3321.tw,1788762600000,14:30:00,20_4_6_5_6_,4_2_2_12_7_,0,000000,41,18.4000,28,12,17.8000,17.7000,同泰,18.1000,0,tse,5,13:30:00,19.9000,282,16.3000,同泰電子科技股份有限公司,18.1000,17.7000,0,TWSE,
3338.tw,14,12,9.tse.tw|17323,66.0000,0,3,66.2000,65.6000,000000,20260907,tse_3338.tw_20260907,66.0000_66.1000_66.3000_66.4000_66.5000_,65.9000_65.8000_65.7000_65.5000_65.4000_,3338,13.tse.tw|2542,20260907,14:30:00,3338.tw,1788762600000,14:30:00,1_2_2_2_13_,1_2_1_11_23_,0,000000,213,66.5000,28,12,65.6000,65.3000,泰碩,66.2000,0,tse,14,13:30:00,71.9000,266,58.9000,泰碩電子股份有限公司,65.4000,66.0000,0,TWSE,
3346.tw,114,114,20.tse.tw|2230836,18.5500,0,0,19.5500,19.0000,000000,20260907,tse_3346.tw_20260907,18.7500_18.9000_19.0000_19.0500_19.1000_,18.7000_18.6500_18.6000_18.5500_18.5000_,3346,13.tse.tw|2679,20260907,14:30:00,3346.tw,1788762600000,14:30:00,1_1_1_1_2_,25_4_9_15_34_,0,000000,74,19.3500,12,12,19.5500,18.7000,麗清,18.9000,0,tse,114,13:30:00,20.8000,313,17.1000,麗清科技股份有限公司,18.9500,18.7000,0,TWSE,
3356.tw,25,25,20.tse.tw|2231489,60.3000,0,0,60.1000,60.0000,000000,20260907,tse_3356.tw_20260907,60.3000_60.4000_60.5000_60.6000_60.7000_,60.2000_60.1000_60.0000_59.9000_59.8000_,3356,13.tse.tw|2816,20260907,14:30:00,3356.tw,1788762600000,14:30:00,5_9_2_26_10_,17_20_26_5_11_,0,000000,1845,61.5000,26,12,60.0000,60.1000,奇偶,61.3000,0,tse,25,13:30:00,67.4000,503,55.2000,奇偶科技股份有限公司,61.3000,60.3000,0,TWSE,
3376.tw,403,364,9.tse.tw|17326,206.0000,0,9,207.5000,207.0000,000000,20260907,tse_3376.tw_20260907,206.5000_207.0000_207.5000_208.0000_208.5000_,206.0000_205.5000_205.0000_204.5000_204.0000_,3376,13.tse.tw|2953,20260907,14:30:00,3376.tw,1788762600000,14:30:00,1_46_39_92_59_,50_26_77_72_81_,0,000000,1133,211.0000,28,12,207.5000,202.5000,新日興,211.0000,0,tse,403,13:30:00,232.0000,7007,190.0000,新日興股份有限公司,211.0000,206.5000,0,TWSE,
3380.tw,236,223,9.tse.tw|17327,29.8500,0,6,29.9500,29.9000,000000,20260907,tse_3380.tw_20260907,29.8500_29.9000_29.9500_30.0000_30.0500_,29.8000_29.7500_29.7000_29.6500_29.6000_,3380,13.tse.tw|3089,20260907,14:30:00,3380.tw,1788762600000,14:30:00,23_13_14_48_17_,305_42_325_13_40_,0,000000,48,31.2000,27,12,29.9000,29.7000,明泰,31.0500,0,tse,236,13:30:00,33.0000,3609,27.0000,明泰科技股份有限公司,30.0000,29.8500,0,TWSE,
3406.tw,81,80,9.tse.tw|17328,987.0000,0,4,991.0000,990.0000,000000,20260907,tse_3406.tw_20260907,987.0000_988.0000_989.0000_990.0000_992.0000_,985.0000_984.0000_983.0000_982.0000_981.0000_,3406,13.tse.tw|3225,20260907,14:30:00,3406.tw,1788762600000,14:30:00,1_3_3_4_5_,3_6_4_2_5_,0,000000,1524,1040.0000,26,12,990.0000,961.0000,玉晶光,1040.0000,2,tse,81,13:30:00,1160.0000,2156,950.0000,玉晶光電股份有限公司,1055.0000,987.0000,0,TWSE,
3413.tw,28,27,20.tse.tw|2230679,284.0000,0,0,285.5000,285.0000,000000,20260907,tse_3413.tw_20260907,284.5000_285.0000_285.5000_286.0000_286.5000_,284.0000_283.5000_283.0000_282.5000_282.0000_,3413,13.tse.tw|3361,20260907,14:30:00,3413.tw,1788762600000,14:30:00,6_9_21_14_12_,1_19_21_21_44_,0,000000,20,286.5000,24,12,285.0000,282.0000,京鼎,286.5000,0,tse,28,13:30:00,310.5000,493,254.5000,京鼎精密科技股份有限公司,282.5000,284.0000,0,TWSE,
3416.tw,9,9,20.tse.tw|2231490,169.5000,0,0,172.0000,170.5000,000000,20260907,tse_3416.tw_20260907,170.0000_170.5000_171.0000_171.5000_172.0000_,169.0000_168.5000_168.0000_167.5000_167.0000_,3416,13.tse.tw|2063,20260907,14:30:00,3416.tw,1788762600000,14:30:00,5_1_1_2_2_,7_11_22_7_33_,0,000000,20,174.5000,25,12,172.0000,168.0000,融程電,174.5000,0,tse,9,13:30:00,189.5000,182,155.5000,融程電訊股份有限公司,172.5000,169.5000,0,TWSE,
3419.tw,2,2,20.tse.tw|2230839,11.5000,0,0,12.0000,11.4000,000000,20260907,tse_3419.tw_20260907,11.5500_11.6000_11.6500_11.7000_11.8000_,11.5000_11.4500_11.4000_11.3500_11.3000_,3419,13.tse.tw|2200,20260907,14:30:00,3419.tw,1788762600000,14:30:00,1_3_9_29_1_,5_10_34_14_21_,0,000000,1,11.7000,27,12,11.4000,11.4500,譁裕,11.7000,0,tse,2,13:30:00,12.8500,128,10.5500,譁裕實業股份有限公司,11.7000,11.5000,0,TWSE,
3432.tw,1,1,20.tse.tw|2230352,14.3500,0,0,14.4000,14.2500,000000,20260907,tse_3432.tw_20260907,14.4000_14.6500_14.7000_14.8000_14.8500_,14.2500_14.2000_14.1500_14.1000_14.0500_,3432,13.tse.tw|2337,20260907,14:30:00,3432.tw,1788762600000,14:30:00,5_2_5_7_2_,1_14_4_5_1_,0,000000,-,14.3500,28,12,0.0000,14.2500,台端,14.3000,0,tse,1,13:30:00,16.0000,33,13.1000,台端興業股份有限公司,14.5500,14.3500,0,TWSE,
3437.tw,139,132,9.tse.tw|17333,17.9000,0,10,18.4000,18.0000,000000,20260907,tse_3437.tw_20260907,17.9500_18.1500_18.3000_18.3500_18.4000_,17.9000_17.8500_17.8000_17.7500_17.7000_,3437,13.tse.tw|2474,20260907,14:30:00,3437.tw,1788762600000,14:30:00,15_1_14_8_11_,29_23_88_5_25_,0,000000,437,18.6000,26,12,18.0000,17.9500,榮創,18.6000,0,tse,139,13:30:00,20.1500,660,16.5500,榮創能源科技股份有限公司,18.3500,17.9500,0,TWSE,
3443.tw,68,62,9.tse.tw|17334,5950.0000,0,3,5940.0000,5935.0000,000000,20260907,tse_3443.tw_20260907,5935.0000_5940.0000_5950.0000_5955.0000_5960.0000_,5930.0000_5920.0000_5915.0000_5910.0000_5905.0000_,3443,13.tse.tw|2611,20260907,14:30:00,3443.tw,1788762600000,14:30:00,1_1_9_1_5_,3_2_1_8_5_,0,000000,765,6030.0000,24,12,5935.0000,5705.0000,創意,6000.0000,0,tse,68,13:30:00,6390.0000,2065,5230.0000,創意電子股份有限公司,5810.0000,5935.0000,0,TWSE,
3447.tw,1,1,20.tse.tw|2230680,28.8500,0,0,0.0000,28.5000,000000,20260907,tse_3447.tw_20260907,28.9000_28.9500_29.0000_29.0500_29.5500_,28.8000_28.7000_28.6500_28.6000_28.5500_,3447,13.tse.tw|2748,20260907,14:30:00,3447.tw,1788762600000,14:30:00,1_3_2_1_2_,1_1_2_3_2_,0,000000,-,30.1000,27,12,0.0000,28.6000,展達,30.1000,0,tse,1,13:30:00,31.8000,55,26.1000,展達通訊股份有限公司,28.9500,28.8500,0,TWSE,
3450.tw,64,63,9.tse.tw|17336,585.0000,0,2,591.0000,590.0000,000000,20260907,tse_3450.tw_20260907,585.0000_586.0000_587.0000_588.0000_589.0000_,584.0000_578.0000_577.0000_576.0000_575.0000_,3450,13.tse.tw|2885,20260907,14:30:00,3450.tw,1788762600000,14:30:00,10_8_7_6_15_,1_1_3_2_2_,0,000000,601,596.0000,24,12,591.0000,569.0000,聯鈞,596.0000,4,tse,64,13:30:00,638.0000,892,522.0000,聯鈞光電股份有限公司,580.0000,585.0000,0,TWSE,
3481.tw,5860,5697,9.tse.tw|17337,49.9000,0,293,49.9500,49.9000,000000,20260907,tse_3481.tw_20260907,49.9500_50.0000_50.1000_50.2000_50.3000_,49.9000_49.8500_49.8000_49.7500_49.7000_,3481,13.tse.tw|3022,20260907,14:30:00,3481.tw,1788762600000,14:30:00,35_505_909_1093_1004_,1129_928_616_176_639_,0,000000,34422,50.7000,26,12,49.9500,48.0000,群創,49.4000,0,tse,5860,13:30:00,53.3000,249702,43.6500,群創光電股份有限公司,48.5000,49.9500,0,TWSE,
3494.tw,1,1,20.tse.tw|2231492,7.1000,0,0,7.1300,7.0800,000000,20260907,tse_3494.tw_20260907,7.1000_7.1100_7.1400_7.1500_7.1700_,7.0300_7.0200_7.0100_7.0000_6.9900_,3494,13.tse.tw|3158,20260907,14:30:00,3494.tw,1788762600000,14:30:00,6_8_5_23_2_,3_17_6_3_1_,0,000000,4,7.5100,25,12,7.0800,7.0100,誠研,7.3100,0,tse,1,13:30:00,7.7900,88,6.3900,誠研科技股份有限公司,7.0900,7.1000,0,TWSE,
3501.tw,3,3,20.tse.tw|2230843,39.6000,0,0,39.8000,39.6000,000000,20260907,tse_3501.tw_20260907,39.7500_39.9500_40.0000_40.0500_40.1000_,39.6000_39.5500_39.5000_39.4500_39.4000_,3501,13.tse.tw|3294,20260907,14:30:00,3501.tw,1788762600000,14:30:00,2_1_7_5_2_,7_7_6_5_4_,0,000000,137,40.2000,28,12,39.8000,39.5500,維熹,40.0000,0,tse,3,13:30:00,43.7500,105,35.8500,維熹科技股份有限公司,39.8000,39.6000,0,TWSE,
3504.tw,153,150,9.tse.tw|17340,84.5000,0,5,84.5000,84.4000,000000,20260907,tse_3504.tw_20260907,84.6000_84.7000_84.8000_84.9000_85.0000_,84.5000_84.4000_84.3000_84.2000_84.0000_,3504,13.tse.tw|2132,20260907,14:30:00,3504.tw,1788762600000,14:30:00,1_2_2_3_14_,2_4_1_13_20_,0,000000,766,89.8000,26,12,84.4000,83.4000,揚明光,89.7000,0,tse,153,13:30:00,98.6000,3206,80.8000,揚明光學股份有限公司,89.7000,84.5000,0,TWSE,
3515.tw,25,24,9.tse.tw|17341,231.0000,0,1,230.5000,230.0000,000000,20260907,tse_3515.tw_20260907,231.0000_231.5000_232.0000_232.5000_233.0000_,230.5000_230.0000_229.5000_229.0000_228.5000_,3515,13.tse.tw|2269,20260907,14:30:00,3515.tw,1788762600000,14:30:00,13_10_32_19_46_,6_11_11_27_16_,0,000000,271,233.0000,25,12,230.5000,225.0000,華擎,231.0000,0,tse,25,13:30:00,249.5000,771,204.5000,華擎科技股份有限公司,227.0000,231.0000,0,TWSE,
3518.tw,66,66,9.tse.tw|17342,29.7500,0,5,30.8000,30.0000,000000,20260907,tse_3518.tw_20260907,29.9000_30.1500_30.2000_30.2500_30.3000_,29.7500_29.7000_29.6000_29.5500_29.5000_,3518,13.tse.tw|2406,20260907,14:30:00,3518.tw,1788762600000,14:30:00,8_9_4_2_1_,19_17_17_8_33_,0,000000,127,30.6500,31,12,30.0000,29.7500,柏騰,30.5500,0,tse,66,13:30:00,33.8500,748,27.7500,柏騰科技股份有限公司,30.8000,29.7500,0,TWSE,
3528.tw,4,4,9.tse.tw|17343,83.0000,0,1,84.1000,83.7000,000000,20260907,tse_3528.tw_20260907,83.4000_83.5000_83.6000_83.9000_84.0000_,83.0000_82.9000_82.8000_82.7000_82.6000_,3528,13.tse.tw|2543,20260907,14:30:00,3528.tw,1788762600000,14:30:00,3_17_1_2_1_,2_2_3_6_4_,0,000000,-,83.9000,29,12,0.0000,82.7000,安馳,83.8000,0,tse,4,13:30:00,91.6000,81,75.0000,安馳科技股份有限公司,83.3000,83.0000,0,TWSE,
3530.tw,5,5,20.tse.tw|2230846,57.5000,0,0,58.1000,58.0000,000000,20260907,tse_3530.tw_20260907,57.6000_57.8000_58.0000_58.1000_58.2000_,57.5000_57.4000_57.3000_57.2000_57.1000_,3530,13.tse.tw|2680,20260907,14:30:00,3530.tw,1788762600000,14:30:00,1_5_3_4_1_,10_1_1_1_1_,0,000000,20,60.1000,24,12,58.0000,57.6000,晶相光,60.0000,0,tse,5,13:30:00,64.1000,105,52.5000,晶相光電股份有限公司,58.3000,57.6000,0,TWSE,
3532.tw,259,260,9.tse.tw|17345,403.0000,0,10,404.5000,404.0000,000000,20260907,tse_3532.tw_20260907,403.5000_404.0000_404.5000_405.0000_406.0000_,403.0000_402.0000_401.5000_401.0000_400.5000_,3532,13.tse.tw|2817,20260907,14:30:00,3532.tw,1788762600000,14:30:00,7_6_1_13_5_,6_9_6_9_56_,0,000000,1587,418.5000,24,12,404.5000,393.5000,台勝科,401.0000,0,tse,259,13:30:00,438.5000,7876,359.5000,台塑勝高科技股份有限公司,399.0000,403.0000,0,TWSE,
3533.tw,44,44,9.tse.tw|17346,1695.0000,0,1,1705.0000,1700.0000,000000,20260907,tse_3533.tw_20260907,1700.0000_1705.0000_1710.0000_1715.0000_1720.0000_,1695.0000_1690.0000_1685.0000_1680.0000_1675.0000_,3533,13.tse.tw|2954,20260907,14:30:00,3533.tw,1788762600000,14:30:00,6_7_7_24_25_,2_18_12_26_16_,0,000000,238,1725.0000,28,12,1700.0000,1690.0000,嘉澤,1720.0000,0,tse,44,13:30:00,1850.0000,593,1520.0000,嘉澤端子工業股份有限公司,1685.0000,1695.0000,0,TWSE,
3535.tw,22,22,9.tse.tw|17347,90.9000,0,4,92.5000,92.3000,000000,20260907,tse_3535.tw_20260907,91.1000_91.2000_91.5000_91.6000_91.7000_,90.9000_90.8000_90.7000_90.5000_90.4000_,3535,13.tse.tw|3090,20260907,14:30:00,3535.tw,1788762600000,14:30:00,2_1_2_1_2_,1_4_22_16_2_,0,000000,65,93.5000,26,12,92.3000,86.8000,晶彩科,87.9000,0,tse,22,13:30:00,95.4000,1602,78.2000,晶彩科技股份有限公司,86.8000,90.9000,0,TWSE,
3543.tw,84,84,9.tse.tw|17348,44.4000,0,3,0.0000,44.6000,000000,20260907,tse_3543.tw_20260907,44.4500_44.5000_44.5500_44.6500_44.7000_,44.4000_44.3500_44.3000_44.2500_44.2000_,3543,13.tse.tw|3226,20260907,14:30:00,3543.tw,1788762600000,14:30:00,1_11_5_6_78_,29_8_4_8_4_,0,000000,1,45.5000,26,12,44.7000,44.4000,州巧,45.3500,0,tse,84,13:30:00,49.1500,1253,40.2500,州巧科技股份有限公司,44.7000,44.4000,0,TWSE,
3545.tw,31,31,20.tse.tw|2231496,51.0000,0,0,51.0000,50.7000,000000,20260907,tse_3545.tw_20260907,51.0000_51.1000_51.2000_51.3000_51.4000_,50.9000_50.8000_50.7000_50.6000_50.5000_,3545,13.tse.tw|3362,20260907,14:30:00,3545.tw,1788762600000,14:30:00,15_3_4_6_3_,3_4_12_18_22_,0,000000,30,51.5000,24,12,51.0000,50.3000,敦泰,51.5000,0,tse,31,13:30:00,55.7000,461,45.6500,敦泰電子股份有限公司,50.7000,51.0000,0,TWSE,
3550.tw,32,32,9.tse.tw|17350,22.9500,0,1,22.9000,22.8000,000000,20260907,tse_3550.tw_20260907,23.0000_23.0500_23.1000_23.2000_23.2500_,22.9500_22.9000_22.8500_22.8000_22.7500_,3550,13.tse.tw|2064,20260907,14:30:00,3550.tw,1788762600000,14:30:00,16_4_4_10_1_,2_9_8_29_6_,0,000000,114,23.5500,28,12,22.9000,22.8500,聯穎,23.4500,0,tse,32,13:30:00,25.5000,888,20.9000,聯穎科技股份有限公司,23.2000,22.9500,0,TWSE,
3557.tw,1,1,20.tse.tw|2231497,24.5000,0,0,24.6000,24.1000,000000,20260907,tse_3557.tw_20260907,24.5000_24.5500_24.6000_24.6500_24.7000_,24.2500_24.0000_23.8000_23.7500_23.6500_,3557,13.tse.tw|2201,20260907,14:30:00,3557.tw,1788762600000,14:30:00,1_1_6_1_3_,1_9_2_6_2_,0,000000,450,24.5000,38,12,24.1000,24.0000,嘉威,24.2000,0,tse,1,13:30:00,26.6000,17,21.8000,嘉威生活股份有限公司,24.2000,24.5000,0,TWSE,
3563.tw,25,25,20.tse.tw|2231153,698.0000,0,0,702.0000,701.0000,000000,20260907,tse_3563.tw_20260907,700.0000_701.0000_702.0000_704.0000_705.0000_,699.0000_698.0000_697.0000_696.0000_695.0000_,3563,13.tse.tw|2338,20260907,14:30:00,3563.tw,1788762600000,14:30:00,4_1_1_2_3_,1_8_4_3_11_,0,000000,126,714.0000,26,12,701.0000,698.0000,牧德,700.0000,0,tse,25,13:30:00,762.0000,432,624.0000,牧德科技股份有限公司,693.0000,699.0000,0,TWSE,
3576.tw,259,259,9.tse.tw|17353,17.0500,0,11,17.1000,17.0500,000000,20260907,tse_3576.tw_20260907,17.1000_17.1500_17.2000_17.2500_17.3000_,17.0500_17.0000_16.9500_16.9000_16.8500_,3576,13.tse.tw|2475,20260907,14:30:00,3576.tw,1788762600000,14:30:00,76_276_115_302_108_,20_585_116_187_184_,0,000000,4474,17.2500,26,12,17.0500,17.0000,聯合再生,17.2000,0,tse,259,13:30:00,18.8500,3395,15.4500,聯合再生能源股份有限公司,17.1500,17.0500,0,TWSE,
3583.tw,42,42,9.tse.tw|17354,722.0000,0,5,724.0000,723.0000,000000,20260907,tse_3583.tw_20260907,722.0000_723.0000_724.0000_725.0000_726.0000_,721.0000_720.0000_719.0000_718.0000_717.0000_,3583,13.tse.tw|2612,20260907,14:30:00,3583.tw,1788762600000,14:30:00,4_2_2_1_1_,5_8_4_6_2_,0,000000,340,740.0000,24,12,724.0000,711.0000,辛耘,727.0000,0,tse,42,13:30:00,782.0000,921,640.0000,辛耘企業股份有限公司,711.0000,722.0000,0,TWSE,
3588.tw,13,13,9.tse.tw|17355,53.2000,0,1,53.3000,52.9000,000000,20260907,tse_3588.tw_20260907,53.3000_53.5000_53.7000_53.9000_54.0000_,53.2000_53.1000_53.0000_52.8000_52.7000_,3588,13.tse.tw|2749,20260907,14:30:00,3588.tw,1788762600000,14:30:00,1_1_3_1_4_,22_7_14_14_10_,0,000000,206,54.3000,24,12,52.9000,52.3000,通嘉,53.4000,0,tse,13,13:30:00,57.6000,200,47.2000,通嘉科技股份有限公司,52.4000,53.2000,0,TWSE,
3591.tw,145,145,9.tse.tw|17356,23.6000,0,5,23.7000,23.6000,000000,20260907,tse_3591.tw_20260907,23.6500_23.7000_23.7500_23.8000_23.8500_,23.6000_23.5500_23.5000_23.4500_23.4000_,3591,13.tse.tw|2886,20260907,14:30:00,3591.tw,1788762600000,14:30:00,1_6_8_4_4_,3_25_43_45_71_,0,000000,724,24.3000,26,12,23.6000,23.2000,艾笛森,24.0000,0,tse,145,13:30:00,27.3500,3582,22.4500,艾笛森光電股份有限公司,24.9000,23.6000,0,TWSE,
3592.tw,24,24,20.tse.tw|2231499,221.5000,0,0,223.5000,223.0000,000000,20260907,tse_3592.tw_20260907,222.0000_222.5000_223.0000_223.5000_224.0000_,221.5000_221.0000_220.5000_220.0000_219.5000_,3592,13.tse.tw|3023,20260907,14:30:00,3592.tw,1788762600000,14:30:00,4_1_1_8_11_,19_17_11_42_33_,0,000000,200,224.5000,24,12,223.0000,221.5000,瑞鼎,224.5000,0,tse,24,13:30:00,246.0000,206,202.0000,瑞鼎科技股份有限公司,224.0000,221.5000,0,TWSE,
3593.tw,6,6,20.tse.tw|2230355,10.5000,0,0,10.5500,10.4000,000000,20260907,tse_3593.tw_20260907,10.5000_10.5500_10.6000_10.7000_10.8000_,10.4500_10.1500_10.0500_10.0000_9.6800_,3593,13.tse.tw|3159,20260907,14:30:00,3593.tw,1788762600000,14:30:00,20_5_3_5_1_,2_3_7_2_4_,0,000000,-,10.5000,28,12,0.0000,10.2000,力銘,10.5000,0,tse,6,13:30:00,11.8000,37,9.6800,力銘科技股份有限公司,10.7500,10.5000,0,TWSE,
3596.tw,45,45,9.tse.tw|17359,159.5000,0,4,162.5000,162.0000,000000,20260907,tse_3596.tw_20260907,160.0000_160.5000_161.0000_161.5000_162.0000_,159.0000_158.5000_158.0000_157.5000_157.0000_,3596,13.tse.tw|3295,20260907,14:30:00,3596.tw,1788762600000,14:30:00,6_12_36_36_46_,82_78_65_43_194_,0,000000,46,160.0000,27,12,162.0000,159.0000,智易,160.0000,0,tse,45,13:30:00,175.0000,483,144.0000,智易科技股份有限公司,159.5000,159.5000,0,TWSE,
3605.tw,294,294,9.tse.tw|17360,120.5000,0,17,123.0000,121.5000,000000,20260907,tse_3605.tw_20260907,121.0000_121.5000_122.0000_122.5000_123.0000_,120.5000_120.0000_119.5000_119.0000_118.5000_,3605,13.tse.tw|2133,20260907,14:30:00,3605.tw,1788762600000,14:30:00,41_43_91_51_47_,87_148_77_167_86_,0,000000,994,128.0000,28,12,121.5000,117.0000,宏致,121.5000,0,tse,294,13:30:00,129.5000,10296,106.5000,宏致電子股份有限公司,118.0000,120.5000,0,TWSE,
3607.tw,1,1,20.tse.tw|2230849,13.7000,0,0,0.0000,13.7000,000000,20260907,tse_3607.tw_20260907,13.7500_13.8000_13.8500_13.9000_13.9500_,13.7000_13.6500_13.6000_13.5500_13.5000_,3607,13.tse.tw|2270,20260907,14:30:00,3607.tw,1788762600000,14:30:00,46_7_4_2_6_,1_17_52_13_30_,0,000000,-,13.7500,28,12,0.0000,13.6500,谷崧,13.7500,0,tse,1,13:30:00,15.1000,80,12.4000,谷崧精密工業股份有限公司,13.7500,13.7000,0,TWSE,
3617.tw,15,14,20.tse.tw|2231155,248.5000,0,0,248.5000,247.0000,000000,20260907,tse_3617.tw_20260907,249.0000_249.5000_250.0000_250.5000_251.0000_,248.5000_248.0000_247.5000_247.0000_246.5000_,3617,13.tse.tw|2407,20260907,14:30:00,3617.tw,1788762600000,14:30:00,3_7_27_4_7_,1_4_2_3_3_,0,000000,11,254.0000,31,12,248.5000,247.0000,碩天,251.0000,0,tse,15,13:30:00,272.5000,387,223.5000,碩天科技股份有限公司,248.0000,248.5000,0,TWSE,
3622.tw,57,57,9.tse.tw|17363,53.5000,0,13,54.0000,53.7000,000000,20260907,tse_3622.tw_20260907,53.5000_53.6000_53.7000_53.8000_53.9000_,53.4000_53.3000_53.2000_53.1000_53.0000_,3622,13.tse.tw|2544,20260907,14:30:00,3622.tw,1788762600000,14:30:00,20_2_1_7_4_,7_6_6_12_4_,0,000000,102,53.5000,26,12,53.7000,52.7000,洋華,53.0000,0,tse,57,13:30:00,57.9000,653,47.4500,洋華光電股份有限公司,52.7000,53.5000,0,TWSE,
3645.tw,91,84,20.tse.tw|2231156,71.7000,0,0,72.0000,71.9000,000000,20260907,tse_3645.tw_20260907,71.8000_71.9000_72.0000_72.1000_72.2000_,71.7000_71.6000_71.5000_71.4000_71.3000_,3645,13.tse.tw|2681,20260907,14:30:00,3645.tw,1788762600000,14:30:00,5_3_9_6_9_,9_15_17_20_23_,0,000000,150,72.7000,28,12,71.9000,71.3000,達邁,72.4000,0,tse,91,13:30:00,78.7000,1364,64.5000,達邁科技股份有限公司,71.6000,71.8000,0,TWSE,
3652.tw,71,71,20.tse.tw|2230357,32.4000,0,0,0.0000,32.2000,000000,20260907,tse_3652.tw_20260907,33.1000_33.1500_33.2000_33.3000_33.5000_,32.4000_32.3500_32.2500_32.2000_32.0500_,3652,13.tse.tw|2818,20260907,14:30:00,3652.tw,1788762600000,14:30:00,3_1_2_2_2_,23_1_1_102_1_,0,000000,-,33.6500,25,12,0.0000,32.4000,精聯,33.3000,0,tse,71,13:30:00,36.3500,186,29.7500,精聯電子股份有限公司,33.0500,32.4000,0,TWSE,
3653.tw,57,55,9.tse.tw|17366,5635.0000,0,1,5690.0000,5675.0000,000000,20260907,tse_3653.tw_20260907,5670.0000_5675.0000_5680.0000_5685.0000_5690.0000_,5655.0000_5650.0000_5635.0000_5630.0000_5625.0000_,3653,13.tse.tw|2955,20260907,14:30:00,3653.tw,1788762600000,14:30:00,1_1_4_4_6_,3_1_5_2_3_,0,000000,272,6000.0000,28,12,5675.0000,5600.0000,健策,6000.0000,0,tse,57,13:30:00,6460.0000,733,5290.0000,健策精密工業股份有限公司,5875.0000,5655.0000,0,TWSE,
3661.tw,185,173,9.tse.tw|17367,4035.0000,0,4,4055.0000,4050.0000,000000,20260907,tse_3661.tw_20260907,4045.0000_4060.0000_4065.0000_4070.0000_4075.0000_,4040.0000_4035.0000_4030.0000_4025.0000_4020.0000_,3661,13.tse.tw|3091,20260907,14:30:00,3661.tw,1788762600000,14:30:00,4_7_6_4_3_,3_26_23_12_22_,0,000000,2291,4180.0000,24,12,4055.0000,4000.0000,世芯-KY,4175.0000,0,tse,185,13:30:00,4640.0000,2969,3800.0000,世芯電子股份有限公司,4220.0000,4040.0000,0,TWSE,RR
3665.tw,188,186,9.tse.tw|17368,2070.0000,0,2,2100.0000,2090.0000,000000,20260907,tse_3665.tw_20260907,2070.0000_2075.0000_2080.0000_2085.0000_2090.0000_,2065.0000_2060.0000_2055.0000_2050.0000_2045.0000_,3665,13.tse.tw|3227,20260907,14:30:00,3665.tw,1788762600000,14:30:00,11_14_33_40_50_,38_84_18_55_40_,0,000000,358,2185.0000,31,12,2090.0000,2060.0000,貿聯-KY,2175.0000,0,tse,188,13:30:00,2355.0000,2354,1935.0000,貿聯控股公司,2145.0000,2070.0000,0,TWSE,RR
3669.tw,17,16,9.tse.tw|17369,33.1000,0,2,35.0000,33.4500,000000,20260907,tse_3669.tw_20260907,33.1000_33.1500_33.2000_33.2500_33.3000_,33.0500_33.0000_32.9500_32.9000_32.8500_,3669,13.tse.tw|3363,20260907,14:30:00,3669.tw,1788762600000,14:30:00,1_1_1_3_5_,6_15_12_19_12_,0,000000,-,34.4500,27,12,0.0000,32.9500,圓展,34.4500,0,tse,17,13:30:00,38.6000,651,31.6000,圓展科技股份有限公司,35.1000,33.0500,0,TWSE,
3673.tw,170,161,9.tse.tw|17370,65.6000,0,3,66.0000,65.6000,000000,20260907,tse_3673.tw_20260907,65.8000_65.9000_66.0000_66.1000_66.2000_,65.7000_65.6000_65.5000_65.4000_65.3000_,3673,13.tse.tw|2065,20260907,14:30:00,3673.tw,1788762600000,14:30:00,25_3_57_25_33_,10_75_79_42_17_,0,000000,500,66.8000,26,12,65.6000,65.4000,TPK-KY,66.1000,0,tse,170,13:30:00,72.0000,2698,59.0000,TPK HOLDING CO. LTD.,65.5000,65.8000,0,TWSE,RR
3679.tw,3,1,20.tse.tw|2230852,108.0000,0,0,108.5000,108.0000,000000,20260907,tse_3679.tw_20260907,108.0000_108.5000_109.0000_109.5000_110.0000_,107.5000_107.0000_106.5000_106.0000_105.5000_,3679,13.tse.tw|2202,20260907,14:30:00,3679.tw,1788762600000,14:30:00,2_5_8_3_1_,1_1_8_10_22_,0,000000,5,108.0000,28,12,108.5000,106.0000,新至陞,107.0000,0,tse,3,13:30:00,116.0000,29,95.0000,新至陞科技股份有限公司,105.5000,108.0000,0,TWSE,
3686.tw,-,-,20.tse.tw|2231157,-,0,0,14.4500,14.2000,000000,20260907,tse_3686.tw_20260907,14.4000_14.4500_14.5000_14.5500_14.6000_,14.2000_14.1500_14.1000_14.0500_14.0000_,3686,13.tse.tw|2339,20260907,14:30:00,3686.tw,1788762600000,14:30:00,9_1_2_15_15_,5_9_19_7_21_,0,000000,674,14.4000,24,12,14.2000,14.2000,達能,14.3500,0,tse,-,13:30:00,15.6000,63,12.8000,達能科技股份有限公司,14.2000,-,0,TWSE,
3694.tw,17,17,9.tse.tw|17373,50.5000,0,1,0.0000,50.6000,000000,20260907,tse_3694.tw_20260907,50.6000_50.7000_50.8000_50.9000_51.0000_,50.5000_50.4000_50.3000_50.2000_50.1000_,3694,13.tse.tw|2476,20260907,14:30:00,3694.tw,1788762600000,14:30:00,3_5_3_10_11_,3_5_4_30_18_,0,000000,-,50.9000,27,12,0.0000,50.2000,海華,50.5000,0,tse,17,13:30:00,55.4000,450,45.4000,海華科技股份有限公司,50.4000,50.5000,0,TWSE,
3701.tw,38,38,9.tse.tw|17374,41.0000,0,2,41.1500,41.0000,000000,20260907,tse_3701.tw_20260907,41.0000_41.0500_41.1000_41.1500_41.2000_,40.9000_40.8500_40.8000_40.7500_40.7000_,3701,13.tse.tw|2613,20260907,14:30:00,3701.tw,1788762600000,14:30:00,33_2_4_2_5_,3_12_53_8_4_,0,000000,134,41.9500,25,12,41.0000,40.8000,大眾控,41.9500,0,tse,38,13:30:00,46.1000,752,37.8000,大眾全球投資控股股份有限公司,41.9500,41.0000,0,TWSE,
3702.tw,1231,1117,9.tse.tw|17375,105.5000,0,37,105.5000,105.0000,000000,20260907,tse_3702.tw_20260907,105.5000_106.0000_106.5000_107.0000_107.5000_,105.0000_104.5000_104.0000_103.5000_103.0000_,3702,13.tse.tw|2750,20260907,14:30:00,3702.tw,1788762600000,14:30:00,375_808_517_455_448_,364_442_617_252_416_,0,000000,1594,106.5000,29,12,105.0000,104.5000,大聯大,105.0000,0,tse,1231,13:30:00,114.0000,8258,93.6000,大聯大控股股份有限公司,104.0000,105.0000,0,TWSE,
3703.tw,89,88,9.tse.tw|17376,19.7000,0,1,19.9000,19.8500,000000,20260907,tse_3703.tw_20260907,19.7500_19.8000_19.8500_19.9000_19.9500_,19.7000_19.6500_19.6000_19.5500_19.5000_,3703,13.tse.tw|2887,20260907,14:30:00,3703.tw,1788762600000,14:30:00,14_19_17_39_22_,26_25_43_36_71_,0,000000,24,20.0000,14,12,19.9000,19.6000,欣陸,20.0000,0,tse,89,13:30:00,22.0000,1891,18.0000,欣陸投資控股股份有限公司,20.0000,19.7500,0,TWSE,
3704.tw,73,73,9.tse.tw|17377,39.7000,0,4,39.9000,39.7000,000000,20260907,tse_3704.tw_20260907,39.7500_39.8000_39.8500_39.9000_39.9500_,39.7000_39.6500_39.6000_39.5500_39.5000_,3704,13.tse.tw|3024,20260907,14:30:00,3704.tw,1788762600000,14:30:00,15_5_4_5_5_,26_22_34_23_104_,0,000000,2004,40.6500,27,12,39.7000,39.4000,合勤控,40.4000,1,tse,73,13:30:00,44.1000,1386,36.1000,合勤投資控股股份有限公司,40.1000,39.7000,0,TWSE,
3705.tw,5,5,20.tse.tw|2230853,56.4000,0,0,56.6000,56.1000,000000,20260907,tse_3705.tw_20260907,56.4000_56.5000_56.6000_56.7000_56.8000_,56.1000_56.0000_55.9000_55.8000_55.7000_,3705,13.tse.tw|3160,20260907,14:30:00,3705.tw,1788762600000,14:30:00,3_5_14_12_17_,14_3_1_6_22_,0,000000,198,56.5000,22,12,56.1000,55.4000,永信,56.3000,0,tse,5,13:30:00,61.7000,364,50.5000,永信國際投資控股股份有限公司,56.1000,56.4000,0,TWSE,
3706.tw,764,751,9.tse.tw|17379,92.6000,0,65,92.9000,92.8000,000000,20260907,tse_3706.tw_20260907,92.6000_92.7000_92.8000_92.9000_93.0000_,92.5000_92.4000_92.3000_92.2000_92.1000_,3706,13.tse.tw|3296,20260907,14:30:00,3706.tw,1788762600000,14:30:00,57_113_211_85_377_,26_6_52_121_115_,0,000000,4664,93.1000,25,12,92.8000,91.7000,神達,93.0000,0,tse,764,13:30:00,101.5000,9751,83.3000,神達控股股份有限公司,92.5000,92.6000,0,TWSE,
3708.tw,28,28,20.tse.tw|2231158,99.6000,0,0,99.9000,99.8000,000000,20260907,tse_3708.tw_20260907,99.9000_100.0000_100.5000_101.0000_101.5000_,99.6000_99.5000_99.3000_99.2000_99.1000_,3708,13.tse.tw|2134,20260907,14:30:00,3708.tw,1788762600000,14:30:00,2_33_43_9_18_,7_38_4_6_6_,0,000000,276,100.5000,35,12,99.9000,98.4000,上緯投控,100.5000,0,tse,28,13:30:00,110.5000,430,90.5000,上緯國際投資控股股份有限公司,100.5000,99.6000,0,TWSE,
3711.tw,1028,1005,9.tse.tw|17381,621.0000,0,25,620.0000,619.0000,000000,20260907,tse_3711.tw_20260907,621.0000_622.0000_623.0000_624.0000_625.0000_,620.0000_619.0000_618.0000_617.0000_616.0000_,3711,13.tse.tw|2271,20260907,14:30:00,3711.tw,1788762600000,14:30:00,30_120_85_175_271_,171_76_121_130_187_,0,000000,11495,628.0000,24,12,620.0000,600.0000,日月光投控,600.0000,0,tse,1028,13:30:00,646.0000,25575,530.0000,日月光投資控股股份有限公司,588.0000,621.0000,0,TWSE,
3712.tw,37,37,20.tse.tw|2230854,20.6500,0,0,21.9000,20.8500,000000,20260907,tse_3712.tw_20260907,20.7500_20.8000_20.8500_20.9000_20.9500_,20.6500_20.6000_20.5500_20.5000_20.4500_,3712,13.tse.tw|2408,20260907,14:30:00,3712.tw,1788762600000,14:30:00,1_5_9_6_6_,9_157_135_153_215_,0,000000,109,21.2000,25,12,20.8500,20.6500,永崴投控,21.1500,0,tse,37,13:30:00,23.3000,545,19.1000,永崴投資控股股份有限公司,21.2000,20.6500,0,TWSE,
3714.tw,975,951,9.tse.tw|17383,67.2000,0,30,67.2000,66.9000,000000,20260907,tse_3714.tw_20260907,67.3000_67.4000_67.5000_67.6000_67.7000_,67.2000_67.1000_67.0000_66.9000_66.8000_,3714,13.tse.tw|2545,20260907,14:30:00,3714.tw,1788762600000,14:30:00,21_25_32_23_72_,32_39_71_6_118_,0,000000,5515,68.5000,26,12,67.2000,65.5000,富采,66.9000,0,tse,975,13:30:00,73.4000,26314,60.2000,富采控股股份有限公司,66.8000,67.2000,0,TWSE,
3715.tw,218,202,9.tse.tw|17384,119.5000,0,12,120.0000,119.5000,000000,20260907,tse_3715.tw_20260907,120.0000_120.5000_121.0000_121.5000_122.0000_,119.5000_119.0000_118.5000_118.0000_117.5000_,3715,13.tse.tw|2682,20260907,14:30:00,3715.tw,1788762600000,14:30:00,9_24_132_104_74_,39_110_94_180_132_,0,000000,2834,121.5000,28,12,120.0000,117.0000,定穎投控,119.0000,0,tse,218,13:30:00,129.5000,3210,106.5000,定穎投資控股股份有限公司,118.0000,119.5000,0,TWSE,
3716.tw,3,3,20.tse.tw|2231162,33.9000,0,0,34.0500,34.0000,000000,20260907,tse_3716.tw_20260907,33.9500_34.0500_34.1000_34.1500_34.2000_,33.9000_33.8500_33.8000_33.7500_33.7000_,3716,13.tse.tw|2819,20260907,14:30:00,3716.tw,1788762600000,14:30:00,2_1_4_2_6_,2_1_10_11_12_,0,000000,20,34.3000,22,12,34.0000,33.8000,中化控股,34.1500,0,tse,3,13:30:00,37.5000,286,30.7000,中化控股股份有限公司,34.1000,33.9000,0,TWSE,
3717.tw,43,43,9.tse.tw|17386,21.8500,0,7,23.0000,21.8500,000000,20260907,tse_3717.tw_20260907,21.8500_21.9000_21.9500_22.0000_22.0500_,21.8000_21.7500_21.7000_21.6500_21.6000_,3717,13.tse.tw|2956,20260907,14:30:00,3717.tw,1788762600000,14:30:00,7_16_6_13_11_,82_57_43_25_25_,0,000000,-,22.4000,12,12,0.0000,21.7500,聯嘉投控,22.3500,0,tse,43,13:30:00,24.5000,2023,20.1000,聯嘉光電投資控股股份有限公司,22.3000,21.8500,0,TWSE,
4104.tw,3,3,20.tse.tw|2230539,71.2000,0,0,71.0000,70.8000,000000,20260907,tse_4104.tw_20260907,71.2000_71.3000_71.4000_71.5000_71.6000_,71.0000_70.9000_70.8000_70.7000_70.6000_,4104,13.tse.tw|3092,20260907,14:30:00,4104.tw,1788762600000,14:30:00,10_3_1_24_5_,1_4_15_15_21_,0,000000,397,71.5000,22,12,71.0000,70.6000,佳醫,71.5000,0,tse,3,13:30:00,77.9000,99,63.9000,佳醫健康事業股份有限公司,70.9000,71.2000,0,TWSE,
4106.tw,17,15,20.tse.tw|2230855,24.4500,0,0,24.5500,24.3500,000000,20260907,tse_4106.tw_20260907,24.4500_24.5000_24.5500_24.6000_24.6500_,24.3000_24.2500_24.2000_24.1500_24.1000_,4106,13.tse.tw|3228,20260907,14:30:00,4106.tw,1788762600000,14:30:00,3_10_6_4_5_,8_14_6_4_12_,0,000000,10,24.5000,22,12,24.5500,24.2000,雃博,24.5000,0,tse,17,13:30:00,26.9500,77,22.0500,雃博股份有限公司,24.5000,24.4500,0,TWSE,
4108.tw,4,4,20.tse.tw|2231163,11.4000,0,0,12.0500,11.4000,000000,20260907,tse_4108.tw_20260907,11.4000_11.4500_11.5000_11.5500_11.6000_,11.3500_11.2500_11.2000_11.1500_11.1000_,4108,13.tse.tw|3364,20260907,14:30:00,4108.tw,1788762600000,14:30:00,2_3_12_2_1_,1_1_28_22_32_,0,000000,170,11.4000,22,12,11.4000,11.2000,懷特,11.3500,0,tse,4,13:30:00,12.5000,117,10.3000,懷特生技新藥股份有限公司,11.4000,11.4000,0,TWSE,
4119.tw,4,1,20.tse.tw|2230856,54.6000,0,0,54.8000,54.3000,000000,20260907,tse_4119.tw_20260907,54.8000_55.0000_55.1000_55.2000_55.3000_,54.6000_54.5000_54.4000_54.3000_54.2000_,4119,13.tse.tw|2066,20260907,14:30:00,4119.tw,1788762600000,14:30:00,1_1_2_6_2_,6_36_1_6_4_,0,000000,411,55.8000,22,12,54.3000,54.6000,旭富,55.6000,0,tse,4,13:30:00,61.7000,128,50.5000,旭富製藥科技股份有限公司,56.1000,54.6000,0,TWSE,
4133.tw,7,7,20.tse.tw|2231164,20.5000,0,0,20.7500,20.6000,000000,20260907,tse_4133.tw_20260907,20.5500_20.6000_20.7000_20.7500_20.8000_,20.5000_20.4500_20.4000_20.3500_20.3000_,4133,13.tse.tw|2203,20260907,14:30:00,4133.tw,1788762600000,14:30:00,1_9_2_1_3_,7_7_10_12_7_,0,000000,-,20.6500,22,12,0.0000,20.5000,亞諾法,20.5500,0,tse,7,13:30:00,22.6000,50,18.5000,亞諾法生技股份有限公司,20.5500,20.5000,0,TWSE,
4137.tw,4,4,20.tse.tw|2231502,78.1000,0,0,78.2000,78.1000,000000,20260907,tse_4137.tw_20260907,78.2000_78.3000_78.4000_78.5000_78.6000_,78.1000_77.9000_77.8000_77.7000_77.6000_,4137,13.tse.tw|2340,20260907,14:30:00,4137.tw,1788762600000,14:30:00,7_1_1_2_1_,5_8_21_72_58_,0,000000,135,79.6000,22,12,78.2000,77.7000,麗豐-KY,79.6000,0,tse,4,13:30:00,87.2000,278,71.4000,麗豐股份有限公司,79.3000,78.1000,0,TWSE,RR
4142.tw,18,17,9.tse.tw|17393,17.7000,0,1,17.7000,17.6000,000000,20260907,tse_4142.tw_20260907,17.7500_17.8000_17.8500_17.9000_17.9500_,17.7000_17.6500_17.6000_17.5500_17.5000_,4142,13.tse.tw|2477,20260907,14:30:00,4142.tw,1788762600000,14:30:00,7_5_8_66_34_,6_9_23_28_43_,0,000000,210,17.9500,22,12,17.7000,17.5000,國光生,17.7000,0,tse,18,13:30:00,19.3000,887,15.8000,國光生物科技股份有限公司,17.5500,17.7000,0,TWSE,
4148.tw,-,-,20.tse.tw|2231504,-,0,0,31.7500,31.7000,000000,20260907,tse_4148.tw_20260907,31.6500_31.7000_31.9500_32.3500_32.4000_,31.3500_31.2000_31.0000_30.9000_30.8500_,4148,13.tse.tw|2614,20260907,14:30:00,4148.tw,1788762600000,14:30:00,1_1_1_1_2_,1_1_5_3_2_,0,000000,-,31.8500,22,12,0.0000,30.9000,全宇生技-KY,31.8500,0,tse,-,13:30:00,34.9500,26,28.6500,全宇生技控股有限公司,31.8000,-,0,TWSE,RR
4155.tw,9,9,20.tse.tw|2230688,14.3000,0,0,14.3500,14.2500,000000,20260907,tse_4155.tw_20260907,14.3500_14.4000_14.4500_14.5000_14.5500_,14.2500_14.2000_14.1500_14.1000_14.0500_,4155,13.tse.tw|2751,20260907,14:30:00,4155.tw,1788762600000,14:30:00,9_4_6_81_1_,3_3_12_3_29_,0,000000,159,14.5500,22,12,14.2500,14.2000,訊映,14.3500,0,tse,9,13:30:00,15.8500,226,13.0500,訊映光電股份有限公司,14.4500,14.3000,0,TWSE,
4164.tw,109,109,20.tse.tw|2231505,25.8000,0,0,26.4500,26.0500,000000,20260907,tse_4164.tw_20260907,26.1000_26.1500_26.2000_26.2500_26.3000_,25.8500_25.8000_25.7500_25.7000_25.6500_,4164,13.tse.tw|2888,20260907,14:30:00,4164.tw,1788762600000,14:30:00,6_7_6_8_11_,26_64_22_20_26_,0,000000,81,26.4000,22,12,26.0500,25.9000,承業醫,26.4000,0,tse,109,13:30:00,28.7500,320,23.5500,承業生醫投資控股股份有限公司,26.1500,25.9000,0,TWSE,
4169.tw,16,16,20.tse.tw|2230857,150.5000,0,0,0.0000,151.0000,000000,20260907,tse_4169.tw_20260907,151.0000_151.5000_152.0000_152.5000_153.0000_,150.5000_150.0000_149.5000_149.0000_148.5000_,4169,13.tse.tw|3025,20260907,14:30:00,4169.tw,1788762600000,14:30:00,3_3_2_4_3_,5_8_7_17_21_,0,000000,-,151.5000,22,12,0.0000,148.0000,泰宗,150.5000,0,tse,16,13:30:00,165.5000,209,135.5000,泰宗生物科技股份有限公司,150.5000,150.5000,0,TWSE,
4178.tw,-,-,20.tse.tw|2231165,-,0,0,17.1000,16.0000,000000,20260907,tse_4178.tw_20260907,17.0000_17.0500_17.1000_17.2000_17.2500_,16.7500_16.7000_16.6500_16.6000_16.5500_,4178,13.tse.tw|3161,20260907,14:30:00,4178.tw,1788762600000,14:30:00,3_2_2_7_2_,2_2_4_14_15_,0,000000,-,17.2000,22,12,0.0000,16.8000,永笙-KY,16.9000,0,tse,-,13:30:00,18.5500,36,15.2500,永笙生技股份有限公司,16.9000,-,0,TWSE,RR
4190.tw,1,1,20.tse.tw|2231166,26.0000,0,0,26.1000,25.9000,000000,20260907,tse_4190.tw_20260907,26.1000_26.2000_26.3500_26.4500_26.5000_,25.7000_25.5000_25.4000_25.3500_25.3000_,4190,13.tse.tw|3297,20260907,14:30:00,4190.tw,1788762600000,14:30:00,2_3_2_2_1_,1_2_1_1_1_,0,000000,-,26.1000,22,12,0.0000,25.9000,佐登-KY,25.9000,0,tse,1,13:30:00,28.5000,8,23.4000,佐登妮絲集團股份有限公司,25.9500,26.0000,0,TWSE,RR
4195.tw,-,-,20.tse.tw|2230689,-,3,0,13.8000,13.5500,000000,20260907,tse_4195.tw_20260907,13.7500_13.8000_13.8500_13.9500_14.0000_,13.5500_13.5000_13.4500_13.4000_13.3500_,4195,13.tse.tw|2135,20260907,14:30:00,4195.tw,1788762600000,14:30:00,2_11_10_1_2_,3_5_6_9_15_,0,000000,-,13.8500,22,12,0.0000,13.5000,基米-創,13.8000,0,tse,-,13:30:00,15.1000,84,12.4000,基龍米克斯生物科技股份有限公司,13.7500,-,0,TWSE,
4306.tw,30,28,9.tse.tw|17401,15.0000,0,10,15.1500,15.1000,000000,20260907,tse_4306.tw_20260907,15.0500_15.1000_15.1500_15.2000_15.2500_,15.0000_14.9500_14.9000_14.8500_14.8000_,4306,13.tse.tw|2272,20260907,14:30:00,4306.tw,1788762600000,14:30:00,26_23_23_38_44_,80_102_76_125_88_,0,000000,1225,15.3500,03,12,15.1000,14.9500,炎洲,15.3500,0,tse,30,13:30:00,16.7500,1303,13.7500,炎洲股份有限公司,15.2500,15.0000,0,TWSE,
4414.tw,139,139,9.tse.tw|17402,8.0700,0,1,8.0700,8.0600,000000,20260907,tse_4414.tw_20260907,8.1000_8.3000_8.3100_8.3200_8.3300_,8.0700_8.0600_8.0500_8.0200_8.0000_,4414,13.tse.tw|2409,20260907,14:30:00,4414.tw,1788762600000,14:30:00,5_4_31_13_15_,4_12_12_10_14_,0,000000,243,8.3500,04,12,8.0700,8.0700,如興,8.2400,0,tse,139,13:30:00,9.0400,357,7.4000,如興股份有限公司,8.2200,8.0700,0,TWSE,
4426.tw,2,2,9.tse.tw|17403,7.5900,0,1,7.5900,7.5200,000000,20260907,tse_4426.tw_20260907,7.6000_7.6100_7.6200_7.6600_7.6700_,7.5500_7.5400_7.5300_7.5200_7.5000_,4426,13.tse.tw|2546,20260907,14:30:00,4426.tw,1788762600000,14:30:00,2_1_4_8_2_,20_1_10_21_18_,0,000000,-,7.6200,04,12,0.0000,7.5300,利勤,7.6200,0,tse,2,13:30:00,8.3200,48,6.8200,利勤實業股份有限公司,7.5700,7.5900,0,TWSE,
4438.tw,2,1,20.tse.tw|2230360,57.8000,0,0,61.4000,58.1000,000000,20260907,tse_4438.tw_20260907,58.0000_58.3000_58.6000_58.7000_58.8000_,57.8000_57.7000_57.6000_57.5000_57.4000_,4438,13.tse.tw|2683,20260907,14:30:00,4438.tw,1788762600000,14:30:00,3_1_1_4_5_,1_11_21_16_5_,0,000000,-,59.0000,04,12,0.0000,57.4000,廣越,59.0000,0,tse,2,13:30:00,64.1000,99,52.5000,廣越企業股份有限公司,58.3000,57.9000,0,TWSE,
4439.tw,1,1,20.tse.tw|2231507,96.3000,0,0,96.6000,95.0000,000000,20260907,tse_4439.tw_20260907,96.7000_96.8000_96.9000_97.0000_97.1000_,95.8000_95.0000_94.7000_94.5000_94.3000_,4439,13.tse.tw|2820,20260907,14:30:00,4439.tw,1788762600000,14:30:00,1_1_1_5_1_,1_4_3_4_2_,0,000000,-,97.1000,04,12,0.0000,95.9000,冠星-KY,97.1000,0,tse,1,13:30:00,105.5000,9,86.6000,冠星集團控股有限公司,96.2000,96.3000,0,TWSE,RR
4440.tw,-,-,20.tse.tw|2230858,-,0,0,17.8000,17.6000,000000,20260907,tse_4440.tw_20260907,17.8000_17.8500_17.9000_18.0000_18.1000_,17.7500_17.7000_17.6500_17.6000_17.5500_,4440,13.tse.tw|2957,20260907,14:30:00,4440.tw,1788762600000,14:30:00,10_8_6_6_4_,1_1_8_17_11_,0,000000,-,17.8500,04,12,0.0000,17.6500,宜新實業,17.7500,0,tse,-,13:30:00,19.5000,98,16.0000,宜新實業股份有限公司,17.7500,-,0,TWSE,
4441.tw,-,-,20.tse.tw|2230690,-,0,0,175.0000,174.0000,000000,20260907,tse_4441.tw_20260907,174.0000_174.5000_175.0000_176.0000_177.5000_,173.5000_173.0000_172.0000_171.5000_171.0000_,4441,13.tse.tw|3093,20260907,14:30:00,4441.tw,1788762600000,14:30:00,1_1_4_2_1_,2_2_2_13_7_,0,000000,13,175.5000,04,12,175.0000,170.0000,振大環球,175.5000,0,tse,-,13:30:00,192.5000,64,157.5000,振大環球股份有限公司,175.0000,-,0,TWSE,
4526.tw,212,195,9.tse.tw|17408,32.3500,0,3,32.6000,32.5500,000000,20260907,tse_4526.tw_20260907,32.4000_32.4500_32.5500_32.6000_32.6500_,32.3500_32.3000_32.2500_32.2000_32.1500_,4526,13.tse.tw|3229,20260907,14:30:00,4526.tw,1788762600000,14:30:00,5_6_10_19_28_,19_24_22_47_17_,0,000000,415,32.7500,05,12,32.5500,31.1000,東台,31.6000,0,tse,212,13:30:00,35.2000,5043,28.8000,東台精機股份有限公司,32.0000,32.3500,0,TWSE,
4532.tw,141,141,20.tse.tw|2231508,23.5000,0,0,24.8500,23.6500,000000,20260907,tse_4532.tw_20260907,23.5500_23.6500_23.7000_23.7500_23.8000_,23.5000_23.4500_23.4000_23.3500_23.3000_,4532,13.tse.tw|3365,20260907,14:30:00,4532.tw,1788762600000,14:30:00,14_3_30_29_32_,122_68_105_60_116_,0,000000,14,23.9000,05,12,23.6500,23.4500,瑞智,23.8500,0,tse,141,13:30:00,26.1500,1052,21.4500,瑞智精密股份有限公司,23.8000,23.5000,0,TWSE,
4536.tw,8,7,20.tse.tw|2230361,163.5000,0,0,167.5000,163.5000,000000,20260907,tse_4536.tw_20260907,163.5000_164.0000_164.5000_165.0000_165.5000_,163.0000_162.5000_162.0000_161.5000_161.0000_,4536,13.tse.tw|2067,20260907,14:30:00,4536.tw,1788762600000,14:30:00,6_4_9_8_8_,2_1_19_16_22_,0,000000,5,165.5000,37,12,167.5000,161.5000,拓凱,165.5000,0,tse,8,13:30:00,180.5000,227,148.5000,拓凱實業股份有限公司,164.5000,163.0000,0,TWSE,
4540.tw,101,99,20.tse.tw|2231168,59.8000,0,0,59.9000,59.8000,000000,20260907,tse_4540.tw_20260907,59.8000_59.9000_60.0000_60.1000_60.2000_,59.7000_59.6000_59.5000_59.4000_59.3000_,4540,13.tse.tw|2204,20260907,14:30:00,4540.tw,1788762600000,14:30:00,11_1_4_1_6_,42_20_45_24_2_,0,000000,1067,62.8000,05,12,59.8000,59.8000,全球傳動,61.3000,0,tse,101,13:30:00,66.8000,2315,54.8000,全球傳動科技股份有限公司,60.8000,59.8000,0,TWSE,
4545.tw,2,2,20.tse.tw|2231169,32.3500,0,0,0.0000,32.0000,000000,20260907,tse_4545.tw_20260907,32.4000_32.4500_32.5000_32.5500_32.7500_,32.2000_31.9000_31.8500_31.8000_31.7500_,4545,13.tse.tw|2341,20260907,14:30:00,4545.tw,1788762600000,14:30:00,2_1_3_1_1_,1_2_2_2_6_,0,000000,-,32.3500,28,12,0.0000,31.5500,銘鈺,32.0000,0,tse,2,13:30:00,34.9500,51,28.6500,銘鈺精密工業股份有限公司,31.8000,32.3500,0,TWSE,
4551.tw,88,81,9.tse.tw|17413,167.5000,0,11,168.5000,168.0000,000000,20260907,tse_4551.tw_20260907,167.5000_168.0000_168.5000_169.0000_169.5000_,167.0000_166.5000_166.0000_165.5000_165.0000_,4551,13.tse.tw|2478,20260907,14:30:00,4551.tw,1788762600000,14:30:00,8_21_16_18_10_,10_14_42_28_50_,0,000000,227,173.0000,12,12,168.0000,166.5000,智伸科,172.5000,0,tse,88,13:30:00,188.5000,1571,154.5000,智伸科技股份有限公司,171.5000,167.5000,0,TWSE,
4552.tw,3,3,20.tse.tw|2230691,16.4500,0,0,16.5000,16.3500,000000,20260907,tse_4552.tw_20260907,16.5000_16.5500_16.6000_16.8000_16.9500_,16.4500_16.4000_16.3500_16.3000_16.2500_,4552,13.tse.tw|2615,20260907,14:30:00,4552.tw,1788762600000,14:30:00,28_11_11_8_7_,4_1_3_12_15_,0,000000,160,16.6000,05,12,16.3500,16.3000,力達-KY,16.6000,0,tse,3,13:30:00,18.1500,49,14.8500,力達控股有限公司,16.5000,16.4500,0,TWSE,RR
4555.tw,7,7,20.tse.tw|2230860,44.9000,0,0,46.5500,44.7500,000000,20260907,tse_4555.tw_20260907,45.1000_45.1500_45.3000_45.5000_45.7000_,44.9000_44.8500_44.8000_44.7500_44.7000_,4555,13.tse.tw|2752,20260907,14:30:00,4555.tw,1788762600000,14:30:00,1_2_2_2_1_,2_3_3_4_8_,0,000000,-,45.9000,05,12,0.0000,44.8000,氣立,45.9000,0,tse,7,13:30:00,50.8000,228,41.6500,台灣氣立股份有限公司,46.2500,44.9000,0,TWSE,
4557.tw,3,3,20.tse.tw|2231510,49.8000,0,0,52.8000,49.8000,000000,20260907,tse_4557.tw_20260907,50.0000_50.2000_50.7000_51.0000_51.2000_,49.7000_49.6000_49.5500_49.5000_49.3500_,4557,13.tse.tw|2889,20260907,14:30:00,4557.tw,1788762600000,14:30:00,1_17_1_1_1_,8_1_1_8_1_,0,000000,2,51.0000,12,12,50.0000,49.6000,永新-KY,50.0000,0,tse,3,13:30:00,55.1000,44,45.1000,永新控股股份有限公司,50.1000,49.8000,0,TWSE,RR
4560.tw,17,17,20.tse.tw|2231170,28.6000,0,0,30.3000,28.9500,000000,20260907,tse_4560.tw_20260907,28.7000_28.7500_28.8000_28.8500_28.9500_,28.6000_28.5500_28.5000_28.4500_28.4000_,4560,13.tse.tw|3026,20260907,14:30:00,4560.tw,1788762600000,14:30:00,7_1_3_2_3_,6_6_11_9_11_,0,000000,-,29.1500,05,12,0.0000,28.5500,強信-KY,29.1500,0,tse,17,13:30:00,31.7500,197,26.0500,強信機械科技股份有限公司,28.9000,28.6000,0,TWSE,RR
4562.tw,5,5,20.tse.tw|2230692,30.4500,0,0,31.0000,30.5000,000000,20260907,tse_4562.tw_20260907,30.7000_30.8000_30.9000_30.9500_31.0000_,30.4500_30.4000_30.3000_30.2000_30.1500_,4562,13.tse.tw|3162,20260907,14:30:00,4562.tw,1788762600000,14:30:00,1_1_1_17_2_,6_1_18_2_13_,0,000000,-,31.6500,05,12,0.0000,30.3000,穎漢,31.3000,0,tse,5,13:30:00,33.3500,170,27.3500,穎漢科技股份有限公司,30.3500,30.5000,0,TWSE,
4564.tw,76,69,9.tse.tw|17419,16.0000,0,2,16.1500,16.1000,000000,20260907,tse_4564.tw_20260907,16.0000_16.0500_16.1000_16.1500_16.2000_,15.9500_15.9000_15.8500_15.8000_15.7500_,4564,13.tse.tw|3298,20260907,14:30:00,4564.tw,1788762600000,14:30:00,8_34_26_31_27_,26_63_525_84_66_,0,000000,500,16.4500,05,12,16.1500,15.9500,元翎,16.4500,0,tse,76,13:30:00,18.0500,925,14.8500,元翎精密工業股份有限公司,16.4500,15.9500,0,TWSE,
4566.tw,48,48,9.tse.tw|17420,63.6000,0,1,64.1000,63.8000,000000,20260907,tse_4566.tw_20260907,63.7000_63.8000_63.9000_64.0000_64.1000_,63.6000_63.5000_63.4000_63.3000_63.2000_,4566,13.tse.tw|2136,20260907,14:30:00,4566.tw,1788762600000,14:30:00,6_8_4_6_4_,3_20_7_10_9_,0,000000,-,64.8000,05,12,0.0000,63.4000,時碩工業,64.8000,0,tse,48,13:30:00,70.2000,507,57.6000,時碩工業股份有限公司,63.9000,63.6000,0,TWSE,
4569.tw,7,7,20.tse.tw|2231171,177.5000,0,0,177.5000,177.0000,000000,20260907,tse_4569.tw_20260907,178.0000_179.5000_180.0000_180.5000_182.5000_,177.0000_175.5000_175.0000_174.0000_173.5000_,4569,13.tse.tw|2273,20260907,14:30:00,4569.tw,1788762600000,14:30:00,11_1_2_1_1_,1_4_1_1_7_,0,000000,121,182.5000,12,12,177.5000,174.0000,六方科-KY,182.5000,0,tse,7,13:30:00,198.0000,162,162.0000,英屬開曼群島商六方科技股份有限公司,180.0000,177.5000,0,TWSE,RR
4571.tw,11,11,20.tse.tw|2231172,158.0000,0,0,159.0000,158.5000,000000,20260907,tse_4571.tw_20260907,159.0000_159.5000_160.0000_160.5000_161.0000_,158.0000_157.5000_157.0000_156.5000_156.0000_,4571,13.tse.tw|2410,20260907,14:30:00,4571.tw,1788762600000,14:30:00,1_2_3_4_11_,19_3_9_2_17_,0,000000,233,163.5000,05,12,158.5000,158.0000,鈞興-KY,163.5000,0,tse,11,13:30:00,177.5000,147,145.5000,開曼鈞興機電國際有限公司,161.5000,158.0000,0,TWSE,RR
4572.tw,2,2,20.tse.tw|2230362,143.0000,0,0,143.0000,142.0000,000000,20260907,tse_4572.tw_20260907,143.0000_144.0000_144.5000_145.0000_146.0000_,142.0000_141.0000_140.5000_140.0000_139.5000_,4572,13.tse.tw|2547,20260907,14:30:00,4572.tw,1788762600000,14:30:00,1_1_2_3_3_,1_1_3_6_1_,0,000000,151,144.5000,05,12,142.0000,140.0000,駐龍,142.5000,0,tse,2,13:30:00,155.5000,34,127.5000,駐龍精密機械股份有限公司,141.5000,143.0000,0,TWSE,
4576.tw,194,194,9.tse.tw|17424,247.0000,0,8,248.0000,247.5000,000000,20260907,tse_4576.tw_20260907,247.0000_247.5000_248.0000_248.5000_249.0000_,246.5000_246.0000_245.5000_245.0000_244.5000_,4576,13.tse.tw|2684,20260907,14:30:00,4576.tw,1788762600000,14:30:00,19_38_9_12_28_,2_11_7_28_11_,0,000000,1029,258.0000,05,12,247.5000,245.0000,大銀微系統,250.0000,0,tse,194,13:30:00,261.5000,5907,214.5000,大銀微系統股份有限公司,238.0000,247.0000,0,TWSE,
4581.tw,1,1,20.tse.tw|2230363,48.0000,0,0,47.9000,47.2500,000000,20260907,tse_4581.tw_20260907,48.0000_48.4500_48.6000_48.7500_48.8000_,47.8500_47.3000_47.2000_47.0000_46.9500_,4581,13.tse.tw|2821,20260907,14:30:00,4581.tw,1788762600000,14:30:00,4_2_1_1_2_,1_2_2_3_1_,0,000000,-,48.0000,12,12,0.0000,47.8500,光隆精密-KY,47.8500,0,tse,1,13:30:00,52.8000,6,43.2000,英屬開曼群島光隆精密股份有限公司,48.0000,48.0000,0,TWSE,RR
4582.tw,2,2,20.tse.tw|2231173,23.0500,3,0,23.1500,23.0500,000000,20260907,tse_4582.tw_20260907,23.1500_23.2000_23.2500_23.3500_23.4000_,23.0500_23.0000_22.9000_22.8500_22.8000_,4582,13.tse.tw|2958,20260907,14:30:00,4582.tw,1788762600000,14:30:00,3_16_2_1_3_,2_11_3_1_16_,0,000000,-,23.6000,35,12,0.0000,23.0500,聚恆-創,23.6000,0,tse,2,13:30:00,25.8500,104,21.1500,聚恆科技股份有限公司,23.5000,23.0500,0,TWSE,
4583.tw,9,8,20.tse.tw|2231511,462.0000,0,0,480.0000,475.5000,000000,20260907,tse_4583.tw_20260907,470.0000_471.0000_473.0000_474.0000_475.5000_,461.0000_460.5000_460.0000_456.0000_454.0000_,4583,13.tse.tw|3094,20260907,14:30:00,4583.tw,1788762600000,14:30:00,2_1_1_3_1_,1_1_5_1_1_,0,000000,50,490.0000,05,12,480.0000,462.0000,台灣精銳,490.0000,0,tse,9,13:30:00,520.0000,75,426.5000,台灣精銳科技股份有限公司,473.5000,462.0000,0,TWSE,
4585.tw,5,5,20.tse.tw|2230863,297.5000,0,0,297.5000,295.0000,000000,20260907,tse_4585.tw_20260907,297.5000_298.0000_298.5000_299.0000_299.5000_,295.0000_294.5000_294.0000_293.5000_293.0000_,4585,13.tse.tw|3230,20260907,14:30:00,4585.tw,1788762600000,14:30:00,1_3_5_1_6_,5_1_2_5_1_,0,000000,44,300.0000,31,12,297.5000,293.5000,達明,297.0000,0,tse,5,13:30:00,323.5000,261,265.5000,達明機器人股份有限公司,294.5000,297.5000,0,TWSE,
4588.tw,-,-,20.tse.tw|2231174,-,0,0,0.0000,52.1000,000000,20260907,tse_4588.tw_20260907,52.2000_52.3000_52.6000_52.7000_52.8000_,52.1000_51.9000_51.8000_51.7000_51.5000_,4588,13.tse.tw|3366,20260907,14:30:00,4588.tw,1788762600000,14:30:00,17_3_2_1_1_,1_1_4_1_3_,0,000000,1,52.3000,31,12,52.1000,51.8000,玖鼎電力,52.2000,0,tse,-,13:30:00,57.0000,30,46.7500,玖鼎電力資訊股份有限公司,51.9000,-,0,TWSE,
4590.tw,8,8,20.tse.tw|2230693,89.6000,3,0,89.8000,89.1000,000000,20260907,tse_4590.tw_20260907,90.1000_90.2000_90.5000_90.6000_90.7000_,89.6000_89.5000_89.4000_89.3000_89.2000_,4590,13.tse.tw|2068,20260907,14:30:00,4590.tw,1788762600000,14:30:00,1_1_1_5_10_,3_2_4_6_2_,0,000000,-,91.1000,05,12,0.0000,88.8000,富田-創,91.1000,0,tse,8,13:30:00,98.5000,185,80.7000,富田電機股份有限公司,89.6000,89.6000,0,TWSE,
4720.tw,10,10,20.tse.tw|2230864,18.4500,0,0,18.4500,18.4000,000000,20260907,tse_4720.tw_20260907,18.4500_18.5000_18.5500_18.6000_18.6500_,18.4000_18.3500_18.3000_18.2500_18.2000_,4720,13.tse.tw|2205,20260907,14:30:00,4720.tw,1788762600000,14:30:00,10_10_11_10_9_,5_8_22_111_7_,0,000000,283,18.9000,21,12,18.4500,18.3000,德淵,18.9000,0,tse,10,13:30:00,20.4500,340,16.7500,德淵企業股份有限公司,18.6000,18.4500,0,TWSE,
4722.tw,23,23,20.tse.tw|2230694,200.0000,0,0,201.0000,200.0000,000000,20260907,tse_4722.tw_20260907,201.0000_201.5000_202.0000_202.5000_203.0000_,200.0000_199.5000_199.0000_198.5000_198.0000_,4722,13.tse.tw|2342,20260907,14:30:00,4722.tw,1788762600000,14:30:00,1_3_14_5_5_,4_4_5_2_14_,0,000000,400,206.0000,21,12,200.0000,199.5000,國精化,205.5000,0,tse,23,13:30:00,220.5000,588,180.5000,國精化學股份有限公司,200.5000,200.0000,0,TWSE,
4736.tw,14,14,9.tse.tw|17433,125.5000,0,2,126.0000,125.0000,000000,20260907,tse_4736.tw_20260907,126.0000_126.5000_127.0000_127.5000_128.0000_,125.5000_124.5000_124.0000_123.5000_123.0000_,4736,13.tse.tw|2479,20260907,14:30:00,4736.tw,1788762600000,14:30:00,27_20_22_10_7_,5_3_22_47_79_,0,000000,263,127.5000,22,12,125.0000,123.0000,泰博,127.5000,0,tse,14,13:30:00,139.5000,435,114.5000,泰博科技股份有限公司,127.0000,125.5000,0,TWSE,
4737.tw,1,1,20.tse.tw|2230695,59.0000,0,0,59.0000,58.7000,000000,20260907,tse_4737.tw_20260907,59.0000_59.1000_59.2000_59.3000_59.4000_,58.9000_58.6000_58.5000_58.4000_58.3000_,4737,13.tse.tw|2616,20260907,14:30:00,4737.tw,1788762600000,14:30:00,14_4_6_2_2_,1_3_3_2_2_,0,000000,1,59.1000,22,12,58.7000,58.3000,華廣,58.6000,0,tse,1,13:30:00,64.4000,157,52.8000,華廣生技股份有限公司,58.6000,59.0000,0,TWSE,
4739.tw,39,39,20.tse.tw|2230541,82.5000,0,0,83.5000,83.0000,000000,20260907,tse_4739.tw_20260907,82.7000_82.9000_83.0000_83.1000_83.2000_,82.5000_82.4000_82.3000_82.2000_82.1000_,4739,13.tse.tw|2753,20260907,14:30:00,4739.tw,1788762600000,14:30:00,6_2_10_1_1_,30_11_7_10_12_,0,000000,101,84.9000,21,12,83.0000,82.5000,康普,84.3000,0,tse,39,13:30:00,91.9000,649,75.3000,康普材料科技股份有限公司,83.6000,82.5000,0,TWSE,
4746.tw,29,29,20.tse.tw|2231176,46.4000,0,0,47.1000,46.4000,000000,20260907,tse_4746.tw_20260907,46.4000_46.4500_46.5000_46.6000_46.6500_,46.3500_46.3000_46.2500_46.2000_46.1500_,4746,13.tse.tw|2890,20260907,14:30:00,4746.tw,1788762600000,14:30:00,3_3_7_3_4_,1_5_1_2_3_,0,000000,5,46.7000,22,12,47.1000,45.1500,台耀,45.4500,1,tse,29,13:30:00,49.8500,854,40.8500,台耀化學股份有限公司,45.3500,46.4000,0,TWSE,
4755.tw,8,8,20.tse.tw|2231177,116.0000,0,0,0.0000,118.0000,000000,20260907,tse_4755.tw_20260907,116.5000_117.0000_117.5000_118.0000_118.5000_,116.0000_115.5000_115.0000_114.5000_114.0000_,4755,13.tse.tw|3027,20260907,14:30:00,4755.tw,1788762600000,14:30:00,10_5_5_12_1_,3_26_30_20_26_,0,000000,-,119.0000,21,12,0.0000,115.5000,三福化,119.0000,0,tse,8,13:30:00,129.5000,121,106.5000,三福化工股份有限公司,118.0000,116.0000,0,TWSE,
4763.tw,288,258,9.tse.tw|17438,50.6000,0,5,50.9000,50.7000,000000,20260907,tse_4763.tw_20260907,50.7000_50.8000_50.9000_51.0000_51.1000_,50.6000_50.5000_50.4000_50.3000_50.2000_,4763,13.tse.tw|3163,20260907,14:30:00,4763.tw,1788762600000,14:30:00,56_89_65_123_94_,83_74_63_50_37_,0,000000,1415,51.0000,21,12,50.9000,49.3500,材料*-KY,51.0000,0,tse,288,13:30:00,55.3000,6139,45.3000,濟南大自然新材料股份有限公司,50.3000,50.6000,0,TWSE,RR
4764.tw,23,22,20.tse.tw|2231513,228.0000,0,0,231.0000,230.0000,000000,20260907,tse_4764.tw_20260907,228.5000_229.0000_229.5000_230.0000_230.5000_,228.0000_227.5000_227.0000_226.5000_226.0000_,4764,13.tse.tw|3299,20260907,14:30:00,4764.tw,1788762600000,14:30:00,5_6_9_6_1_,1_16_11_6_31_,0,000000,59,233.0000,21,12,230.0000,227.5000,雙鍵,231.5000,0,tse,23,13:30:00,254.5000,441,208.5000,雙鍵化工股份有限公司,231.5000,228.0000,0,TWSE,
4766.tw,10,9,9.tse.tw|17440,344.5000,0,1,345.5000,345.0000,000000,20260907,tse_4766.tw_20260907,344.5000_345.0000_345.5000_346.0000_346.5000_,344.0000_343.5000_343.0000_342.5000_342.0000_,4766,13.tse.tw|2137,20260907,14:30:00,4766.tw,1788762600000,14:30:00,1_4_3_4_4_,2_7_6_3_7_,0,000000,38,348.0000,21,12,345.0000,342.5000,南寶,348.0000,0,tse,10,13:30:00,380.5000,143,311.5000,南寶樹脂化學工廠股份有限公司,346.0000,344.5000,0,TWSE,
4770.tw,30,29,9.tse.tw|17441,239.0000,0,3,238.0000,237.0000,000000,20260907,tse_4770.tw_20260907,239.0000_239.5000_240.0000_240.5000_241.0000_,238.5000_238.0000_237.5000_237.0000_236.5000_,4770,13.tse.tw|2274,20260907,14:30:00,4770.tw,1788762600000,14:30:00,6_1_14_4_4_,8_11_4_12_6_,0,000000,500,246.5000,21,12,237.0000,231.5000,上品,232.0000,0,tse,30,13:30:00,249.0000,1318,204.0000,上品綜合工業股份有限公司,226.5000,239.0000,0,TWSE,
4771.tw,4,4,20.tse.tw|2231179,206.0000,0,0,207.0000,205.0000,000000,20260907,tse_4771.tw_20260907,206.5000_207.5000_208.0000_208.5000_209.0000_,206.0000_205.5000_205.0000_204.5000_204.0000_,4771,13.tse.tw|2411,20260907,14:30:00,4771.tw,1788762600000,14:30:00,1_3_2_4_6_,1_2_5_4_8_,0,000000,220,207.5000,22,12,207.0000,204.5000,望隼,207.5000,0,tse,4,13:30:00,229.0000,145,188.0000,望隼科技股份有限公司,208.5000,206.0000,0,TWSE,
4807.tw,79,79,20.tse.tw|2231180,27.1000,0,0,0.0000,27.6000,000000,20260907,tse_4807.tw_20260907,27.8000_28.6000_28.6500_28.7500_29.2500_,27.4000_27.3500_27.3000_27.2500_27.2000_,4807,13.tse.tw|2548,20260907,14:30:00,4807.tw,1788762600000,14:30:00,1_1_1_1_3_,12_18_24_1_22_,0,000000,576,30.1500,18,12,27.6000,27.4000,日成-KY,28.9500,0,tse,79,13:30:00,31.4000,233,25.7000,日成控股股份有限公司,28.5500,27.4000,0,TWSE,RR
4904.tw,400,400,20.tse.tw|2231514,102.0000,0,0,102.5000,102.0000,000000,20260907,tse_4904.tw_20260907,102.5000_103.0000_103.5000_104.0000_104.5000_,102.0000_101.5000_101.0000_100.5000_100.0000_,4904,13.tse.tw|2685,20260907,14:30:00,4904.tw,1788762600000,14:30:00,242_425_479_125_246_,57_409_289_91_176_,0,000000,2456,104.5000,27,12,102.0000,102.0000,遠傳,104.5000,0,tse,400,13:30:00,114.0000,5365,93.6000,遠傳電信股份有限公司,104.0000,102.0000,0,TWSE,
4906.tw,205,193,9.tse.tw|17445,36.8000,0,7,36.9500,36.9000,000000,20260907,tse_4906.tw_20260907,36.8000_36.8500_36.9000_36.9500_37.0000_,36.7500_36.7000_36.6500_36.6000_36.5500_,4906,13.tse.tw|2822,20260907,14:30:00,4906.tw,1788762600000,14:30:00,15_71_52_31_59_,6_5_32_22_9_,0,000000,221,37.2000,27,12,36.9500,36.2000,正文,37.1500,0,tse,205,13:30:00,40.5500,3420,33.2500,正文科技股份有限公司,36.9000,36.8000,0,TWSE,
4912.tw,25,25,20.tse.tw|2231181,102.0000,0,0,102.5000,102.0000,000000,20260907,tse_4912.tw_20260907,102.0000_102.5000_103.0000_103.5000_104.0000_,101.5000_101.0000_100.5000_100.0000_99.9000_,4912,13.tse.tw|2959,20260907,14:30:00,4912.tw,1788762600000,14:30:00,7_16_29_9_17_,1_11_6_15_5_,0,000000,35,102.0000,28,12,102.0000,98.8000,聯德控股-KY,101.5000,0,tse,25,13:30:00,112.0000,569,91.8000,聯德控股股份有限公司,102.0000,102.0000,0,TWSE,RR
4915.tw,108,88,20.tse.tw|2230542,60.2000,0,0,60.9000,60.6000,000000,20260907,tse_4915.tw_20260907,60.3000_60.4000_60.5000_60.6000_60.7000_,60.2000_60.1000_60.0000_59.9000_59.8000_,4915,13.tse.tw|3095,20260907,14:30:00,4915.tw,1788762600000,14:30:00,13_27_24_35_25_,7_117_129_40_54_,0,000000,102,61.0000,28,12,60.9000,60.1000,致伸,61.0000,0,tse,108,13:30:00,66.8000,1776,54.8000,致伸科技股份有限公司,60.8000,60.2000,0,TWSE,
4916.tw,72,72,9.tse.tw|17448,97.1000,0,7,97.6000,97.5000,000000,20260907,tse_4916.tw_20260907,97.5000_97.6000_97.7000_97.8000_97.9000_,97.1000_97.0000_96.9000_96.8000_96.7000_,4916,13.tse.tw|3231,20260907,14:30:00,4916.tw,1788762600000,14:30:00,12_7_8_10_7_,11_61_23_29_19_,0,000000,396,98.3000,25,12,97.6000,96.5000,事欣科,98.1000,0,tse,72,13:30:00,107.0000,918,87.6000,事欣科技股份有限公司,97.3000,97.1000,0,TWSE,
4919.tw,150,148,9.tse.tw|17449,122.5000,0,7,123.5000,123.0000,000000,20260907,tse_4919.tw_20260907,123.0000_123.5000_124.0000_124.5000_125.0000_,122.5000_122.0000_121.5000_121.0000_120.5000_,4919,13.tse.tw|3367,20260907,14:30:00,4919.tw,1788762600000,14:30:00,12_43_109_118_190_,13_51_39_42_54_,0,000000,1014,125.0000,24,12,123.0000,118.5000,新唐,122.0000,0,tse,150,13:30:00,132.0000,3212,108.0000,新唐科技股份有限公司,120.0000,122.5000,0,TWSE,
4927.tw,187,185,9.tse.tw|17450,43.0000,0,7,43.1500,43.0500,000000,20260907,tse_4927.tw_20260907,43.0500_43.1000_43.1500_43.2000_43.2500_,43.0000_42.9500_42.9000_42.8500_42.8000_,4927,13.tse.tw|2069,20260907,14:30:00,4927.tw,1788762600000,14:30:00,4_1_16_6_3_,14_12_13_13_13_,0,000000,11,44.8500,28,12,43.0500,42.1500,泰鼎-KY,42.3000,0,tse,187,13:30:00,46.0500,6235,37.7500,APEX INTERNATIONAL CO. LTD.,41.9000,43.0000,0,TWSE,RR
4930.tw,-,-,20.tse.tw|2230866,-,0,0,16.2000,16.1500,000000,20260907,tse_4930.tw_20260907,16.2500_16.3000_16.3500_16.4000_16.5000_,16.1500_16.0500_16.0000_15.9500_15.9000_,4930,13.tse.tw|2206,20260907,14:30:00,4930.tw,1788762600000,14:30:00,6_1_1_3_4_,1_1_3_10_6_,0,000000,30,16.2000,06,12,16.2000,15.9500,燦星網,16.1000,0,tse,-,13:30:00,17.7500,20,14.5500,燦星網通股份有限公司,16.1500,-,0,TWSE,
4934.tw,128,128,9.tse.tw|17452,13.6000,0,1,13.6500,13.6000,000000,20260907,tse_4934.tw_20260907,13.8000_13.8500_13.9000_13.9500_14.0000_,13.6000_13.5500_13.5000_13.4500_13.4000_,4934,13.tse.tw|2343,20260907,14:30:00,4934.tw,1788762600000,14:30:00,3_10_29_25_14_,67_18_51_4_1_,0,000000,134,14.0500,26,12,13.6000,13.6000,太極,14.0500,0,tse,128,13:30:00,15.2500,413,12.5500,太極能源科技股份有限公司,13.9000,13.6000,0,TWSE,
4935.tw,6,6,20.tse.tw|2231183,33.1000,0,0,35.1000,32.9000,000000,20260907,tse_4935.tw_20260907,33.1000_33.1500_33.2000_33.2500_33.3000_,33.0000_32.8500_32.8000_32.7500_32.7000_,4935,13.tse.tw|2480,20260907,14:30:00,4935.tw,1788762600000,14:30:00,7_3_4_3_5_,1_7_13_3_9_,0,000000,110,33.6500,26,12,32.9000,32.8500,茂林-KY,33.6500,0,tse,6,13:30:00,36.6000,111,30.0000,茂林光電科技(開曼)股份有限公司,33.3000,33.1000,0,TWSE,RR
4938.tw,1897,1897,9.tse.tw|17454,93.6000,0,2,94.0000,93.6000,000000,20260907,tse_4938.tw_20260907,93.6000_93.7000_93.8000_93.9000_94.0000_,93.4000_93.3000_93.2000_93.1000_93.0000_,4938,13.tse.tw|2617,20260907,14:30:00,4938.tw,1788762600000,14:30:00,145_182_126_114_160_,5_5_4_375_60_,0,000000,2452,95.6000,25,12,93.6000,91.6000,和碩,95.6000,0,tse,1897,13:30:00,104.5000,12601,85.9000,和碩聯合科技股份有限公司,95.4000,93.6000,0,TWSE,
4942.tw,2,2,20.tse.tw|2231516,33.0000,0,0,34.9500,33.1000,000000,20260907,tse_4942.tw_20260907,33.0000_33.0500_33.1000_33.1500_33.2000_,32.9500_32.8500_32.8000_32.7500_32.7000_,4942,13.tse.tw|2754,20260907,14:30:00,4942.tw,1788762600000,14:30:00,3_3_3_11_3_,1_1_14_9_18_,0,000000,-,33.2500,26,12,0.0000,32.7500,嘉彰,33.2000,0,tse,2,13:30:00,36.4000,91,29.8000,嘉彰股份有限公司,33.1000,33.0000,0,TWSE,
4943.tw,20,20,20.tse.tw|2230867,6.6100,0,0,6.6300,6.6100,000000,20260907,tse_4943.tw_20260907,6.6100_6.6600_6.6700_6.7700_6.7800_,6.5500_6.5400_6.5300_6.5200_6.5100_,4943,13.tse.tw|2891,20260907,14:30:00,4943.tw,1788762600000,14:30:00,5_1_1_3_3_,4_5_6_1_8_,0,000000,495,7.0000,28,12,6.6100,6.5300,康控-KY,7.0000,0,tse,20,13:30:00,7.8200,165,6.4000,開曼康而富控股股份有限公司,7.1100,6.6100,0,TWSE,RR
4949.tw,22,22,20.tse.tw|2230698,77.2000,0,0,77.3000,77.2000,000000,20260907,tse_4949.tw_20260907,77.2000_77.4000_77.6000_77.7000_77.9000_,77.1000_77.0000_76.9000_76.8000_76.6000_,4949,13.tse.tw|3028,20260907,14:30:00,4949.tw,1788762600000,14:30:00,3_1_1_1_1_,20_22_8_20_2_,0,000000,38,78.5000,26,12,77.3000,77.1000,有成精密,78.5000,0,tse,22,13:30:00,85.5000,379,70.1000,有成精密股份有限公司,77.8000,77.2000,0,TWSE,
4952.tw,17,17,20.tse.tw|2231184,50.6000,0,0,52.5000,50.8000,000000,20260907,tse_4952.tw_20260907,50.7000_50.8000_50.9000_51.0000_51.1000_,50.6000_50.5000_50.4000_50.3000_50.2000_,4952,13.tse.tw|3164,20260907,14:30:00,4952.tw,1788762600000,14:30:00,4_25_3_16_6_,15_12_12_13_7_,0,000000,20,51.0000,24,12,50.8000,50.3000,凌通,50.5000,0,tse,17,13:30:00,55.6000,297,45.5500,凌通科技股份有限公司,50.6000,50.6000,0,TWSE,
4956.tw,216,216,9.tse.tw|17459,35.1000,0,7,36.7500,35.3500,000000,20260907,tse_4956.tw_20260907,35.1500_35.2000_35.2500_35.3000_35.3500_,35.1000_35.0500_35.0000_34.9500_34.9000_,4956,13.tse.tw|3300,20260907,14:30:00,4956.tw,1788762600000,14:30:00,1_4_3_4_3_,52_4_128_3_15_,0,000000,122,37.0000,26,12,35.3500,35.0500,光鋐,37.0000,0,tse,216,13:30:00,41.4000,4098,33.9000,光鋐科技股份有限公司,37.6500,35.1000,0,TWSE,
4958.tw,896,870,9.tse.tw|17460,501.0000,0,57,502.0000,501.0000,000000,20260907,tse_4958.tw_20260907,501.0000_502.0000_503.0000_504.0000_505.0000_,500.0000_499.5000_499.0000_498.5000_498.0000_,4958,13.tse.tw|2138,20260907,14:30:00,4958.tw,1788762600000,14:30:00,6_153_176_158_333_,103_49_124_76_126_,0,000000,13247,508.0000,28,12,501.0000,469.0000,臻鼎-KY,472.5000,0,tse,896,13:30:00,509.0000,32957,417.0000,臻鼎科技控股股份有限公司,463.0000,501.0000,0,TWSE,RR
4960.tw,89,80,20.tse.tw|2230544,21.0000,0,0,21.1500,20.8500,000000,20260907,tse_4960.tw_20260907,21.0500_21.1000_21.1500_21.2000_21.2500_,21.0000_20.9500_20.9000_20.8500_20.8000_,4960,13.tse.tw|2275,20260907,14:30:00,4960.tw,1788762600000,14:30:00,26_14_14_28_11_,28_28_34_16_53_,0,000000,700,21.5000,26,12,20.8500,20.9500,誠美材,21.4500,0,tse,89,13:30:00,23.2000,1214,19.0000,誠美材料科技股份有限公司,21.1000,21.0000,0,TWSE,
4961.tw,17,18,20.tse.tw|2231185,165.5000,0,0,165.5000,164.5000,000000,20260907,tse_4961.tw_20260907,166.0000_166.5000_167.0000_167.5000_168.0000_,165.5000_165.0000_164.5000_164.0000_163.5000_,4961,13.tse.tw|2412,20260907,14:30:00,4961.tw,1788762600000,14:30:00,10_10_8_13_12_,4_2_6_19_7_,0,000000,321,167.0000,24,12,164.5000,164.0000,天鈺,167.0000,0,tse,17,13:30:00,182.0000,283,149.0000,天鈺科技股份有限公司,165.5000,165.5000,0,TWSE,
4967.tw,161,149,9.tse.tw|17463,277.5000,0,17,279.5000,279.0000,000000,20260907,tse_4967.tw_20260907,278.0000_278.5000_279.0000_279.5000_280.0000_,277.5000_277.0000_276.5000_276.0000_275.5000_,4967,13.tse.tw|2549,20260907,14:30:00,4967.tw,1788762600000,14:30:00,22_9_8_26_74_,22_71_60_72_42_,0,000000,1299,284.0000,24,12,279.0000,277.0000,十銓,280.0000,0,tse,161,13:30:00,303.5000,3302,248.5000,十銓科技股份有限公司,276.0000,277.5000,0,TWSE,
4968.tw,32,32,20.tse.tw|2231517,90.3000,0,0,90.7000,90.6000,000000,20260907,tse_4968.tw_20260907,90.6000_90.7000_90.8000_90.9000_91.0000_,90.2000_90.1000_90.0000_89.9000_89.8000_,4968,13.tse.tw|2686,20260907,14:30:00,4968.tw,1788762600000,14:30:00,1_3_1_3_4_,12_11_46_10_5_,0,000000,216,92.3000,24,12,90.7000,90.2000,立積,92.3000,0,tse,32,13:30:00,100.0000,248,81.9000,立積電子股份有限公司,91.0000,90.3000,0,TWSE,
4976.tw,171,169,9.tse.tw|17465,37.2000,0,9,37.3500,37.3000,000000,20260907,tse_4976.tw_20260907,37.2000_37.2500_37.4000_37.4500_37.5000_,37.1500_37.1000_37.0500_37.0000_36.9500_,4976,13.tse.tw|2823,20260907,14:30:00,4976.tw,1788762600000,14:30:00,2_1_3_6_6_,28_56_22_254_7_,0,000000,222,38.7000,26,12,37.3000,37.1500,佳凌,38.6500,0,tse,171,13:30:00,42.1000,2643,34.5000,佳凌科技股份有限公司,38.3000,37.2000,0,TWSE,
4977.tw,367,358,9.tse.tw|17466,180.0000,0,9,180.0000,179.5000,000000,20260907,tse_4977.tw_20260907,179.5000_180.0000_180.5000_181.0000_181.5000_,179.0000_178.5000_178.0000_177.0000_176.5000_,4977,13.tse.tw|2960,20260907,14:30:00,4977.tw,1788762600000,14:30:00,16_76_19_15_6_,2_1_12_46_6_,0,000000,1651,182.5000,27,12,179.5000,175.5000,眾達-KY,182.0000,0,tse,367,13:30:00,203.5000,4576,166.5000,眾達科技股份有限公司,185.0000,179.5000,0,TWSE,RR
4989.tw,119,109,9.tse.tw|17467,61.8000,0,16,62.0000,61.9000,000000,20260907,tse_4989.tw_20260907,61.9000_62.0000_62.1000_62.2000_62.3000_,61.8000_61.7000_61.6000_61.5000_61.4000_,4989,13.tse.tw|3096,20260907,14:30:00,4989.tw,1788762600000,14:30:00,10_16_17_52_20_,9_18_5_37_12_,0,000000,1671,62.7000,28,12,61.9000,60.9000,榮科,62.0000,0,tse,119,13:30:00,67.2000,2643,55.0000,李長榮科技股份有限公司,61.1000,61.8000,0,TWSE,
4994.tw,2,2,20.tse.tw|2230365,81.7000,0,0,82.0000,81.8000,000000,20260907,tse_4994.tw_20260907,82.2000_82.8000_83.0000_84.0000_88.8000_,80.3000_80.2000_80.0000_79.8000_79.0000_,4994,13.tse.tw|3232,20260907,14:30:00,4994.tw,1788762600000,14:30:00,1_1_3_1_1_,1_2_2_1_1_,0,000000,150,82.8000,30,12,82.0000,81.1000,傳奇,81.6000,0,tse,2,13:30:00,89.8000,16,73.6000,傳奇網路遊戲股份有限公司,81.7000,81.7000,0,TWSE,
4999.tw,1,-,20.tse.tw|2230545,-,0,0,18.4000,18.3500,000000,20260907,tse_4999.tw_20260907,18.4000_18.5500_18.9000_18.9500_19.0000_,18.3000_18.2000_18.1500_18.1000_18.0500_,4999,13.tse.tw|3368,20260907,14:30:00,4999.tw,1788762600000,14:30:00,3_1_1_1_3_,1_1_5_9_10_,0,000000,230,18.4000,28,12,18.4000,18.1500,鑫禾,18.4000,0,tse,1,13:30:00,20.2500,36,16.6500,鑫禾科技股份有限公司,18.4500,18.3500,0,TWSE,
5007.tw,19,19,20.tse.tw|2231188,56.6000,0,0,56.8000,55.8000,000000,20260907,tse_5007.tw_20260907,56.6000_56.7000_56.8000_56.9000_57.0000_,55.8000_55.7000_55.6000_55.5000_55.4000_,5007,13.tse.tw|2070,20260907,14:30:00,5007.tw,1788762600000,14:30:00,49_9_51_5_56_,3_30_31_32_1_,0,000000,151,56.6000,10,12,55.8000,55.7000,三星,56.4000,0,tse,19,13:30:00,62.0000,110,50.8000,三星科技股份有限公司,56.4000,56.6000,0,TWSE,
5203.tw,8,7,20.tse.tw|2230546,58.1000,0,0,58.9000,58.5000,000000,20260907,tse_5203.tw_20260907,58.2000_58.6000_58.7000_58.8000_58.9000_,58.1000_58.0000_57.9000_57.8000_57.7000_,5203,13.tse.tw|2207,20260907,14:30:00,5203.tw,1788762600000,14:30:00,5_1_3_9_1_,2_13_5_10_4_,0,000000,75,58.8000,30,12,58.9000,58.0000,訊連,58.8000,0,tse,8,13:30:00,64.6000,114,53.0000,訊連科技股份有限公司,58.8000,58.2000,0,TWSE,
5215.tw,1,1,20.tse.tw|2231189,38.9000,0,0,39.0000,38.7000,000000,20260907,tse_5215.tw_20260907,39.0000_39.0500_39.1000_39.1500_39.2000_,38.9000_38.7000_38.6500_38.6000_38.5500_,5215,13.tse.tw|2344,20260907,14:30:00,5215.tw,1788762600000,14:30:00,1_1_1_2_5_,1_2_1_1_6_,0,000000,100,39.2000,25,12,38.7000,38.5500,科嘉-KY,39.1000,0,tse,1,13:30:00,42.8000,21,35.1000,科嘉(開曼)股份有限公司,38.9500,39.0000,0,TWSE,RR
5222.tw,7,6,9.tse.tw|17473,105.5000,0,1,107.5000,106.5000,000000,20260907,tse_5222.tw_20260907,105.5000_106.0000_106.5000_107.0000_107.5000_,105.0000_104.5000_104.0000_103.5000_103.0000_,5222,13.tse.tw|2481,20260907,14:30:00,5222.tw,1788762600000,14:30:00,4_16_10_11_6_,11_18_11_20_38_,0,000000,26,105.5000,24,12,106.5000,104.5000,全訊,105.0000,0,tse,7,13:30:00,114.5000,139,94.1000,全訊科技股份有限公司,104.5000,105.5000,0,TWSE,
5225.tw,10,9,9.tse.tw|17474,56.4000,0,1,60.0000,56.4000,000000,20260907,tse_5225.tw_20260907,56.4000_56.5000_56.6000_56.7000_56.8000_,56.3000_56.2000_56.0000_55.9000_55.8000_,5225,13.tse.tw|2618,20260907,14:30:00,5225.tw,1788762600000,14:30:00,21_15_29_25_2_,1_14_11_29_14_,0,000000,500,57.4000,31,12,56.4000,55.9000,東科-KY,57.3000,0,tse,10,13:30:00,63.1000,579,51.7000,東科控股股份有限公司,57.4000,56.4000,0,TWSE,RR
5234.tw,8,8,20.tse.tw|2231191,302.0000,0,0,303.0000,302.5000,000000,20260907,tse_5234.tw_20260907,302.5000_303.0000_303.5000_304.0000_304.5000_,302.0000_301.0000_300.5000_300.0000_299.5000_,5234,13.tse.tw|2755,20260907,14:30:00,5234.tw,1788762600000,14:30:00,2_3_2_10_2_,1_1_4_13_2_,0,000000,65,303.0000,26,12,302.5000,296.5000,達興材料,301.0000,0,tse,8,13:30:00,322.0000,209,264.0000,達興材料股份有限公司,293.0000,302.0000,0,TWSE,
5236.tw,2,2,20.tse.tw|2231519,137.5000,0,0,137.5000,136.5000,000000,20260907,tse_5236.tw_20260907,138.0000_138.5000_139.0000_139.5000_140.0000_,137.5000_137.0000_136.5000_136.0000_135.5000_,5236,13.tse.tw|2892,20260907,14:30:00,5236.tw,1788762600000,14:30:00,7_5_3_4_7_,22_6_2_4_9_,0,000000,94,138.5000,24,12,137.5000,137.0000,凌陽創新,138.0000,0,tse,2,13:30:00,151.0000,58,124.0000,凌陽創新科技股份有限公司,137.5000,137.5000,0,TWSE,
5243.tw,84,84,9.tse.tw|17477,95.4000,0,12,95.5000,95.4000,000000,20260907,tse_5243.tw_20260907,95.5000_95.6000_95.7000_95.8000_95.9000_,95.4000_95.3000_95.2000_95.1000_95.0000_,5243,13.tse.tw|3029,20260907,14:30:00,5243.tw,1788762600000,14:30:00,2_18_2_14_2_,7_9_5_9_25_,0,000000,779,98.5000,26,12,95.5000,93.5000,乙盛-KY,96.1000,0,tse,84,13:30:00,99.0000,2725,81.0000,乙盛精密工業股份有限公司,90.0000,95.4000,0,TWSE,RR
5244.tw,5,5,20.tse.tw|2230547,34.2500,0,0,34.4000,34.2000,000000,20260907,tse_5244.tw_20260907,34.4000_34.6000_34.8000_34.9000_35.0000_,34.2500_34.2000_34.1000_34.0000_33.9500_,5244,13.tse.tw|3165,20260907,14:30:00,5244.tw,1788762600000,14:30:00,2_2_2_9_12_,1_5_3_4_2_,0,000000,-,35.2000,26,12,0.0000,34.0000,弘凱,34.7000,0,tse,5,13:30:00,38.5000,274,31.5000,弘凱光電股份有限公司,35.0000,34.2500,0,TWSE,
5258.tw,7,6,9.tse.tw|17479,45.7500,0,1,46.1000,46.0000,000000,20260907,tse_5258.tw_20260907,46.0500_46.1500_46.2000_46.2500_46.4000_,45.7500_45.7000_45.6000_45.5500_45.4000_,5258,13.tse.tw|3301,20260907,14:30:00,5258.tw,1788762600000,14:30:00,1_2_4_1_1_,5_1_4_2_4_,0,000000,150,46.2500,25,12,46.1000,45.0000,虹堡,45.9000,0,tse,7,13:30:00,50.3000,441,41.2000,虹堡科技股份有限公司,45.7500,45.9000,0,TWSE,
5269.tw,41,41,9.tse.tw|17480,1440.0000,0,1,1440.0000,1435.0000,000000,20260907,tse_5269.tw_20260907,1440.0000_1445.0000_1450.0000_1455.0000_1460.0000_,1435.0000_1430.0000_1425.0000_1420.0000_1415.0000_,5269,13.tse.tw|2139,20260907,14:30:00,5269.tw,1788762600000,14:30:00,2_14_10_9_12_,2_3_8_10_14_,0,000000,252,1455.0000,24,12,1435.0000,1420.0000,祥碩,1450.0000,0,tse,41,13:30:00,1570.0000,301,1290.0000,祥碩科技股份有限公司,1430.0000,1440.0000,0,TWSE,
5283.tw,-,-,20.tse.tw|2230366,-,0,0,54.3000,54.1000,000000,20260907,tse_5283.tw_20260907,54.2000_54.3000_54.4000_54.5000_54.6000_,53.8000_53.7000_53.6000_53.5000_53.4000_,5283,13.tse.tw|2276,20260907,14:30:00,5283.tw,1788762600000,14:30:00,1_2_3_3_1_,4_1_2_4_4_,0,000000,203,54.7000,06,12,54.1000,53.8000,禾聯碩,54.7000,0,tse,-,13:30:00,59.6000,77,48.8000,禾聯碩股份有限公司,54.2000,-,0,TWSE,
5284.tw,24,23,9.tse.tw|17482,318.0000,0,4,319.5000,319.0000,000000,20260907,tse_5284.tw_20260907,319.0000_320.0000_320.5000_321.0000_321.5000_,318.5000_318.0000_317.5000_317.0000_316.5000_,5284,13.tse.tw|2413,20260907,14:30:00,5284.tw,1788762600000,14:30:00,2_4_4_3_6_,8_5_4_5_3_,0,000000,54,322.5000,20,12,319.0000,308.0000,jpp-KY,320.0000,0,tse,24,13:30:00,363.0000,1001,297.0000,經寶精密控股股份有限公司,330.0000,318.5000,0,TWSE,RR
5285.tw,33,33,9.tse.tw|17483,87.7000,0,1,92.4000,88.1000,000000,20260907,tse_5285.tw_20260907,87.8000_87.9000_88.0000_88.2000_88.3000_,87.7000_87.6000_87.5000_87.4000_87.3000_,5285,13.tse.tw|2550,20260907,14:30:00,5285.tw,1788762600000,14:30:00,1_7_12_1_3_,4_5_24_6_5_,0,000000,92,88.8000,24,12,88.1000,86.3000,界霖,88.8000,0,tse,33,13:30:00,96.0000,616,78.6000,界霖科技股份有限公司,87.3000,87.7000,0,TWSE,
5288.tw,5,5,20.tse.tw|2230367,191.0000,0,0,192.0000,189.5000,000000,20260907,tse_5288.tw_20260907,191.0000_191.5000_192.0000_192.5000_193.0000_,190.5000_190.0000_189.5000_188.5000_188.0000_,5288,13.tse.tw|2687,20260907,14:30:00,5288.tw,1788762600000,14:30:00,3_6_8_4_10_,3_9_3_3_3_,0,000000,50,191.0000,05,12,192.0000,186.0000,豐祥-KY,189.5000,0,tse,5,13:30:00,207.5000,91,170.5000,豐祥控股股份有限公司,189.0000,191.0000,0,TWSE,RR
5292.tw,1,1,20.tse.tw|2231520,220.0000,0,0,221.0000,220.0000,000000,20260907,tse_5292.tw_20260907,221.0000_221.5000_222.0000_222.5000_223.0000_,218.5000_218.0000_217.5000_217.0000_216.5000_,5292,13.tse.tw|2824,20260907,14:30:00,5292.tw,1788762600000,14:30:00,2_3_3_1_3_,10_5_4_5_19_,0,000000,101,221.5000,35,12,220.0000,217.5000,華懋,218.0000,0,tse,1,13:30:00,242.5000,90,198.5000,華懋科技股份有限公司,220.5000,220.0000,0,TWSE,
5306.tw,1,1,20.tse.tw|2230368,92.9000,0,0,93.1000,92.9000,000000,20260907,tse_5306.tw_20260907,93.1000_93.5000_93.7000_93.8000_93.9000_,92.8000_92.6000_92.5000_92.4000_92.3000_,5306,13.tse.tw|2961,20260907,14:30:00,5306.tw,1788762600000,14:30:00,1_2_1_3_5_,5_15_5_4_2_,0,000000,5,93.7000,37,12,93.1000,92.1000,桂盟,93.7000,0,tse,1,13:30:00,101.5000,53,83.4000,桂盟國際股份有限公司,92.6000,93.1000,0,TWSE,
5388.tw,127,127,20.tse.tw|2230873,75.3000,0,0,75.5000,75.4000,000000,20260907,tse_5388.tw_20260907,75.3000_75.4000_75.5000_75.6000_75.7000_,75.2000_75.1000_75.0000_74.9000_74.8000_,5388,13.tse.tw|3097,20260907,14:30:00,5388.tw,1788762600000,14:30:00,12_39_28_24_28_,55_20_53_57_88_,0,000000,587,76.0000,27,12,75.5000,74.6000,中磊,76.0000,0,tse,127,13:30:00,83.1000,1603,68.1000,中磊電子股份有限公司,75.6000,75.3000,0,TWSE,
5434.tw,25,24,9.tse.tw|17488,539.0000,0,4,543.0000,542.0000,000000,20260907,tse_5434.tw_20260907,541.0000_542.0000_543.0000_544.0000_545.0000_,540.0000_539.0000_538.0000_537.0000_536.0000_,5434,13.tse.tw|3233,20260907,14:30:00,5434.tw,1788762600000,14:30:00,1_10_5_2_9_,5_11_17_7_6_,0,000000,299,549.0000,29,12,543.0000,539.0000,崇越,548.0000,0,tse,25,13:30:00,591.0000,414,484.5000,崇越科技股份有限公司,538.0000,541.0000,0,TWSE,
5469.tw,37,37,20.tse.tw|2230549,72.3000,0,0,73.0000,72.5000,000000,20260907,tse_5469.tw_20260907,72.3000_72.4000_72.5000_72.6000_72.7000_,72.2000_72.1000_72.0000_71.9000_71.8000_,5469,13.tse.tw|3369,20260907,14:30:00,5469.tw,1788762600000,14:30:00,3_5_1_7_12_,3_14_17_10_27_,0,000000,110,72.9000,28,12,72.5000,71.7000,瀚宇博,72.6000,0,tse,37,13:30:00,78.7000,674,64.5000,瀚宇博德股份有限公司,71.6000,72.3000,0,TWSE,
5471.tw,188,188,9.tse.tw|17490,61.0000,0,18,0.0000,67.2000,000000,20260907,tse_5471.tw_20260907,61.0000_61.1000_61.2000_61.3000_61.4000_,60.9000_60.8000_60.7000_60.6000_60.5000_,5471,13.tse.tw|2071,20260907,14:30:00,5471.tw,1788762600000,14:30:00,14_25_5_20_42_,10_31_26_38_111_,0,000000,722,62.1000,24,12,67.2000,60.4000,松翰,61.7000,0,tse,188,13:30:00,67.2000,2679,55.0000,松翰科技股份有限公司,61.1000,61.0000,0,TWSE,
5484.tw,4,4,20.tse.tw|2231521,39.4000,0,0,39.5500,39.5000,000000,20260907,tse_5484.tw_20260907,39.6000_39.6500_39.7000_39.7500_39.8000_,39.4000_39.3500_39.3000_39.2500_39.2000_,5484,13.tse.tw|2208,20260907,14:30:00,5484.tw,1788762600000,14:30:00,5_4_2_3_4_,3_1_1_1_6_,0,000000,105,39.8000,26,12,39.5500,39.3500,慧友,39.8000,0,tse,4,13:30:00,43.4500,100,35.5500,慧友電子股份有限公司,39.5000,39.4000,0,TWSE,
5515.tw,14,14,20.tse.tw|2230874,51.8000,0,0,52.5000,51.8000,000000,20260907,tse_5515.tw_20260907,51.9000_52.0000_52.1000_52.2000_52.3000_,51.8000_51.7000_51.6000_51.5000_51.4000_,5515,13.tse.tw|2345,20260907,14:30:00,5515.tw,1788762600000,14:30:00,2_3_4_2_5_,5_8_45_29_3_,0,000000,80,52.7000,14,12,51.8000,51.6000,建國,52.7000,0,tse,14,13:30:00,57.7000,358,47.2500,建國工程股份有限公司,52.5000,51.8000,0,TWSE,
5519.tw,23,23,9.tse.tw|17493,26.8000,0,3,27.2000,27.1500,000000,20260907,tse_5519.tw_20260907,26.8500_26.9000_26.9500_27.0000_27.0500_,26.8000_26.7500_26.7000_26.6500_26.6000_,5519,13.tse.tw|2482,20260907,14:30:00,5519.tw,1788762600000,14:30:00,3_13_6_5_6_,29_22_23_15_26_,0,000000,971,27.4000,14,12,27.2000,26.8000,隆大,27.4000,0,tse,23,13:30:00,30.0500,781,24.6500,隆大營建事業股份有限公司,27.3500,26.8000,0,TWSE,
5521.tw,136,130,20.tse.tw|2231522,10.5500,0,0,10.5000,10.4500,000000,20260907,tse_5521.tw_20260907,10.5500_10.6000_10.6500_10.7000_10.7500_,10.5000_10.4500_10.4000_10.3500_10.3000_,5521,13.tse.tw|2619,20260907,14:30:00,5521.tw,1788762600000,14:30:00,51_135_73_73_53_,5_22_48_141_185_,0,000000,1792,10.6000,14,12,10.4500,10.4000,工信,10.6000,0,tse,136,13:30:00,11.6500,1704,9.5400,工信工程股份有限公司,10.6000,10.5500,0,TWSE,
5522.tw,24,20,9.tse.tw|17495,63.2000,0,2,64.0000,63.4000,000000,20260907,tse_5522.tw_20260907,63.3000_63.4000_63.5000_63.6000_63.7000_,63.2000_63.1000_63.0000_62.9000_62.8000_,5522,13.tse.tw|2756,20260907,14:30:00,5522.tw,1788762600000,14:30:00,3_3_19_8_49_,14_12_26_19_17_,0,000000,158,64.6000,14,12,63.4000,63.1000,遠雄,64.6000,0,tse,24,13:30:00,70.4000,356,57.6000,遠雄建設事業股份有限公司,64.0000,63.3000,0,TWSE,
5525.tw,22,22,20.tse.tw|2230876,22.2500,0,0,23.6000,22.0500,000000,20260907,tse_5525.tw_20260907,22.2500_22.3000_22.3500_22.4000_22.4500_,22.1000_22.0500_22.0000_21.9500_21.9000_,5525,13.tse.tw|2893,20260907,14:30:00,5525.tw,1788762600000,14:30:00,6_11_7_1_1_,1_2_3_8_4_,0,000000,605,22.2500,14,12,22.0500,22.0000,順天,22.2000,0,tse,22,13:30:00,24.3500,100,19.9500,順天建設股份有限公司,22.1500,22.2500,0,TWSE,
5531.tw,113,113,20.tse.tw|2230369,7.2200,0,0,7.2200,7.2100,000000,20260907,tse_5531.tw_20260907,7.3100_7.3200_7.3300_7.3400_7.3500_,7.2200_7.2100_7.2000_7.1900_7.1800_,5531,13.tse.tw|3030,20260907,14:30:00,5531.tw,1788762600000,14:30:00,2_5_2_6_4_,43_27_86_5_11_,0,000000,2099,7.4100,14,12,7.2200,7.2200,鄉林,7.4100,0,tse,113,13:30:00,8.0700,449,6.6100,鄉林建設事業股份有限公司,7.3400,7.2200,0,TWSE,
5533.tw,1,1,20.tse.tw|2231196,13.9000,0,0,14.6500,13.9000,000000,20260907,tse_5533.tw_20260907,13.9500_14.0000_14.0500_14.1000_14.1500_,13.8500_13.8000_13.7500_13.7000_13.6500_,5533,13.tse.tw|3166,20260907,14:30:00,5533.tw,1788762600000,14:30:00,10_27_32_8_9_,27_32_28_38_6_,0,000000,-,14.0000,14,12,0.0000,13.8500,皇鼎,14.0000,0,tse,1,13:30:00,15.3000,70,12.6000,皇鼎建設開發股份有限公司,13.9500,13.9000,0,TWSE,
5534.tw,31,28,20.tse.tw|2231523,75.6000,0,0,76.5000,75.9000,000000,20260907,tse_5534.tw_20260907,75.6000_75.7000_75.8000_75.9000_76.0000_,75.5000_75.4000_75.3000_75.2000_75.1000_,5534,13.tse.tw|3302,20260907,14:30:00,5534.tw,1788762600000,14:30:00,3_5_4_7_7_,8_64_113_29_67_,0,000000,430,77.2000,14,12,75.9000,75.3000,長虹,77.2000,0,tse,31,13:30:00,84.2000,630,69.0000,長虹建設股份有限公司,76.6000,75.6000,0,TWSE,
5538.tw,3,3,20.tse.tw|2230877,37.0000,0,0,37.1500,36.6000,000000,20260907,tse_5538.tw_20260907,37.0500_37.1000_37.1500_37.2000_37.2500_,36.9500_36.8500_36.8000_36.7500_36.7000_,5538,13.tse.tw|2140,20260907,14:30:00,5538.tw,1788762600000,14:30:00,3_2_2_1_7_,2_1_3_4_4_,0,000000,-,37.5000,10,12,0.0000,36.7500,東明-KY,37.5000,0,tse,3,13:30:00,40.5500,28,33.2500,開曼東明控股股份有限公司,36.9000,37.0000,0,TWSE,RR
5546.tw,1,1,20.tse.tw|2231197,14.9500,0,0,15.0000,14.8000,000000,20260907,tse_5546.tw_20260907,14.9500_15.0000_15.2000_15.3000_15.3500_,14.8000_14.7500_14.7000_14.6500_14.6000_,5546,13.tse.tw|2277,20260907,14:30:00,5546.tw,1788762600000,14:30:00,20_6_4_1_3_,1_1_1_2_3_,0,000000,-,15.2000,14,12,0.0000,14.6000,永固-KY,14.8000,0,tse,1,13:30:00,16.2500,77,13.3500,永固集團股份有限公司,14.8000,14.9500,0,TWSE,RR
5607.tw,67,62,9.tse.tw|17502,55.2000,0,3,55.2000,55.0000,000000,20260907,tse_5607.tw_20260907,55.2000_55.3000_55.4000_55.5000_55.6000_,55.1000_55.0000_54.9000_54.8000_54.7000_,5607,13.tse.tw|2414,20260907,14:30:00,5607.tw,1788762600000,14:30:00,6_5_4_26_15_,22_36_21_8_10_,0,000000,161,57.0000,15,12,55.0000,55.0000,遠雄港,56.8000,0,tse,67,13:30:00,62.4000,978,51.2000,遠雄自貿港投資控股股份有限公司,56.8000,55.2000,0,TWSE,
5608.tw,267,257,9.tse.tw|17503,17.3000,0,12,17.2500,17.2000,000000,20260907,tse_5608.tw_20260907,17.3000_17.3500_17.4000_17.4500_17.5000_,17.2500_17.2000_17.1500_17.1000_17.0500_,5608,13.tse.tw|2551,20260907,14:30:00,5608.tw,1788762600000,14:30:00,21_146_99_22_49_,54_36_34_136_160_,0,000000,1824,17.3500,15,12,17.2000,17.0000,四維航,17.1500,0,tse,267,13:30:00,18.9000,3935,15.5000,四維航業股份有限公司,17.2000,17.3000,0,TWSE,
5706.tw,3,2,20.tse.tw|2230878,44.9500,0,0,44.8000,44.7500,000000,20260907,tse_5706.tw_20260907,45.0000_45.1000_45.1500_45.2000_45.2500_,44.8500_44.7500_44.7000_44.6500_44.6000_,5706,13.tse.tw|2688,20260907,14:30:00,5706.tw,1788762600000,14:30:00,8_2_5_9_3_,1_3_3_5_5_,0,000000,1426,45.3000,16,12,44.7500,44.7500,鳳凰,45.0000,0,tse,3,13:30:00,49.1500,89,40.2500,鳳凰國際旅行社股份有限公司,44.7000,45.0000,0,TWSE,
5871.tw,522,517,9.tse.tw|17505,112.5000,0,2,113.0000,112.5000,000000,20260907,tse_5871.tw_20260907,113.0000_113.5000_114.0000_114.5000_115.0000_,112.5000_112.0000_111.5000_111.0000_110.5000_,5871,13.tse.tw|2825,20260907,14:30:00,5871.tw,1788762600000,14:30:00,1362_618_647_232_305_,47_262_586_556_653_,0,000000,2710,113.5000,20,12,113.0000,111.5000,中租-KY,112.5000,0,tse,522,13:30:00,122.5000,4761,100.5000,中租控股股份有限公司,111.5000,112.5000,0,TWSE,RR
5876.tw,2419,2419,9.tse.tw|17507,46.9500,0,113,46.8000,46.7500,000000,20260907,tse_5876.tw_20260907,46.9500_47.0000_47.0500_47.1000_47.1500_,46.8000_46.7500_46.7000_46.6500_46.6000_,5876,13.tse.tw|3098,20260907,14:30:00,5876.tw,1788762600000,14:30:00,331_1719_195_389_148_,5_156_56_29_91_,0,000000,2366,46.9500,17,12,46.8000,46.0500,上海商銀,46.5000,0,tse,2419,13:30:00,50.9000,9618,41.7000,上海商業儲蓄銀行股份有限公司,46.3000,46.9500,0,TWSE,FB
5880.tw,1545,1545,9.tse.tw|17508,26.5000,0,14,26.5000,26.4500,000000,20260907,tse_5880.tw_20260907,26.5000_26.5500_26.6000_26.6500_26.7000_,26.4500_26.4000_26.3500_26.3000_26.2500_,5880,13.tse.tw|3234,20260907,14:30:00,5880.tw,1788762600000,14:30:00,470_624_526_757_950_,73_320_168_923_804_,0,000000,9374,26.7500,17,12,26.5000,26.3000,合庫金,26.7500,0,tse,1545,13:30:00,29.3000,15349,24.0000,合作金庫金融控股股份有限公司,26.6500,26.5000,0,TWSE,
5906.tw,-,-,20.tse.tw|2230550,-,0,0,38.0000,36.1500,000000,20260907,tse_5906.tw_20260907,39.9000_41.5000_41.8000_,39.1000_37.1000_34.3000_34.2000_,5906,13.tse.tw|3370,20260907,14:30:00,5906.tw,1788762600000,14:30:00,3_1_1_,1_1_2_2_,0,000000,-,38.0000,18,12,0.0000,38.0000,台南-KY,38.0000,0,tse,-,13:30:00,41.8000,1,34.2000,台南生活(開曼)股份有限公司,38.0000,-,0,TWSE,RR
5907.tw,157,157,20.tse.tw|2230703,4.8500,0,0,4.8700,4.8500,000000,20260907,tse_5907.tw_20260907,4.9500_4.9600_4.9700_4.9800_4.9900_,4.8500_4.8300_4.8100_4.8000_4.7800_,5907,13.tse.tw|2072,20260907,14:30:00,5907.tw,1788762600000,14:30:00,5_11_49_15_2_,20_2_9_51_1_,0,000000,-,4.9800,18,12,0.0000,4.8500,大洋-KY,4.9400,0,tse,157,13:30:00,5.4400,354,4.4600,GRAND OCEAN RETAIL GROUP LIMITED,4.9500,4.8500,0,TWSE,RR
6005.tw,231,231,9.tse.tw|17511,32.7000,0,18,32.7500,32.7000,000000,20260907,tse_6005.tw_20260907,32.7500_32.8000_32.8500_32.9000_32.9500_,32.7000_32.6500_32.6000_32.5500_32.5000_,6005,13.tse.tw|2209,20260907,14:30:00,6005.tw,1788762600000,14:30:00,92_106_48_35_94_,32_115_71_60_160_,0,000000,1346,33.2000,17,12,32.7500,32.4000,群益證,33.1000,0,tse,231,13:30:00,36.0000,5214,29.5000,群益金鼎證券股份有限公司,32.7500,32.7000,0,TWSE,BS
6024.tw,15,13,9.tse.tw|17512,63.0000,0,2,62.5000,62.4000,000000,20260907,tse_6024.tw_20260907,63.0000_63.1000_63.2000_63.3000_63.4000_,62.8000_62.7000_62.6000_62.5000_62.4000_,6024,13.tse.tw|2346,20260907,14:30:00,6024.tw,1788762600000,14:30:00,6_2_2_13_2_,10_3_6_24_9_,0,000000,6556,63.5000,17,12,62.5000,62.5000,群益期,63.5000,0,tse,15,13:30:00,69.7000,237,57.1000,群益期貨股份有限公司,63.4000,62.9000,0,TWSE,
6108.tw,47,43,9.tse.tw|17513,22.9500,0,505,24.3000,23.5000,000000,20260907,tse_6108.tw_20260907,23.0000_23.0500_23.1000_23.1500_23.2000_,22.9500_22.9000_22.8500_22.8000_22.7500_,6108,13.tse.tw|2483,20260907,14:30:00,6108.tw,1788762600000,14:30:00,2_19_5_17_20_,4_14_8_16_17_,0,000000,195,23.6000,28,12,23.5000,22.8000,競國,23.3000,0,tse,47,13:30:00,25.2000,1295,20.7000,競國實業股份有限公司,22.9500,22.9500,0,TWSE,
6112.tw,12,12,20.tse.tw|2230371,45.2500,0,0,45.4000,45.3000,000000,20260907,tse_6112.tw_20260907,45.3000_45.3500_45.4000_45.4500_45.5000_,45.2500_45.2000_45.1500_45.1000_45.0500_,6112,13.tse.tw|2620,20260907,14:30:00,6112.tw,1788762600000,14:30:00,1_1_1_2_5_,5_28_7_16_5_,0,000000,14,46.0000,30,12,45.4000,45.2000,邁達特,46.0000,0,tse,12,13:30:00,50.4000,403,41.3500,邁達特數位股份有限公司,45.9000,45.2500,0,TWSE,
6115.tw,40,40,9.tse.tw|17515,44.1000,0,1,46.8000,44.5500,000000,20260907,tse_6115.tw_20260907,44.1500_44.2000_44.2500_44.3000_44.3500_,44.1000_44.0500_44.0000_43.9500_43.8500_,6115,13.tse.tw|2757,20260907,14:30:00,6115.tw,1788762600000,14:30:00,6_6_4_3_2_,16_10_14_2_1_,0,000000,-,44.9000,28,12,0.0000,44.1000,鎰勝,44.8500,0,tse,40,13:30:00,48.9500,239,40.0500,鎰勝工業股份有限公司,44.5000,44.1000,0,TWSE,
6116.tw,956,956,9.tse.tw|17516,14.2000,0,45,14.2000,14.1500,000000,20260907,tse_6116.tw_20260907,14.2500_14.3000_14.3500_14.4000_14.4500_,14.2000_14.1500_14.1000_14.0500_14.0000_,6116,13.tse.tw|2894,20260907,14:30:00,6116.tw,1788762600000,14:30:00,215_291_388_956_659_,79_463_929_1040_1072_,0,000000,7971,14.4000,26,12,14.1500,14.0000,彩晶,14.2500,0,tse,956,13:30:00,15.4500,20755,12.6500,瀚宇彩晶股份有限公司,14.0500,14.2000,0,TWSE,
6117.tw,5,5,20.tse.tw|2230372,63.4000,0,0,69.0000,63.9000,000000,20260907,tse_6117.tw_20260907,63.5000_63.6000_63.7000_63.8000_63.9000_,63.3000_63.2000_63.1000_63.0000_62.9000_,6117,13.tse.tw|3031,20260907,14:30:00,6117.tw,1788762600000,14:30:00,4_3_2_1_1_,9_4_3_10_3_,0,000000,11,64.1000,25,12,63.9000,63.4000,迎廣,64.1000,0,tse,5,13:30:00,70.4000,83,57.6000,迎廣科技股份有限公司,64.0000,63.4000,0,TWSE,
6120.tw,31,27,9.tse.tw|17518,12.3500,0,2,12.3000,12.1000,000000,20260907,tse_6120.tw_20260907,12.4000_12.4500_12.5000_12.5500_12.6000_,12.3500_12.3000_12.2500_12.2000_12.1500_,6120,13.tse.tw|3167,20260907,14:30:00,6120.tw,1788762600000,14:30:00,5_43_47_24_34_,7_33_102_71_191_,0,000000,2646,12.5000,26,12,12.1000,12.2000,達運,12.5000,0,tse,31,13:30:00,13.5000,1066,11.1000,達運精密工業股份有限公司,12.3000,12.3500,0,TWSE,
6128.tw,5,4,20.tse.tw|2231201,19.8000,0,0,19.9000,19.7000,000000,20260907,tse_6128.tw_20260907,19.8000_19.9000_19.9500_20.0000_20.2000_,19.7500_19.7000_19.6500_19.6000_19.5500_,6128,13.tse.tw|3303,20260907,14:30:00,6128.tw,1788762600000,14:30:00,10_36_5_5_1_,1_8_5_18_4_,0,000000,-,19.9000,25,12,0.0000,19.6500,上福,19.9000,0,tse,5,13:30:00,21.7000,118,17.8000,上福全球科技股份有限公司,19.7500,19.8000,0,TWSE,
6133.tw,193,183,9.tse.tw|17520,24.7500,0,16,0.0000,25.4500,000000,20260907,tse_6133.tw_20260907,24.8000_24.8500_24.9000_24.9500_25.0000_,24.7500_24.7000_24.6500_24.6000_24.5500_,6133,13.tse.tw|2141,20260907,14:30:00,6133.tw,1788762600000,14:30:00,24_20_49_9_89_,14_22_12_8_12_,0,000000,266,25.0000,28,12,25.4500,23.5500,金橋,24.0000,0,tse,193,13:30:00,26.1000,2416,21.4000,金橋科技股份有限公司,23.7500,24.8000,0,TWSE,
6136.tw,90,90,9.tse.tw|17521,24.0000,0,4,25.0000,24.8500,000000,20260907,tse_6136.tw_20260907,24.6500_24.7000_24.7500_24.8000_24.8500_,24.0500_24.0000_23.9500_23.9000_23.8500_,6136,13.tse.tw|2278,20260907,14:30:00,6136.tw,1788762600000,14:30:00,2_5_8_4_2_,10_73_5_3_10_,0,000000,114,24.8500,27,12,24.8500,24.0500,富爾特,24.8500,0,tse,90,13:30:00,27.3000,266,22.4000,富爾特科技股份有限公司,24.8500,24.0500,0,TWSE,
6139.tw,71,70,9.tse.tw|17522,739.0000,0,1,748.0000,744.0000,000000,20260907,tse_6139.tw_20260907,740.0000_741.0000_742.0000_743.0000_744.0000_,739.0000_738.0000_737.0000_736.0000_735.0000_,6139,13.tse.tw|2415,20260907,14:30:00,6139.tw,1788762600000,14:30:00,2_21_9_7_23_,23_7_11_35_33_,0,000000,1194,745.0000,31,12,744.0000,734.0000,亞翔,740.0000,0,tse,71,13:30:00,809.0000,1520,663.0000,亞翔工程股份有限公司,736.0000,739.0000,0,TWSE,
6141.tw,54,54,9.tse.tw|17523,51.9000,0,5,0.0000,52.7000,000000,20260907,tse_6141.tw_20260907,52.3000_52.4000_52.5000_52.7000_52.8000_,51.9000_51.8000_51.7000_51.6000_51.5000_,6141,13.tse.tw|2552,20260907,14:30:00,6141.tw,1788762600000,14:30:00,1_6_17_14_15_,10_32_128_227_78_,0,000000,2,52.9000,28,12,52.7000,51.3000,柏承,51.5000,0,tse,54,13:30:00,57.7000,2258,47.2500,柏承科技股份有限公司,52.5000,51.9000,0,TWSE,
6142.tw,126,126,20.tse.tw|2231203,8.5500,0,0,8.5800,8.5500,000000,20260907,tse_6142.tw_20260907,8.7000_8.7400_8.7800_8.8000_8.8100_,8.5500_8.5400_8.5300_8.5200_8.5100_,6142,13.tse.tw|2689,20260907,14:30:00,6142.tw,1788762600000,14:30:00,1_1_1_1_3_,22_21_1_2_4_,0,000000,883,8.8400,27,12,8.5800,8.5500,友勁,8.8100,0,tse,126,13:30:00,9.6900,332,7.9300,友勁科技股份有限公司,8.8100,8.5500,0,TWSE,
6152.tw,114,114,20.tse.tw|2231526,13.5000,0,0,13.5500,13.5000,000000,20260907,tse_6152.tw_20260907,13.6500_13.7000_13.7500_13.8000_13.8500_,13.5000_13.4500_13.4000_13.3500_13.3000_,6152,13.tse.tw|2826,20260907,14:30:00,6152.tw,1788762600000,14:30:00,3_25_32_26_15_,83_112_188_33_1_,0,000000,194,13.9000,27,12,13.5500,13.5000,百一,13.7500,0,tse,114,13:30:00,15.1500,507,12.4500,百一電子股份有限公司,13.8000,13.5000,0,TWSE,
6153.tw,96,91,20.tse.tw|2231204,17.3500,0,0,17.4500,17.3500,000000,20260907,tse_6153.tw_20260907,17.3500_17.4000_17.4500_17.5000_17.5500_,17.3000_17.2500_17.2000_17.1500_17.1000_,6153,13.tse.tw|2963,20260907,14:30:00,6153.tw,1788762600000,14:30:00,8_39_28_25_13_,26_38_53_35_69_,0,000000,10,17.8500,28,12,17.4500,17.2500,嘉聯益,17.8000,0,tse,96,13:30:00,19.4000,1733,15.9000,嘉聯益科技股份有限公司,17.6500,17.3500,0,TWSE,
6155.tw,95,91,9.tse.tw|17527,58.2000,0,3,59.0000,58.8000,000000,20260907,tse_6155.tw_20260907,58.4000_58.7000_58.8000_58.9000_59.0000_,58.2000_58.1000_58.0000_57.9000_57.8000_,6155,13.tse.tw|3099,20260907,14:30:00,6155.tw,1788762600000,14:30:00,4_5_14_3_15_,11_23_18_4_14_,0,000000,260,59.6000,28,12,59.0000,57.0000,鈞寶,57.5000,0,tse,95,13:30:00,61.8000,2936,50.6000,鈞寶電子工業股份有限公司,56.2000,58.2000,0,TWSE,
6164.tw,11,11,20.tse.tw|2230373,11.7000,0,0,11.9500,11.7000,000000,20260907,tse_6164.tw_20260907,11.7500_11.8000_11.8500_11.9000_11.9500_,11.7000_11.6500_11.6000_11.5500_11.5000_,6164,13.tse.tw|3235,20260907,14:30:00,6164.tw,1788762600000,14:30:00,2_1_1_10_3_,56_19_27_21_52_,0,000000,10,12.0000,26,12,11.9500,11.7000,華興,11.9500,0,tse,11,13:30:00,13.1000,288,10.8000,華興電子工業股份有限公司,11.9500,11.7000,0,TWSE,
6165.tw,5,5,20.tse.tw|2231206,48.7500,0,0,0.0000,48.9000,000000,20260907,tse_6165.tw_20260907,48.9000_49.0500_49.1000_49.1500_49.2000_,48.7500_48.7000_48.6500_48.6000_48.5500_,6165,13.tse.tw|3371,20260907,14:30:00,6165.tw,1788762600000,14:30:00,1_5_2_1_5_,1_10_6_6_4_,0,000000,1,49.0000,36,12,48.9000,48.3500,浪凡,48.8000,0,tse,5,13:30:00,53.7000,139,44.0500,浪凡網路科技股份有限公司,48.9000,48.7500,0,TWSE,
6166.tw,126,122,20.tse.tw|2231207,116.0000,0,0,124.0000,118.0000,000000,20260907,tse_6166.tw_20260907,116.5000_117.0000_117.5000_118.0000_118.5000_,116.0000_115.5000_115.0000_114.5000_114.0000_,6166,13.tse.tw|2073,20260907,14:30:00,6166.tw,1788762600000,14:30:00,25_29_23_34_30_,25_91_203_53_158_,0,000000,974,123.0000,25,12,118.0000,115.0000,凌華,123.0000,0,tse,126,13:30:00,133.5000,2617,109.5000,凌華科技股份有限公司,121.5000,116.0000,0,TWSE,
6168.tw,297,291,9.tse.tw|17531,29.2500,0,13,29.4500,29.4000,000000,20260907,tse_6168.tw_20260907,29.4500_29.5000_29.6000_29.6500_29.7000_,29.4000_29.3500_29.3000_29.2500_29.2000_,6168,13.tse.tw|2210,20260907,14:30:00,6168.tw,1788762600000,14:30:00,7_79_56_4_12_,28_8_46_106_36_,0,000000,269,30.2500,26,12,29.4000,28.4000,宏齊,28.9000,0,tse,297,13:30:00,31.9500,9355,26.1500,宏齊科技股份有限公司,29.0500,29.4000,0,TWSE,
6176.tw,94,94,20.tse.tw|2231527,91.4000,0,0,91.7000,91.6000,000000,20260907,tse_6176.tw_20260907,91.5000_91.7000_91.8000_91.9000_92.0000_,91.4000_91.3000_91.2000_91.1000_91.0000_,6176,13.tse.tw|2347,20260907,14:30:00,6176.tw,1788762600000,14:30:00,10_41_10_8_12_,7_25_7_38_53_,0,000000,4810,92.4000,26,12,91.6000,91.3000,瑞儀,92.4000,0,tse,94,13:30:00,101.0000,1148,82.8000,瑞儀光電股份有限公司,91.9000,91.4000,0,TWSE,
6177.tw,178,177,20.tse.tw|2231528,47.4000,0,0,47.8500,47.6000,000000,20260907,tse_6177.tw_20260907,47.4500_47.5000_47.5500_47.6000_47.6500_,47.4000_47.3500_47.3000_47.2500_47.2000_,6177,13.tse.tw|2484,20260907,14:30:00,6177.tw,1788762600000,14:30:00,36_15_11_18_8_,4_23_62_39_74_,0,000000,376,49.2500,14,12,47.6000,47.2500,達麗,49.2500,0,tse,178,13:30:00,54.1000,2634,44.3000,達麗建設事業股份有限公司,49.2000,47.4000,0,TWSE,
6183.tw,-,-,20.tse.tw|2230554,-,0,0,92.5000,92.4000,000000,20260907,tse_6183.tw_20260907,92.4000_92.5000_92.6000_92.8000_93.1000_,92.1000_91.7000_91.6000_91.1000_91.0000_,6183,13.tse.tw|2621,20260907,14:30:00,6183.tw,1788762600000,14:30:00,1_4_1_1_3_,1_2_1_1_2_,0,000000,1,93.6000,30,12,92.4000,90.1000,關貿,93.6000,0,tse,-,13:30:00,100.5000,25,82.5000,關貿網路股份有限公司,91.6000,-,0,TWSE,
6184.tw,1,1,20.tse.tw|2231529,40.1000,0,0,40.1000,40.0500,000000,20260907,tse_6184.tw_20260907,40.1000_40.2000_40.2500_40.3000_40.6000_,40.0500_39.9500_39.9000_39.8500_39.8000_,6184,13.tse.tw|2758,20260907,14:30:00,6184.tw,1788762600000,14:30:00,10_10_4_6_1_,1_18_20_8_11_,0,000000,70,40.2500,20,12,40.1000,39.9500,大豐電,40.2500,0,tse,1,13:30:00,44.3000,160,36.3000,大豐有線電視股份有限公司,40.3000,40.1000,0,TWSE,
6189.tw,15,13,20.tse.tw|2231208,47.5500,0,0,48.5000,47.6000,000000,20260907,tse_6189.tw_20260907,47.5500_47.6000_47.6500_47.7000_47.7500_,47.5000_47.4500_47.4000_47.3500_47.3000_,6189,13.tse.tw|2895,20260907,14:30:00,6189.tw,1788762600000,14:30:00,22_2_12_9_5_,2_6_11_26_21_,0,000000,119,48.2500,29,12,47.6000,47.3500,豐藝,48.2000,0,tse,15,13:30:00,52.9000,466,43.3500,豐藝電子股份有限公司,48.1500,47.5500,0,TWSE,
6191.tw,76,72,9.tse.tw|17537,82.8000,0,5,82.9000,82.8000,000000,20260907,tse_6191.tw_20260907,82.8000_82.9000_83.0000_83.1000_83.2000_,82.7000_82.6000_82.5000_82.4000_82.3000_,6191,13.tse.tw|3032,20260907,14:30:00,6191.tw,1788762600000,14:30:00,4_12_40_25_12_,4_5_14_14_15_,0,000000,1238,83.4000,28,12,82.9000,82.0000,精成科,83.4000,0,tse,76,13:30:00,90.7000,883,74.3000,精成科技股份有限公司,82.5000,82.8000,0,TWSE,
6192.tw,8,7,20.tse.tw|2230375,114.5000,0,0,115.5000,115.0000,000000,20260907,tse_6192.tw_20260907,115.0000_115.5000_116.0000_116.5000_117.0000_,114.5000_114.0000_113.5000_113.0000_112.5000_,6192,13.tse.tw|3168,20260907,14:30:00,6192.tw,1788762600000,14:30:00,8_11_18_23_10_,6_53_4_29_11_,0,000000,330,116.5000,31,12,115.5000,114.0000,巨路,116.5000,0,tse,8,13:30:00,128.0000,225,105.0000,巨路國際股份有限公司,116.5000,115.0000,0,TWSE,
6196.tw,69,64,20.tse.tw|2231209,514.0000,0,0,521.0000,518.0000,000000,20260907,tse_6196.tw_20260907,515.0000_516.0000_517.0000_518.0000_519.0000_,514.0000_513.0000_512.0000_511.0000_510.0000_,6196,13.tse.tw|3304,20260907,14:30:00,6196.tw,1788762600000,14:30:00,15_16_29_38_16_,5_2_5_9_20_,0,000000,314,518.0000,31,12,521.0000,506.0000,帆宣,516.0000,0,tse,69,13:30:00,567.0000,1247,464.5000,帆宣系統科技股份有限公司,516.0000,514.0000,0,TWSE,
6197.tw,120,120,9.tse.tw|17540,308.0000,0,2,315.0000,311.0000,000000,20260907,tse_6197.tw_20260907,308.5000_309.0000_309.5000_310.0000_310.5000_,308.0000_307.5000_307.0000_306.5000_306.0000_,6197,13.tse.tw|2142,20260907,14:30:00,6197.tw,1788762600000,14:30:00,5_11_4_19_9_,63_14_48_9_32_,0,000000,1392,317.0000,28,12,311.0000,308.0000,佳必琪,316.0000,0,tse,120,13:30:00,346.5000,1649,283.5000,佳必琪國際股份有限公司,315.0000,308.0000,0,TWSE,
6201.tw,-,-,20.tse.tw|2231530,-,0,0,45.4500,44.8000,000000,20260907,tse_6201.tw_20260907,44.8000_44.9500_45.0000_45.2500_45.3000_,44.6000_44.3500_44.3000_44.2500_44.2000_,6201,13.tse.tw|2279,20260907,14:30:00,6201.tw,1788762600000,14:30:00,2_3_20_2_3_,1_8_6_1_6_,0,000000,150,44.8000,31,12,45.4500,44.3500,亞弘電,44.8000,0,tse,-,13:30:00,49.0000,25,40.1000,亞弘電科技股份有限公司,44.5500,-,0,TWSE,
6202.tw,56,56,9.tse.tw|17542,59.0000,0,1,59.5000,59.1000,000000,20260907,tse_6202.tw_20260907,59.1000_59.2000_59.3000_59.4000_59.5000_,59.0000_58.9000_58.8000_58.7000_58.6000_,6202,13.tse.tw|2416,20260907,14:30:00,6202.tw,1788762600000,14:30:00,6_9_9_13_23_,1_6_3_6_15_,0,000000,114,59.9000,24,12,59.5000,58.1000,盛群,59.4000,0,tse,56,13:30:00,64.6000,819,53.0000,盛群半導體股份有限公司,58.8000,59.0000,0,TWSE,
6205.tw,7,7,9.tse.tw|17543,65.2000,0,1,65.4000,65.3000,000000,20260907,tse_6205.tw_20260907,65.3000_65.4000_65.6000_65.8000_65.9000_,65.1000_65.0000_64.9000_64.8000_64.7000_,6205,13.tse.tw|2553,20260907,14:30:00,6205.tw,1788762600000,14:30:00,3_1_4_1_16_,1_3_4_5_4_,0,000000,10,66.9000,28,12,65.4000,64.2000,詮欣,66.9000,0,tse,7,13:30:00,72.4000,216,59.4000,詮欣股份有限公司,65.9000,65.2000,0,TWSE,
6206.tw,86,86,9.tse.tw|17544,136.0000,0,1,136.0000,135.0000,000000,20260907,tse_6206.tw_20260907,136.5000_137.0000_137.5000_138.0000_138.5000_,136.0000_135.5000_135.0000_134.5000_134.0000_,6206,13.tse.tw|2690,20260907,14:30:00,6206.tw,1788762600000,14:30:00,15_32_20_35_17_,5_38_89_72_142_,0,000000,765,140.0000,25,12,135.0000,134.5000,飛捷,140.0000,0,tse,86,13:30:00,152.0000,1069,125.0000,飛捷科技股份有限公司,138.5000,136.0000,0,TWSE,
6209.tw,535,485,9.tse.tw|17545,79.0000,0,13,79.2000,79.1000,000000,20260907,tse_6209.tw_20260907,79.1000_79.2000_79.3000_79.4000_79.5000_,79.0000_78.9000_78.8000_78.7000_78.6000_,6209,13.tse.tw|2827,20260907,14:30:00,6209.tw,1788762600000,14:30:00,2_6_21_25_21_,9_1_82_10_27_,0,000000,834,81.8000,26,12,79.1000,77.6000,今國光,81.5000,0,tse,535,13:30:00,89.6000,7904,73.4000,今國光學工業股份有限公司,81.5000,79.1000,0,TWSE,
6213.tw,624,622,9.tse.tw|17546,513.0000,0,25,517.0000,516.0000,000000,20260907,tse_6213.tw_20260907,514.0000_515.0000_516.0000_517.0000_518.0000_,513.0000_512.0000_511.0000_510.0000_509.0000_,6213,13.tse.tw|2964,20260907,14:30:00,6213.tw,1788762600000,14:30:00,18_32_24_56_80_,82_61_70_93_58_,0,000000,2591,535.0000,28,12,516.0000,505.0000,聯茂,535.0000,0,tse,624,13:30:00,568.0000,11860,465.5000,聯茂電子股份有限公司,517.0000,513.0000,0,TWSE,
6214.tw,38,38,9.tse.tw|17547,185.0000,0,1,185.0000,184.5000,000000,20260907,tse_6214.tw_20260907,185.5000_186.0000_186.5000_187.0000_187.5000_,185.0000_184.5000_184.0000_183.5000_183.0000_,6214,13.tse.tw|3100,20260907,14:30:00,6214.tw,1788762600000,14:30:00,39_48_94_82_59_,53_81_80_50_58_,0,000000,1398,186.5000,30,12,185.0000,184.5000,精誠,186.0000,0,tse,38,13:30:00,204.0000,971,167.0000,精誠資訊股份有限公司,185.5000,185.0000,0,TWSE,
6215.tw,24,24,20.tse.tw|2231532,97.8000,0,0,101.0000,99.8000,000000,20260907,tse_6215.tw_20260907,97.9000_98.0000_98.2000_98.3000_98.4000_,97.8000_97.7000_97.6000_97.5000_97.4000_,6215,13.tse.tw|3236,20260907,14:30:00,6215.tw,1788762600000,14:30:00,4_1_1_1_1_,7_9_5_11_3_,0,000000,2,101.0000,31,12,99.8000,97.7000,和椿,101.0000,0,tse,24,13:30:00,108.5000,390,89.1000,和椿科技股份有限公司,99.0000,97.8000,0,TWSE,
6216.tw,3,3,20.tse.tw|2231212,20.4500,0,0,20.9000,20.5500,000000,20260907,tse_6216.tw_20260907,20.5000_20.5500_20.6000_20.6500_20.7000_,20.4000_20.3500_20.3000_20.2500_20.2000_,6216,13.tse.tw|3372,20260907,14:30:00,6216.tw,1788762600000,14:30:00,21_2_7_5_15_,1_2_19_2_10_,0,000000,145,20.6500,27,12,20.9000,20.3500,居易,20.5000,0,tse,3,13:30:00,22.5500,101,18.4500,居易科技股份有限公司,20.5000,20.4500,0,TWSE,
6224.tw,184,180,9.tse.tw|17550,88.8000,0,12,89.1000,89.0000,000000,20260907,tse_6224.tw_20260907,89.0000_89.1000_89.2000_89.3000_89.4000_,88.8000_88.7000_88.6000_88.5000_88.4000_,6224,13.tse.tw|2074,20260907,14:30:00,6224.tw,1788762600000,14:30:00,19_5_4_5_3_,4_9_3_15_4_,0,000000,1898,92.8000,28,12,89.0000,82.5000,聚鼎,85.6000,0,tse,184,13:30:00,93.2000,5375,76.4000,聚鼎科技股份有限公司,84.8000,88.8000,0,TWSE,
6225.tw,4,4,9.tse.tw|17551,60.9000,0,1,60.0000,57.8000,000000,20260907,tse_6225.tw_20260907,61.0000_61.7000_61.8000_62.0000_63.0000_,60.9000_60.6000_60.5000_60.1000_60.0000_,6225,13.tse.tw|2211,20260907,14:30:00,6225.tw,1788762600000,14:30:00,17_1_2_3_3_,1_1_4_22_8_,0,000000,1437,61.2000,26,12,60.0000,58.5000,天瀚,58.6000,0,tse,4,13:30:00,66.0000,111,54.0000,天瀚科技股份有限公司,60.0000,60.9000,0,TWSE,
6226.tw,377,377,9.tse.tw|17552,32.4000,0,28,32.7000,32.4000,000000,20260907,tse_6226.tw_20260907,32.4500_32.5000_32.7000_32.7500_32.8000_,32.4000_32.3500_32.3000_32.2500_32.2000_,6226,13.tse.tw|2348,20260907,14:30:00,6226.tw,1788762600000,14:30:00,3_1_1_1_8_,43_33_45_5_27_,0,000000,2314,34.4000,26,12,32.4000,32.3500,光鼎,34.0000,2,tse,377,13:30:00,36.8500,5802,30.1500,光鼎電子股份有限公司,33.5000,32.4000,0,TWSE,
6230.tw,3,2,20.tse.tw|2231213,112.5000,0,0,120.0000,113.0000,000000,20260907,tse_6230.tw_20260907,113.0000_113.5000_114.0000_114.5000_115.0000_,111.5000_109.0000_108.5000_108.0000_107.5000_,6230,13.tse.tw|2485,20260907,14:30:00,6230.tw,1788762600000,14:30:00,3_4_1_3_1_,1_4_7_3_2_,0,000000,5,113.0000,25,12,120.0000,105.5000,尼得科超眾,113.0000,0,tse,3,13:30:00,121.5000,93,99.5000,尼得科超眾科技股份有限公司,110.5000,113.0000,0,TWSE,
6235.tw,74,74,9.tse.tw|17554,38.6000,0,1,40.4000,39.2000,000000,20260907,tse_6235.tw_20260907,39.1000_39.1500_39.2000_39.2500_39.3000_,39.0000_38.9500_38.9000_38.8500_38.8000_,6235,13.tse.tw|2622,20260907,14:30:00,6235.tw,1788762600000,14:30:00,1_3_5_3_4_,8_5_5_2_9_,0,000000,269,39.9500,25,12,39.2000,39.0000,華孚,39.9500,0,tse,74,13:30:00,43.3500,285,35.5500,華孚科技股份有限公司,39.4500,39.0000,0,TWSE,
6239.tw,745,745,9.tse.tw|17555,280.0000,0,11,282.0000,281.5000,000000,20260907,tse_6239.tw_20260907,281.0000_281.5000_282.0000_282.5000_283.0000_,280.0000_279.5000_279.0000_278.5000_278.0000_,6239,13.tse.tw|2759,20260907,14:30:00,6239.tw,1788762600000,14:30:00,22_4_56_120_196_,351_105_162_92_146_,0,000000,3170,285.0000,24,12,281.5000,279.5000,力成,281.5000,0,tse,745,13:30:00,304.0000,6972,249.0000,力成科技股份有限公司,276.5000,280.0000,0,TWSE,
6243.tw,30,30,20.tse.tw|2231214,39.0000,0,0,39.2000,39.1000,000000,20260907,tse_6243.tw_20260907,39.6000_39.7000_39.7500_39.8000_39.9000_,39.0000_38.9500_38.9000_38.8500_38.8000_,6243,13.tse.tw|2896,20260907,14:30:00,6243.tw,1788762600000,14:30:00,1_1_3_3_1_,7_7_1_1_9_,0,000000,29,40.2000,24,12,39.1000,39.0500,迅杰,40.2000,0,tse,30,13:30:00,43.3000,267,35.5000,迅杰科技股份有限公司,39.4000,39.0500,0,TWSE,
6257.tw,257,257,9.tse.tw|17557,213.0000,0,9,217.0000,215.0000,000000,20260907,tse_6257.tw_20260907,213.5000_214.0000_214.5000_215.0000_215.5000_,213.0000_212.5000_212.0000_211.5000_211.0000_,6257,13.tse.tw|3033,20260907,14:30:00,6257.tw,1788762600000,14:30:00,9_14_58_102_111_,7_58_168_77_96_,0,000000,730,217.0000,24,12,217.0000,212.5000,矽格,214.5000,0,tse,257,13:30:00,233.0000,4459,191.0000,矽格股份有限公司,212.0000,213.0000,0,TWSE,
6269.tw,293,293,9.tse.tw|17558,67.8000,0,7,68.0000,67.9000,000000,20260907,tse_6269.tw_20260907,67.9000_68.0000_68.2000_68.3000_68.4000_,67.8000_67.7000_67.6000_67.5000_67.4000_,6269,13.tse.tw|3169,20260907,14:30:00,6269.tw,1788762600000,14:30:00,2_10_29_50_16_,54_50_54_85_23_,0,000000,401,69.6000,28,12,67.9000,67.0000,台郡,68.2000,0,tse,293,13:30:00,74.4000,5592,61.0000,台郡科技股份有限公司,67.7000,67.8000,0,TWSE,
6271.tw,624,578,9.tse.tw|17559,232.5000,0,15,233.5000,233.0000,000000,20260907,tse_6271.tw_20260907,232.5000_233.0000_233.5000_234.0000_234.5000_,232.0000_231.5000_231.0000_230.5000_230.0000_,6271,13.tse.tw|3305,20260907,14:30:00,6271.tw,1788762600000,14:30:00,44_42_55_91_81_,14_30_59_39_104_,0,000000,2814,246.0000,24,12,233.5000,228.5000,同欣電,243.0000,0,tse,624,13:30:00,260.5000,11561,213.5000,同欣電子工業股份有限公司,237.0000,232.5000,0,TWSE,
6272.tw,49,49,20.tse.tw|2230558,29.7000,0,0,29.8000,29.7500,000000,20260907,tse_6272.tw_20260907,29.7000_29.7500_29.8000_29.8500_29.9000_,29.4000_29.3500_29.3000_29.1500_29.1000_,6272,13.tse.tw|2143,20260907,14:30:00,6272.tw,1788762600000,14:30:00,3_5_4_1_1_,3_3_1_10_4_,0,000000,20,31.2000,28,12,29.8000,29.0500,驊陞,29.5000,0,tse,49,13:30:00,32.7500,759,26.8500,驊陞科技股份有限公司,29.8000,29.7000,0,TWSE,
6277.tw,8,8,20.tse.tw|2231535,79.6000,0,0,79.9000,79.8000,000000,20260907,tse_6277.tw_20260907,79.7000_79.8000_79.9000_80.0000_80.1000_,79.6000_79.5000_79.2000_79.0000_78.9000_,6277,13.tse.tw|2280,20260907,14:30:00,6277.tw,1788762600000,14:30:00,5_1_1_1_7_,1_3_14_20_1_,0,000000,-,80.4000,25,12,0.0000,78.5000,宏正,80.4000,0,tse,8,13:30:00,88.3000,161,72.3000,宏正自動科技股份有限公司,80.3000,79.6000,0,TWSE,
6278.tw,169,169,9.tse.tw|17562,195.0000,0,5,203.0000,200.0000,000000,20260907,tse_6278.tw_20260907,195.5000_196.0000_196.5000_197.0000_197.5000_,195.0000_194.5000_194.0000_193.5000_193.0000_,6278,13.tse.tw|2417,20260907,14:30:00,6278.tw,1788762600000,14:30:00,30_26_52_41_25_,25_28_49_22_56_,0,000000,1136,200.0000,26,12,203.0000,194.5000,台表科,200.0000,0,tse,169,13:30:00,220.0000,3632,180.0000,台灣表面黏著科技股份有限公司,200.0000,195.0000,0,TWSE,
6281.tw,-,-,20.tse.tw|2231215,-,0,0,51.8000,51.7000,000000,20260907,tse_6281.tw_20260907,51.5000_51.6000_51.7000_51.8000_51.9000_,51.4000_51.3000_51.2000_51.1000_51.0000_,6281,13.tse.tw|2554,20260907,14:30:00,6281.tw,1788762600000,14:30:00,3_11_8_9_2_,9_5_16_8_12_,0,000000,30,51.7000,29,12,51.8000,51.3000,全國電,51.7000,0,tse,-,13:30:00,56.5000,35,46.3000,全國電子股份有限公司,51.4000,-,0,TWSE,
6282.tw,244,244,9.tse.tw|17564,44.3500,0,4,44.5000,44.4000,000000,20260907,tse_6282.tw_20260907,44.4000_44.4500_44.5000_44.5500_44.6000_,44.3500_44.3000_44.2500_44.2000_44.1500_,6282,13.tse.tw|2691,20260907,14:30:00,6282.tw,1788762600000,14:30:00,14_37_43_31_34_,70_8_4_5_37_,0,000000,715,45.0500,28,12,44.4000,43.8500,康舒,44.7500,0,tse,244,13:30:00,48.4000,3901,39.6000,康舒科技股份有限公司,44.0000,44.3500,0,TWSE,
6283.tw,4,4,20.tse.tw|2230883,20.0500,0,0,20.0500,19.8500,000000,20260907,tse_6283.tw_20260907,20.0500_20.1000_20.1500_20.2000_20.2500_,19.9500_19.9000_19.8500_19.8000_19.7500_,6283,13.tse.tw|2828,20260907,14:30:00,6283.tw,1788762600000,14:30:00,2_34_5_7_1_,4_21_4_4_13_,0,000000,-,20.1500,31,12,0.0000,19.9500,淳安,20.0500,0,tse,4,13:30:00,22.0500,73,18.0500,淳安電子股份有限公司,20.0500,20.0500,0,TWSE,
6285.tw,246,237,9.tse.tw|17566,239.5000,0,1,240.5000,240.0000,000000,20260907,tse_6285.tw_20260907,239.5000_240.0000_240.5000_241.0000_241.5000_,239.0000_238.5000_238.0000_237.5000_237.0000_,6285,13.tse.tw|2965,20260907,14:30:00,6285.tw,1788762600000,14:30:00,3_10_20_32_18_,106_30_106_46_52_,0,000000,2517,248.0000,27,12,240.5000,239.5000,啟碁,246.5000,0,tse,246,13:30:00,267.5000,2485,219.5000,啟碁科技股份有限公司,243.5000,239.5000,0,TWSE,
6405.tw,70,70,20.tse.tw|2231536,39.0000,0,0,0.0000,39.4500,000000,20260907,tse_6405.tw_20260907,39.6000_39.6500_39.7000_39.7500_39.8000_,39.2000_39.1500_39.1000_39.0500_39.0000_,6405,13.tse.tw|3101,20260907,14:30:00,6405.tw,1788762600000,14:30:00,2_3_3_5_9_,11_15_4_10_23_,0,000000,-,40.6000,26,12,0.0000,39.1000,悅城,40.1000,0,tse,70,13:30:00,44.1000,487,36.1000,悅城科技股份有限公司,40.1000,39.2000,0,TWSE,
6409.tw,25,25,20.tse.tw|2231537,977.0000,0,0,981.0000,979.0000,000000,20260907,tse_6409.tw_20260907,977.0000_978.0000_979.0000_980.0000_981.0000_,974.0000_972.0000_971.0000_970.0000_969.0000_,6409,13.tse.tw|3237,20260907,14:30:00,6409.tw,1788762600000,14:30:00,7_2_1_4_2_,2_1_1_3_1_,0,000000,366,1005.0000,31,12,979.0000,975.0000,旭隼,987.0000,0,tse,25,13:30:00,1060.0000,337,869.0000,旭隼科技股份有限公司,965.0000,977.0000,0,TWSE,
6412.tw,20,18,9.tse.tw|17569,77.0000,0,1,78.0000,77.1000,000000,20260907,tse_6412.tw_20260907,77.1000_77.2000_77.3000_77.4000_77.5000_,77.0000_76.9000_76.8000_76.7000_76.6000_,6412,13.tse.tw|3373,20260907,14:30:00,6412.tw,1788762600000,14:30:00,5_4_18_13_192_,1_1_8_34_33_,0,000000,96,78.2000,28,12,77.1000,76.7000,群電,78.2000,0,tse,20,13:30:00,85.1000,668,69.7000,群光電能科技股份有限公司,77.4000,77.0000,0,TWSE,
6414.tw,35,35,9.tse.tw|17570,389.5000,0,1,393.5000,393.0000,000000,20260907,tse_6414.tw_20260907,390.0000_390.5000_391.0000_391.5000_392.0000_,389.5000_389.0000_388.5000_388.0000_387.5000_,6414,13.tse.tw|2075,20260907,14:30:00,6414.tw,1788762600000,14:30:00,9_3_6_1_26_,1_13_4_20_15_,0,000000,269,400.0000,25,12,393.0000,386.5000,樺漢,400.0000,0,tse,35,13:30:00,434.5000,805,355.5000,樺漢科技股份有限公司,395.0000,389.5000,0,TWSE,
6415.tw,163,154,9.tse.tw|17571,418.0000,0,5,419.5000,419.0000,000000,20260907,tse_6415.tw_20260907,418.5000_419.0000_419.5000_420.0000_420.5000_,418.0000_417.5000_417.0000_416.5000_416.0000_,6415,13.tse.tw|2212,20260907,14:30:00,6415.tw,1788762600000,14:30:00,6_6_6_5_7_,62_19_23_14_24_,0,000000,1666,439.5000,24,12,419.5000,416.5000,矽力*-KY,438.0000,0,tse,163,13:30:00,471.0000,2604,386.0000,矽力杰股份有限公司,428.5000,418.0000,0,TWSE,RR
6416.tw,13,13,20.tse.tw|2231217,99.6000,0,0,99.9000,99.3000,000000,20260907,tse_6416.tw_20260907,99.9000_100.0000_100.5000_101.0000_101.5000_,99.8000_99.6000_99.5000_99.4000_99.3000_,6416,13.tse.tw|2349,20260907,14:30:00,6416.tw,1788762600000,14:30:00,1_10_17_9_7_,2_4_3_2_4_,0,000000,253,102.0000,27,12,99.9000,99.1000,瑞祺電通,102.0000,0,tse,13,13:30:00,110.5000,286,90.5000,瑞祺電通股份有限公司,100.5000,99.8000,0,TWSE,
6426.tw,5,5,9.tse.tw|17573,296.0000,0,2,0.0000,296.0000,000000,20260907,tse_6426.tw_20260907,-,296.0000_295.5000_295.0000_294.5000_294.0000_,6426,13.tse.tw|2486,20260907,14:30:00,6426.tw,1788762600000,14:30:00,-,1639_14_22_14_16_,0,000000,1468,296.0000,27,12,296.0000,285.0000,統新,285.0000,0,tse,5,13:30:00,296.0000,3409,243.0000,統新光訊股份有限公司,269.5000,296.0000,0,TWSE,
6431.tw,1,1,20.tse.tw|2231538,19.5500,0,0,19.6500,19.4000,000000,20260907,tse_6431.tw_20260907,19.7500_19.8000_19.8500_19.9000_19.9500_,19.5500_19.5000_19.4500_19.4000_19.3500_,6431,13.tse.tw|2623,20260907,14:30:00,6431.tw,1788762600000,14:30:00,1_3_4_5_6_,1_1_6_2_1_,0,000000,1,20.1000,22,12,19.4000,19.4000,光麗-KY,20.1000,0,tse,1,13:30:00,21.8000,29,17.9000,光麗生技控股股份有限公司,19.8500,19.5500,0,TWSE,RR
6438.tw,12,12,9.tse.tw|17575,155.5000,0,2,156.5000,156.0000,000000,20260907,tse_6438.tw_20260907,155.5000_156.0000_156.5000_157.0000_157.5000_,155.0000_154.5000_154.0000_153.5000_153.0000_,6438,13.tse.tw|2760,20260907,14:30:00,6438.tw,1788762600000,14:30:00,2_5_17_9_11_,10_12_25_6_8_,0,000000,104,158.0000,31,12,156.5000,154.0000,迅得,158.0000,0,tse,12,13:30:00,172.0000,381,141.0000,迅得機械股份有限公司,156.5000,155.5000,0,TWSE,
6442.tw,118,118,9.tse.tw|17576,1700.0000,0,2,1705.0000,1700.0000,000000,20260907,tse_6442.tw_20260907,1705.0000_1710.0000_1715.0000_1720.0000_1725.0000_,1700.0000_1695.0000_1690.0000_1685.0000_1680.0000_,6442,13.tse.tw|2897,20260907,14:30:00,6442.tw,1788762600000,14:30:00,1_3_3_12_21_,21_14_10_13_45_,0,000000,2656,1790.0000,27,12,1705.0000,1700.0000,光聖,1770.0000,0,tse,118,13:30:00,1930.0000,1919,1580.0000,光紅建聖股份有限公司,1755.0000,1700.0000,0,TWSE,
6443.tw,286,285,9.tse.tw|17577,24.6000,0,16,25.0000,24.7500,000000,20260907,tse_6443.tw_20260907,24.6000_24.6500_24.7000_24.7500_24.8000_,24.5500_24.5000_24.4500_24.4000_24.3500_,6443,13.tse.tw|3034,20260907,14:30:00,6443.tw,1788762600000,14:30:00,25_15_27_43_23_,15_263_58_66_49_,0,000000,922,25.2000,26,12,24.7500,24.5000,元晶,24.9500,0,tse,286,13:30:00,27.4000,2716,22.5000,元晶太陽能科技股份有限公司,24.9500,24.6000,0,TWSE,
6446.tw,147,139,9.tse.tw|17578,1320.0000,0,6,1335.0000,1330.0000,000000,20260907,tse_6446.tw_20260907,1325.0000_1330.0000_1335.0000_1340.0000_1345.0000_,1320.0000_1315.0000_1310.0000_1305.0000_1300.0000_,6446,13.tse.tw|3170,20260907,14:30:00,6446.tw,1788762600000,14:30:00,50_30_58_36_22_,10_45_54_46_167_,0,000000,3175,1350.0000,22,12,1330.0000,1285.0000,藥華藥,1315.0000,0,tse,147,13:30:00,1440.0000,4592,1180.0000,藥華醫藥股份有限公司,1310.0000,1325.0000,0,TWSE,
6449.tw,92,89,9.tse.tw|17579,231.5000,0,4,234.0000,232.0000,000000,20260907,tse_6449.tw_20260907,232.0000_232.5000_233.0000_233.5000_234.0000_,231.5000_231.0000_230.5000_230.0000_229.5000_,6449,13.tse.tw|3306,20260907,14:30:00,6449.tw,1788762600000,14:30:00,25_2_4_6_8_,3_33_32_69_21_,0,000000,315,243.0000,28,12,232.0000,230.0000,鈺邦,242.0000,0,tse,92,13:30:00,261.0000,2528,214.0000,鈺邦科技股份有限公司,237.5000,231.5000,0,TWSE,
6451.tw,276,273,9.tse.tw|17580,448.0000,0,16,456.0000,450.0000,000000,20260907,tse_6451.tw_20260907,449.0000_449.5000_450.0000_450.5000_451.0000_,448.5000_448.0000_447.5000_447.0000_446.5000_,6451,13.tse.tw|2144,20260907,14:30:00,6451.tw,1788762600000,14:30:00,4_33_7_7_1_,15_35_14_28_17_,0,000000,378,477.0000,24,12,450.0000,447.0000,訊芯-KY,459.0000,0,tse,276,13:30:00,493.5000,5419,404.5000,訊芯科技控股股份有限公司,449.0000,448.5000,0,TWSE,RR
6456.tw,158,153,9.tse.tw|17581,68.7000,0,1,69.2000,69.1000,000000,20260907,tse_6456.tw_20260907,69.1000_69.2000_69.3000_69.4000_69.5000_,68.8000_68.7000_68.6000_68.5000_68.4000_,6456,13.tse.tw|2281,20260907,14:30:00,6456.tw,1788762600000,14:30:00,7_6_5_7_12_,10_32_29_15_9_,0,000000,115,71.4000,26,12,69.2000,68.7000,GIS-KY,70.0000,0,tse,158,13:30:00,75.6000,2389,62.0000,業成控股股份有限公司,68.8000,68.8000,0,TWSE,RR
6464.tw,1,1,20.tse.tw|2231221,78.0000,0,0,78.2000,77.7000,000000,20260907,tse_6464.tw_20260907,78.0000_78.1000_78.3000_78.4000_78.5000_,77.6000_77.0000_76.7000_76.5000_76.3000_,6464,13.tse.tw|2418,20260907,14:30:00,6464.tw,1788762600000,14:30:00,1_1_1_3_5_,1_1_1_5_3_,0,000000,100,78.4000,20,12,77.7000,77.0000,台數科,78.4000,0,tse,1,13:30:00,85.3000,20,69.9000,台灣數位光訊科技股份有限公司,77.6000,78.0000,0,TWSE,
6472.tw,39,39,20.tse.tw|2230382,416.0000,0,0,416.5000,416.0000,000000,20260907,tse_6472.tw_20260907,416.5000_417.0000_417.5000_418.0000_418.5000_,416.0000_415.5000_415.0000_414.5000_414.0000_,6472,13.tse.tw|2555,20260907,14:30:00,6472.tw,1788762600000,14:30:00,3_2_4_2_1_,6_2_13_4_2_,0,000000,742,423.0000,22,12,416.5000,415.0000,保瑞,423.0000,0,tse,39,13:30:00,457.5000,351,374.5000,保瑞藥業股份有限公司,416.0000,416.0000,0,TWSE,
6477.tw,32,32,20.tse.tw|2231222,34.6000,0,0,0.0000,38.2500,000000,20260907,tse_6477.tw_20260907,34.6500_34.7500_34.8000_34.8500_34.9000_,34.6000_34.5500_34.5000_34.4500_34.4000_,6477,13.tse.tw|2692,20260907,14:30:00,6477.tw,1788762600000,14:30:00,5_2_3_3_3_,19_28_17_11_28_,0,000000,826,35.2000,26,12,38.2500,34.3000,安集,35.2000,0,tse,32,13:30:00,38.2500,458,31.3500,安集科技股份有限公司,34.8000,34.6000,0,TWSE,
6491.tw,18,15,20.tse.tw|2231539,378.0000,0,0,380.0000,379.5000,000000,20260907,tse_6491.tw_20260907,380.0000_380.5000_381.0000_381.5000_382.0000_,379.5000_379.0000_378.5000_378.0000_377.5000_,6491,13.tse.tw|2829,20260907,14:30:00,6491.tw,1788762600000,14:30:00,2_2_2_2_5_,2_1_1_1_5_,0,000000,143,388.0000,22,12,380.0000,377.0000,晶碩,388.0000,0,tse,18,13:30:00,423.5000,193,346.5000,晶碩光學股份有限公司,385.0000,379.5000,0,TWSE,
6504.tw,1,-,20.tse.tw|2231223,-,0,0,40.0000,38.0000,000000,20260907,tse_6504.tw_20260907,37.9000_38.0000_38.4000_38.6000_38.7000_,37.3000_37.2500_37.2000_37.0500_37.0000_,6504,13.tse.tw|2966,20260907,14:30:00,6504.tw,1788762600000,14:30:00,1_8_13_5_1_,1_2_1_2_4_,0,000000,-,38.0000,20,12,0.0000,37.0000,南六,37.0000,0,tse,1,13:30:00,40.8000,97,33.4000,南六企業股份有限公司,37.1000,37.7000,0,TWSE,
6505.tw,875,811,9.tse.tw|17587,79.6000,0,12,79.6000,79.5000,000000,20260907,tse_6505.tw_20260907,79.7000_79.8000_79.9000_80.0000_80.1000_,79.6000_79.5000_79.4000_79.3000_79.2000_,6505,13.tse.tw|3102,20260907,14:30:00,6505.tw,1788762600000,14:30:00,23_61_71_235_96_,21_50_176_90_146_,0,000000,2663,83.1000,23,12,79.6000,78.8000,台塑化,79.5000,0,tse,875,13:30:00,85.9000,21023,70.3000,台塑石化股份有限公司,78.1000,79.7000,0,TWSE,
6515.tw,21,21,20.tse.tw|2230709,7000.0000,0,0,7105.0000,7080.0000,000000,20260907,tse_6515.tw_20260907,7035.0000_7050.0000_7055.0000_7065.0000_7080.0000_,7000.0000_6995.0000_6990.0000_6960.0000_6955.0000_,6515,13.tse.tw|3238,20260907,14:30:00,6515.tw,1788762600000,14:30:00,1_1_2_1_1_,2_2_2_1_1_,0,000000,83,7350.0000,24,12,7080.0000,7000.0000,穎崴,7275.0000,0,tse,21,13:30:00,7780.0000,400,6370.0000,穎崴科技股份有限公司,7075.0000,7000.0000,0,TWSE,
6525.tw,64,64,20.tse.tw|2230564,133.5000,0,0,134.0000,133.5000,000000,20260907,tse_6525.tw_20260907,133.5000_134.0000_134.5000_135.0000_135.5000_,133.0000_132.5000_132.0000_131.5000_131.0000_,6525,13.tse.tw|3374,20260907,14:30:00,6525.tw,1788762600000,14:30:00,4_6_11_23_16_,55_31_40_22_47_,0,000000,1015,140.5000,24,12,134.0000,133.0000,捷敏-KY,140.0000,0,tse,64,13:30:00,151.5000,1238,124.5000,捷敏股份有限公司,138.0000,133.5000,0,TWSE,RR
6526.tw,33,31,20.tse.tw|2230710,643.0000,0,0,648.0000,647.0000,000000,20260907,tse_6526.tw_20260907,645.0000_646.0000_647.0000_648.0000_649.0000_,644.0000_643.0000_642.0000_641.0000_640.0000_,6526,13.tse.tw|2076,20260907,14:30:00,6526.tw,1788762600000,14:30:00,1_3_2_2_5_,1_9_4_9_11_,0,000000,221,658.0000,24,12,647.0000,633.0000,達發,642.0000,0,tse,33,13:30:00,698.0000,744,572.0000,達發科技股份有限公司,635.0000,644.0000,0,TWSE,
6531.tw,123,122,9.tse.tw|17591,960.0000,0,5,960.0000,959.0000,000000,20260907,tse_6531.tw_20260907,960.0000_961.0000_962.0000_963.0000_964.0000_,959.0000_958.0000_956.0000_955.0000_954.0000_,6531,13.tse.tw|2213,20260907,14:30:00,6531.tw,1788762600000,14:30:00,5_11_7_15_3_,4_4_1_4_1_,0,000000,785,968.0000,24,12,960.0000,936.0000,愛普*,939.0000,0,tse,123,13:30:00,1000.0000,2775,820.0000,愛普科技股份有限公司,911.0000,960.0000,0,TWSE,
6533.tw,105,102,9.tse.tw|17592,257.0000,0,1,259.5000,259.0000,000000,20260907,tse_6533.tw_20260907,257.0000_257.5000_258.0000_258.5000_259.0000_,256.5000_256.0000_255.5000_255.0000_254.5000_,6533,13.tse.tw|2350,20260907,14:30:00,6533.tw,1788762600000,14:30:00,1_2_7_10_12_,15_48_32_93_21_,0,000000,362,262.0000,24,12,259.0000,255.0000,晶心科,255.5000,0,tse,105,13:30:00,290.0000,1449,230.5000,晶心科技股份有限公司,264.0000,257.0000,0,TWSE,
6534.tw,-,-,20.tse.tw|2230711,-,3,0,92.4000,91.4000,000000,20260907,tse_6534.tw_20260907,92.3000_92.4000_92.6000_92.8000_93.2000_,91.8000_91.1000_91.0000_90.9000_90.8000_,6534,13.tse.tw|2487,20260907,14:30:00,6534.tw,1788762600000,14:30:00,1_3_2_1_1_,1_1_5_9_6_,0,000000,-,92.4000,22,12,0.0000,91.1000,正瀚-創,91.9000,0,tse,-,13:30:00,100.0000,60,82.0000,正瀚生技股份有限公司,91.1000,-,0,TWSE,
6541.tw,13,13,20.tse.tw|2231542,31.6000,0,0,31.8000,31.6500,000000,20260907,tse_6541.tw_20260907,31.6000_31.6500_31.7000_31.7500_31.8000_,31.5500_31.5000_31.4500_31.4000_31.3500_,6541,13.tse.tw|2624,20260907,14:30:00,6541.tw,1788762600000,14:30:00,1_1_5_40_3_,2_17_2_1_2_,0,000000,667,32.4000,22,12,31.8000,31.2500,泰福-KY,31.7000,0,tse,13,13:30:00,34.8500,280,28.5500,泰福生技股份有限公司,31.7000,31.6000,0,TWSE,RR
6550.tw,14,14,9.tse.tw|17595,10.3000,0,1,10.5500,10.4000,000000,20260907,tse_6550.tw_20260907,10.3500_10.4000_10.4500_10.5000_10.5500_,10.3000_10.2500_10.2000_10.1500_10.1000_,6550,13.tse.tw|2761,20260907,14:30:00,6550.tw,1788762600000,14:30:00,73_47_46_17_12_,9_15_167_153_504_,0,000000,100,10.4500,22,12,10.4000,10.2000,北極星藥業-KY,10.4500,0,tse,14,13:30:00,11.3500,800,9.3200,北極星藥業集團股份有限公司,10.3500,10.3000,0,TWSE,RR
6552.tw,14,14,20.tse.tw|2230886,24.0000,0,0,24.1000,24.0500,000000,20260907,tse_6552.tw_20260907,24.3000_24.3500_24.4000_24.6000_24.6500_,23.9500_23.9000_23.8500_23.8000_23.7500_,6552,13.tse.tw|2898,20260907,14:30:00,6552.tw,1788762600000,14:30:00,2_8_11_1_2_,3_3_3_4_1_,0,000000,57,24.6000,24,12,24.1000,24.0000,易華電,24.6000,0,tse,14,13:30:00,26.6500,61,21.8500,易華電子股份有限公司,24.2500,24.0000,0,TWSE,
6558.tw,6,5,20.tse.tw|2230887,24.2000,0,0,25.0000,24.4000,000000,20260907,tse_6558.tw_20260907,24.3500_24.4000_24.5500_24.6000_24.6500_,24.2000_24.1500_24.1000_24.0500_24.0000_,6558,13.tse.tw|3035,20260907,14:30:00,6558.tw,1788762600000,14:30:00,1_3_9_2_2_,11_3_13_7_17_,0,000000,131,24.7000,31,12,24.4000,24.2000,興能高,24.7000,0,tse,6,13:30:00,27.2000,175,22.3000,興能高科技股份有限公司,24.7500,24.2500,0,TWSE,
6573.tw,91,91,20.tse.tw|2231544,16.2000,0,0,0.0000,16.2000,000000,20260907,tse_6573.tw_20260907,16.6000_16.6500_16.7000_16.7500_16.8500_,16.2000_16.1500_16.1000_16.0500_16.0000_,6573,13.tse.tw|3171,20260907,14:30:00,6573.tw,1788762600000,14:30:00,3_5_12_2_1_,4_4_16_11_74_,0,000000,85,17.4000,24,12,16.2000,16.2000,虹揚-KY,16.9500,0,tse,91,13:30:00,18.6000,245,15.3000,虹揚發展科技股份有限公司,16.9500,16.2000,0,TWSE,RR
6579.tw,12,11,20.tse.tw|2230383,152.0000,0,0,154.0000,152.0000,000000,20260907,tse_6579.tw_20260907,152.5000_153.0000_153.5000_154.0000_154.5000_,152.0000_151.5000_151.0000_150.5000_150.0000_,6579,13.tse.tw|3307,20260907,14:30:00,6579.tw,1788762600000,14:30:00,23_23_20_11_11_,7_6_19_12_26_,0,000000,243,153.5000,25,12,152.0000,150.0000,研揚,153.0000,0,tse,12,13:30:00,165.5000,359,135.5000,研揚科技股份有限公司,150.5000,152.0000,0,TWSE,
6581.tw,1,1,20.tse.tw|2231224,109.0000,0,0,109.5000,107.0000,000000,20260907,tse_6581.tw_20260907,109.5000_110.0000_110.5000_111.0000_112.0000_,108.5000_108.0000_107.5000_107.0000_106.5000_,6581,13.tse.tw|2145,20260907,14:30:00,6581.tw,1788762600000,14:30:00,4_8_5_10_2_,1_3_2_17_2_,0,000000,-,109.5000,35,12,0.0000,109.0000,鋼聯,109.5000,0,tse,1,13:30:00,120.0000,15,98.6000,台灣鋼聯股份有限公司,109.5000,109.0000,0,TWSE,
6582.tw,-,-,20.tse.tw|2231545,-,0,0,31.9500,31.8000,000000,20260907,tse_6582.tw_20260907,31.9500_32.0000_32.0500_32.3000_32.4000_,31.9000_31.8000_31.7500_31.7000_31.6500_,6582,13.tse.tw|2282,20260907,14:30:00,6582.tw,1788762600000,14:30:00,1_4_1_1_1_,1_3_1_1_2_,0,000000,20,32.3000,11,12,31.9500,31.5500,申豐,32.3000,0,tse,-,13:30:00,35.0500,21,28.7500,申豐特用應材股份有限公司,31.9000,-,0,TWSE,
6585.tw,16,15,20.tse.tw|2230566,114.0000,0,0,115.0000,113.0000,000000,20260907,tse_6585.tw_20260907,114.0000_114.5000_115.0000_115.5000_116.0000_,113.5000_113.0000_112.5000_112.0000_111.5000_,6585,13.tse.tw|2419,20260907,14:30:00,6585.tw,1788762600000,14:30:00,4_13_12_6_11_,2_4_9_24_8_,0,000000,261,114.0000,20,12,115.0000,112.0000,鼎基,113.5000,0,tse,16,13:30:00,124.0000,151,102.0000,鼎基先進材料股份有限公司,113.0000,114.0000,0,TWSE,
6589.tw,26,26,20.tse.tw|2230567,47.5000,0,0,50.4000,47.6000,000000,20260907,tse_6589.tw_20260907,47.6500_47.7500_47.8000_47.8500_47.9000_,47.5000_47.4500_47.4000_47.3500_47.3000_,6589,13.tse.tw|2556,20260907,14:30:00,6589.tw,1788762600000,14:30:00,2_4_9_2_5_,11_16_24_5_11_,0,000000,-,49.4000,22,12,0.0000,47.4500,台康生技,49.4000,0,tse,26,13:30:00,52.8000,382,43.2500,台康生技股份有限公司,48.0500,47.5000,0,TWSE,
6591.tw,35,35,20.tse.tw|2230888,42.1000,0,0,42.2000,42.0500,000000,20260907,tse_6591.tw_20260907,42.7500_42.8000_42.9500_43.0000_43.1500_,42.0500_42.0000_41.9000_41.7000_41.5000_,6591,13.tse.tw|2693,20260907,14:30:00,6591.tw,1788762600000,14:30:00,4_3_1_15_1_,5_24_5_6_2_,0,000000,53,42.7500,25,12,42.0500,42.0500,動力-KY,42.4500,0,tse,35,13:30:00,46.9500,115,38.4500,動力科技股份有限公司,42.7000,42.0500,0,TWSE,RR
6592.tw,12,8,20.tse.tw|2231225,60.5000,0,0,60.6000,60.5000,000000,20260907,tse_6592.tw_20260907,60.7000_60.8000_60.9000_61.0000_61.2000_,60.6000_60.4000_60.3000_60.2000_60.1000_,6592,13.tse.tw|2830,20260907,14:30:00,6592.tw,1788762600000,14:30:00,4_6_2_7_8_,2_1_8_42_41_,0,000000,977,61.5000,20,12,60.5000,60.1000,和潤企業,61.5000,0,tse,12,13:30:00,67.1000,473,54.9000,和潤企業股份有限公司,61.0000,60.6000,0,TWSE,
6598.tw,-,-,20.tse.tw|2230568,-,0,0,28.7000,26.8000,000000,20260907,tse_6598.tw_20260907,27.3000_27.4000_27.4500_27.5000_27.5500_,27.0500_27.0000_26.9000_26.8000_26.7500_,6598,13.tse.tw|3239,20260907,14:30:00,6598.tw,1788762600000,14:30:00,1_2_3_3_1_,11_17_17_19_20_,0,000000,-,27.5500,22,12,0.0000,26.7000,ABC-KY,27.5500,0,tse,-,13:30:00,29.7000,67,24.3000,瑞磁生物科技集團股份有限公司,27.0000,-,0,TWSE,RR
6605.tw,7,5,20.tse.tw|2231226,137.0000,0,0,138.0000,137.5000,000000,20260907,tse_6605.tw_20260907,137.5000_138.0000_138.5000_139.0000_139.5000_,137.0000_136.5000_136.0000_135.5000_135.0000_,6605,13.tse.tw|3375,20260907,14:30:00,6605.tw,1788762600000,14:30:00,7_27_13_28_12_,4_19_30_13_31_,0,000000,20,139.5000,12,12,138.0000,136.5000,帝寶,139.5000,0,tse,7,13:30:00,152.0000,199,125.0000,帝寶工業股份有限公司,138.5000,137.5000,0,TWSE,
6606.tw,92,92,20.tse.tw|2230569,24.8500,0,0,25.6000,25.0500,000000,20260907,tse_6606.tw_20260907,25.7000_25.8500_25.9500_26.0000_26.0500_,25.0500_25.0000_24.9500_24.9000_24.8500_,6606,13.tse.tw|2077,20260907,14:30:00,6606.tw,1788762600000,14:30:00,1_9_2_35_2_,8_2_11_9_8_,0,000000,56,25.9500,05,12,25.0500,25.0500,建德工業,25.8000,0,tse,92,13:30:00,27.9000,199,22.9000,建德工業股份有限公司,25.4000,25.0500,0,TWSE,
6614.tw,-,-,20.tse.tw|2230386,-,0,0,0.0000,35.7000,000000,20260907,tse_6614.tw_20260907,35.7000_35.8500_35.9000_35.9500_36.0000_,35.5500_35.5000_35.4000_35.3500_35.3000_,6614,13.tse.tw|2214,20260907,14:30:00,6614.tw,1788762600000,14:30:00,1_2_6_1_2_,4_6_2_12_3_,0,000000,-,35.8500,36,12,0.0000,35.5000,資拓宏宇,35.5000,0,tse,-,13:30:00,38.8500,23,31.8500,資拓宏宇國際股份有限公司,35.3500,-,0,TWSE,
6625.tw,2,2,20.tse.tw|2230889,75.8000,0,0,75.1000,75.0000,000000,20260907,tse_6625.tw_20260907,76.0000_76.3000_76.4000_76.5000_76.7000_,75.4000_75.3000_75.2000_75.1000_75.0000_,6625,13.tse.tw|2351,20260907,14:30:00,6625.tw,1788762600000,14:30:00,1_1_2_2_1_,2_4_4_2_11_,0,000000,846,76.4000,20,12,75.1000,75.0000,必應,75.4000,0,tse,2,13:30:00,82.8000,71,67.8000,必應創造股份有限公司,75.3000,75.8000,0,TWSE,
6641.tw,-,-,20.tse.tw|2230387,-,0,0,17.3500,17.2500,000000,20260907,tse_6641.tw_20260907,17.1000_17.2500_17.3000_17.3500_17.4500_,16.9500_16.9000_16.8500_16.8000_16.7000_,6641,13.tse.tw|2488,20260907,14:30:00,6641.tw,1788762600000,14:30:00,1_2_2_3_1_,1_1_2_2_4_,0,000000,-,17.3500,35,12,0.0000,17.0000,基士德-KY,17.3500,0,tse,-,13:30:00,18.9500,23,15.5500,基士德科技股份有限公司,17.2500,-,0,TWSE,RR
6645.tw,1,1,20.tse.tw|2230712,12.2000,3,0,12.2500,12.0000,000000,20260907,tse_6645.tw_20260907,12.3000_12.3500_12.4000_12.5500_12.6000_,12.2000_12.1500_12.1000_12.0500_12.0000_,6645,13.tse.tw|2625,20260907,14:30:00,6645.tw,1788762600000,14:30:00,1_1_2_2_3_,1_7_3_9_3_,0,000000,-,12.7500,22,12,0.0000,12.1500,金萬林-創,12.7500,0,tse,1,13:30:00,13.5500,29,11.1500,金萬林企業股份有限公司,12.3500,12.2000,0,TWSE,
6655.tw,-,-,20.tse.tw|2231227,-,0,0,120.5000,120.0000,000000,20260907,tse_6655.tw_20260907,120.0000_121.0000_121.5000_123.0000_124.0000_,119.5000_119.0000_117.5000_116.0000_115.5000_,6655,13.tse.tw|2762,20260907,14:30:00,6655.tw,1788762600000,14:30:00,1_2_1_2_1_,3_2_1_1_2_,0,000000,-,121.0000,20,12,0.0000,117.5000,科定,117.5000,0,tse,-,13:30:00,129.0000,23,106.0000,科定企業股份有限公司,117.5000,-,0,TWSE,
6657.tw,2,2,20.tse.tw|2231228,30.4500,0,0,30.5500,30.2000,000000,20260907,tse_6657.tw_20260907,30.4500_30.5500_30.7500_30.8000_30.9000_,30.2500_30.2000_30.1500_30.1000_30.0000_,6657,13.tse.tw|2899,20260907,14:30:00,6657.tw,1788762600000,14:30:00,74_1_9_1_2_,3_10_2_3_15_,0,000000,-,31.2000,22,12,0.0000,29.9000,華安,30.6500,0,tse,2,13:30:00,33.0000,223,27.0000,華安醫學股份有限公司,30.0000,30.4500,0,TWSE,
6658.tw,13,13,9.tse.tw|17617,175.0000,0,2,176.5000,175.5000,000000,20260907,tse_6658.tw_20260907,175.5000_176.0000_176.5000_177.0000_177.5000_,175.0000_174.5000_174.0000_173.5000_173.0000_,6658,13.tse.tw|3036,20260907,14:30:00,6658.tw,1788762600000,14:30:00,1_2_3_3_3_,9_6_6_7_17_,0,000000,-,180.0000,31,12,0.0000,174.5000,聯策,178.0000,0,tse,13,13:30:00,195.5000,231,160.5000,聯策科技股份有限公司,178.0000,175.5000,0,TWSE,
6666.tw,2,2,20.tse.tw|2230388,44.8000,0,0,44.9500,44.3000,000000,20260907,tse_6666.tw_20260907,44.8500_44.9000_44.9500_45.1000_45.3000_,44.3000_44.2500_44.2000_44.1500_44.0000_,6666,13.tse.tw|3172,20260907,14:30:00,6666.tw,1788762600000,14:30:00,2_3_3_2_1_,1_1_2_1_2_,0,000000,-,45.3000,22,12,0.0000,44.0000,羅麗芬-KY,44.6500,0,tse,2,13:30:00,48.7500,57,39.9500,羅麗芬控股股份有限公司,44.3500,44.8000,0,TWSE,RR
6668.tw,81,75,9.tse.tw|17619,40.9000,0,2,40.7500,40.6000,000000,20260907,tse_6668.tw_20260907,40.9000_40.9500_41.0000_41.1000_41.2000_,40.8500_40.8000_40.7500_40.7000_40.6500_,6668,13.tse.tw|3308,20260907,14:30:00,6668.tw,1788762600000,14:30:00,11_9_21_4_1_,6_11_3_11_1_,0,000000,429,42.7500,26,12,40.7500,40.4500,中揚光,42.7500,0,tse,81,13:30:00,46.8500,1369,38.3500,中揚光電股份有限公司,42.6000,40.9000,0,TWSE,
6669.tw,207,216,9.tse.tw|17620,2500.0000,0,15,2480.0000,2475.0000,000000,20260907,tse_6669.tw_20260907,2490.0000_2495.0000_2500.0000_2505.0000_2510.0000_,2485.0000_2475.0000_2465.0000_2460.0000_2455.0000_,6669,13.tse.tw|2146,20260907,14:30:00,6669.tw,1788762600000,14:30:00,6_9_86_5_9_,1_1_1_2_2_,0,000000,21418,2545.0000,25,12,2475.0000,2390.0000,緯穎,2525.0000,0,tse,207,13:30:00,2820.0000,4426,2310.0000,緯穎科技服務股份有限公司,2565.0000,2490.0000,0,TWSE,
6670.tw,16,15,20.tse.tw|2231547,275.5000,0,0,277.0000,276.0000,000000,20260907,tse_6670.tw_20260907,276.0000_276.5000_277.0000_277.5000_278.0000_,274.0000_273.0000_272.5000_272.0000_271.5000_,6670,13.tse.tw|2283,20260907,14:30:00,6670.tw,1788762600000,14:30:00,2_2_2_2_6_,1_6_5_10_7_,0,000000,331,278.0000,37,12,276.0000,272.0000,復盛應用,278.0000,0,tse,16,13:30:00,303.0000,101,248.0000,復盛應用科技股份有限公司,275.5000,276.0000,0,TWSE,
6671.tw,-,-,20.tse.tw|2231229,-,0,0,24.0000,23.0000,000000,20260907,tse_6671.tw_20260907,23.1000_23.2000_23.3000_23.4000_23.5000_,23.0500_23.0000_22.6500_22.6000_22.5500_,6671,13.tse.tw|2420,20260907,14:30:00,6671.tw,1788762600000,14:30:00,3_5_4_3_13_,1_1_1_10_1_,0,000000,-,23.3500,38,12,0.0000,22.9500,三能-KY,23.3500,0,tse,-,13:30:00,25.5000,14,20.9000,三能集團控股股份有限公司,23.2000,-,0,TWSE,RR
6672.tw,533,495,9.tse.tw|17623,299.5000,0,22,301.0000,300.5000,000000,20260907,tse_6672.tw_20260907,300.0000_300.5000_301.0000_301.5000_302.0000_,299.5000_299.0000_298.5000_298.0000_297.5000_,6672,13.tse.tw|2557,20260907,14:30:00,6672.tw,1788762600000,14:30:00,146_15_80_11_54_,1_24_11_70_4_,0,000000,2365,309.5000,28,12,301.0000,287.0000,騰輝電子-KY,293.0000,0,tse,533,13:30:00,317.5000,14142,260.5000,騰輝電子國際集團股份有限公司,289.0000,299.5000,0,TWSE,RR
6674.tw,13,13,9.tse.tw|17624,16.5000,0,1,17.0000,16.4000,000000,20260907,tse_6674.tw_20260907,16.6000_16.6500_16.7000_16.7500_16.8000_,16.5000_16.4000_16.3500_16.3000_16.1000_,6674,13.tse.tw|2694,20260907,14:30:00,6674.tw,1788762600000,14:30:00,1_1_7_8_2_,7_1_1_2_1_,0,000000,-,17.2000,27,12,0.0000,16.1000,鋐寶科技,16.1000,0,tse,13,13:30:00,17.2000,291,14.1000,鋐寶科技股份有限公司,15.6500,16.5000,0,TWSE,
6689.tw,2,2,20.tse.tw|2231548,62.0000,0,0,62.0000,61.3000,000000,20260907,tse_6689.tw_20260907,62.0000_62.1000_62.2000_62.3000_62.4000_,61.8000_61.5000_61.2000_61.1000_61.0000_,6689,13.tse.tw|2831,20260907,14:30:00,6689.tw,1788762600000,14:30:00,2_5_2_1_3_,1_5_2_3_5_,0,000000,-,62.0000,36,12,0.0000,61.1000,伊雲谷,62.0000,0,tse,2,13:30:00,67.1000,72,54.9000,伊雲谷數位科技股份有限公司,61.0000,62.0000,0,TWSE,
6691.tw,22,22,20.tse.tw|2230571,624.0000,0,0,626.0000,624.0000,000000,20260907,tse_6691.tw_20260907,624.0000_625.0000_626.0000_627.0000_628.0000_,623.0000_622.0000_621.0000_620.0000_619.0000_,6691,13.tse.tw|2968,20260907,14:30:00,6691.tw,1788762600000,14:30:00,4_9_7_4_3_,6_7_12_16_23_,0,000000,848,630.0000,31,12,624.0000,614.0000,洋基工程,619.0000,0,tse,22,13:30:00,680.0000,513,558.0000,洋基工程股份有限公司,619.0000,624.0000,0,TWSE,
6695.tw,18,18,9.tse.tw|17627,48.6000,0,1,51.4000,48.7500,000000,20260907,tse_6695.tw_20260907,48.7000_48.7500_48.8000_48.8500_48.9500_,48.4500_48.4000_48.3500_48.3000_48.2000_,6695,13.tse.tw|3104,20260907,14:30:00,6695.tw,1788762600000,14:30:00,1_9_3_1_1_,1_7_7_2_7_,0,000000,11,49.6000,24,12,48.7500,48.4000,芯鼎,49.5000,0,tse,18,13:30:00,54.4000,324,44.5500,芯鼎科技股份有限公司,49.5000,48.6000,0,TWSE,
6698.tw,-,-,20.tse.tw|2230713,-,0,0,31.7000,31.6000,000000,20260907,tse_6698.tw_20260907,31.6000_31.6500_31.7000_31.7500_31.8000_,31.5000_31.3000_31.2500_31.2000_31.1500_,6698,13.tse.tw|3240,20260907,14:30:00,6698.tw,1788762600000,14:30:00,1_2_2_2_2_,1_4_1_1_1_,0,000000,4,32.2500,31,12,31.7000,31.1000,旭暉應材,31.5000,0,tse,-,13:30:00,34.6500,132,28.3500,旭暉應用材料股份有限公司,31.5000,-,0,TWSE,
6706.tw,83,81,9.tse.tw|17629,123.5000,0,7,124.0000,123.5000,000000,20260907,tse_6706.tw_20260907,124.0000_124.5000_125.0000_125.5000_126.0000_,123.5000_123.0000_122.5000_122.0000_121.5000_,6706,13.tse.tw|3376,20260907,14:30:00,6706.tw,1788762600000,14:30:00,22_17_14_27_12_,25_48_18_39_19_,0,000000,2101,128.5000,26,12,124.0000,123.5000,惠特,127.0000,0,tse,83,13:30:00,139.5000,1071,114.5000,惠特科技股份有限公司,127.0000,123.5000,0,TWSE,
6715.tw,31,30,9.tse.tw|17630,338.0000,0,1,340.5000,339.0000,000000,20260907,tse_6715.tw_20260907,340.0000_342.0000_343.0000_343.5000_344.0000_,339.0000_338.5000_338.0000_337.5000_336.5000_,6715,13.tse.tw|2078,20260907,14:30:00,6715.tw,1788762600000,14:30:00,2_13_1_2_3_,1_2_6_12_4_,0,000000,502,351.0000,28,12,339.0000,315.5000,嘉基,321.5000,0,tse,31,13:30:00,352.0000,1423,288.0000,嘉基科技股份有限公司,320.0000,339.0000,0,TWSE,
6719.tw,26,25,20.tse.tw|2230892,190.0000,0,0,191.0000,190.5000,000000,20260907,tse_6719.tw_20260907,190.0000_190.5000_191.0000_191.5000_192.0000_,189.5000_189.0000_188.5000_188.0000_187.5000_,6719,13.tse.tw|2215,20260907,14:30:00,6719.tw,1788762600000,14:30:00,4_3_8_13_17_,8_27_18_31_15_,0,000000,118,194.0000,24,12,191.0000,189.0000,力智,194.0000,0,tse,26,13:30:00,210.0000,323,172.0000,力智電子股份有限公司,191.0000,190.0000,0,TWSE,
6722.tw,1,1,20.tse.tw|2231232,32.9000,0,0,33.0000,32.9500,000000,20260907,tse_6722.tw_20260907,32.9000_32.9500_33.0000_33.1500_33.2500_,32.3000_32.2500_32.2000_32.1000_32.0500_,6722,13.tse.tw|2352,20260907,14:30:00,6722.tw,1788762600000,14:30:00,1_2_2_1_1_,2_1_1_2_4_,0,000000,-,33.7000,31,12,0.0000,32.3000,輝創,33.3500,0,tse,1,13:30:00,36.3500,52,29.7500,輝創電子股份有限公司,33.0500,32.9000,0,TWSE,
6742.tw,21,20,9.tse.tw|17633,44.2000,0,1,46.9000,44.8000,000000,20260907,tse_6742.tw_20260907,44.3500_44.5000_44.5500_44.6000_44.7000_,44.2000_44.1500_44.1000_44.0500_44.0000_,6742,13.tse.tw|2489,20260907,14:30:00,6742.tw,1788762600000,14:30:00,1_5_1_15_5_,2_1_7_3_26_,0,000000,1,46.6000,26,12,44.8000,44.1000,澤米,46.5000,0,tse,21,13:30:00,49.4000,348,40.5000,澤米科技股份有限公司,44.9500,44.2000,0,TWSE,
6743.tw,42,42,20.tse.tw|2231550,28.7000,0,0,28.6000,28.5000,000000,20260907,tse_6743.tw_20260907,28.7000_28.7500_28.8000_28.8500_28.9000_,28.4000_28.2500_28.2000_28.1500_28.1000_,6743,13.tse.tw|2626,20260907,14:30:00,6743.tw,1788762600000,14:30:00,9_8_21_6_4_,7_1_1_4_3_,0,000000,535,28.8500,31,12,28.6000,28.2500,安普新,28.4500,0,tse,42,13:30:00,31.4500,244,25.7500,安普新股份有限公司,28.6000,28.6500,0,TWSE,
6753.tw,21,21,9.tse.tw|17635,137.5000,0,1,138.5000,138.0000,000000,20260907,tse_6753.tw_20260907,138.0000_138.5000_139.0000_139.5000_140.0000_,137.5000_137.0000_136.5000_136.0000_135.5000_,6753,13.tse.tw|2763,20260907,14:30:00,6753.tw,1788762600000,14:30:00,4_10_36_16_22_,2_40_36_92_127_,0,000000,230,139.0000,15,12,138.5000,136.0000,龍德造船,138.0000,0,tse,21,13:30:00,151.0000,439,124.0000,龍德造船工業股份有限公司,137.5000,137.5000,0,TWSE,
6754.tw,-,-,20.tse.tw|2230391,-,0,0,0.0000,41.3000,000000,20260907,tse_6754.tw_20260907,42.7500_42.8000_42.8500_42.9000_43.0000_,42.2500_41.7000_41.6000_41.2000_41.1500_,6754,13.tse.tw|2900,20260907,14:30:00,6754.tw,1788762600000,14:30:00,3_1_3_1_2_,1_1_1_2_1_,0,000000,-,42.7500,38,12,0.0000,41.1000,匯僑設計,41.1000,0,tse,-,13:30:00,46.2000,11,37.8000,匯僑室內裝修設計股份有限公司,42.0000,-,0,TWSE,
6756.tw,7,7,20.tse.tw|2230894,99.9000,0,0,99.9000,99.4000,000000,20260907,tse_6756.tw_20260907,100.5000_101.0000_101.5000_102.0000_102.5000_,99.9000_99.8000_99.7000_99.6000_99.5000_,6756,13.tse.tw|3037,20260907,14:30:00,6756.tw,1788762600000,14:30:00,2_5_1_4_1_,18_1_2_3_1_,0,000000,43,103.5000,24,12,99.9000,99.8000,威鋒電子,103.5000,0,tse,7,13:30:00,111.5000,102,91.4000,威鋒電子股份有限公司,101.5000,99.9000,0,TWSE,
6757.tw,30,25,9.tse.tw|17638,55.5000,0,2,56.2000,56.0000,000000,20260907,tse_6757.tw_20260907,55.5000_55.6000_55.7000_55.8000_55.9000_,55.4000_55.3000_55.2000_55.1000_55.0000_,6757,13.tse.tw|3173,20260907,14:30:00,6757.tw,1788762600000,14:30:00,14_5_10_8_18_,1_2_16_10_63_,0,000000,42,56.3000,15,12,56.0000,54.9000,台灣虎航,56.3000,0,tse,30,13:30:00,61.4000,591,50.4000,台灣虎航股份有限公司,55.9000,55.5000,0,TWSE,
6768.tw,4,4,20.tse.tw|2231234,63.8000,0,0,65.8000,64.0000,000000,20260907,tse_6768.tw_20260907,63.8000_63.9000_64.0000_64.1000_64.2000_,63.7000_63.6000_63.5000_63.4000_63.3000_,6768,13.tse.tw|3309,20260907,14:30:00,6768.tw,1788762600000,14:30:00,3_4_9_4_1_,9_9_11_18_60_,0,000000,-,64.5000,37,12,0.0000,63.4000,志強-KY,64.5000,0,tse,4,13:30:00,70.5000,282,57.7000,志強國際企業股份有限公司,64.1000,63.8000,0,TWSE,RR
6770.tw,6240,5761,9.tse.tw|17640,72.8000,0,640,72.9000,72.8000,000000,20260907,tse_6770.tw_20260907,72.9000_73.0000_73.1000_73.2000_73.3000_,72.8000_72.7000_72.6000_72.5000_72.4000_,6770,13.tse.tw|2147,20260907,14:30:00,6770.tw,1788762600000,14:30:00,562_1659_707_1879_1444_,816_653_898_1421_613_,0,000000,30446,73.5000,24,12,72.8000,69.3000,力積電,70.0000,0,tse,6240,13:30:00,75.3000,239990,61.7000,力晶積成電子製造股份有限公司,68.5000,72.9000,0,TWSE,
6771.tw,3,3,20.tse.tw|2230896,41.8000,3,0,41.9500,40.5000,000000,20260907,tse_6771.tw_20260907,41.8000_42.0000_42.2000_42.2500_42.3000_,41.6000_41.4000_41.3000_41.2500_41.2000_,6771,13.tse.tw|2284,20260907,14:30:00,6771.tw,1788762600000,14:30:00,1_3_3_1_1_,1_2_2_1_1_,0,000000,-,42.2500,35,12,0.0000,41.5000,平和環保-創,42.0000,0,tse,3,13:30:00,45.9500,17,37.6500,平和環保科技股份有限公司,41.8000,41.8000,0,TWSE,
6776.tw,1,1,20.tse.tw|2231235,53.0000,0,0,53.3000,53.0000,000000,20260907,tse_6776.tw_20260907,53.0000_53.1000_53.2000_53.3000_53.4000_,52.7000_52.6000_52.5000_52.4000_52.3000_,6776,13.tse.tw|2421,20260907,14:30:00,6776.tw,1788762600000,14:30:00,9_5_5_1_6_,4_1_23_9_5_,0,000000,58,53.1000,29,12,53.3000,52.5000,展碁國際,53.0000,0,tse,1,13:30:00,58.4000,106,47.8000,展碁國際股份有限公司,53.1000,53.0000,0,TWSE,
6781.tw,36,35,20.tse.tw|2230714,1080.0000,0,0,1085.0000,1080.0000,000000,20260907,tse_6781.tw_20260907,1085.0000_1090.0000_1095.0000_1100.0000_1105.0000_,1080.0000_1075.0000_1070.0000_1065.0000_1060.0000_,6781,13.tse.tw|2558,20260907,14:30:00,6781.tw,1788762600000,14:30:00,5_10_5_5_7_,14_14_27_13_27_,0,000000,740,1135.0000,28,12,1085.0000,1075.0000,AES-KY,1135.0000,0,tse,36,13:30:00,1225.0000,435,1005.0000,ADVANCED ENERGY SOLUTION HOLDING CO.  LTD.,1115.0000,1080.0000,0,TWSE,RR
6782.tw,10,9,9.tse.tw|17644,229.5000,0,1,229.5000,229.0000,000000,20260907,tse_6782.tw_20260907,229.5000_230.0000_230.5000_231.0000_231.5000_,228.5000_227.0000_226.5000_226.0000_225.5000_,6782,13.tse.tw|2695,20260907,14:30:00,6782.tw,1788762600000,14:30:00,2_20_5_24_1_,3_2_2_20_3_,0,000000,54,230.0000,22,12,229.0000,224.5000,視陽,228.5000,0,tse,10,13:30:00,252.0000,307,207.0000,視陽光學股份有限公司,229.5000,229.0000,0,TWSE,
6789.tw,40,38,20.tse.tw|2231236,470.5000,0,0,473.0000,471.0000,000000,20260907,tse_6789.tw_20260907,471.0000_471.5000_472.0000_472.5000_473.0000_,470.5000_470.0000_469.5000_469.0000_468.5000_,6789,13.tse.tw|2832,20260907,14:30:00,6789.tw,1788762600000,14:30:00,5_2_1_1_3_,9_11_2_4_5_,0,000000,522,485.0000,24,12,471.0000,467.5000,采鈺,476.0000,0,tse,40,13:30:00,514.0000,1054,421.5000,采鈺科技股份有限公司,468.0000,471.0000,0,TWSE,
6790.tw,2,2,20.tse.tw|2230898,38.1000,0,0,38.3000,38.2000,000000,20260907,tse_6790.tw_20260907,38.1000_38.1500_38.2000_38.3000_38.3500_,38.0000_37.9500_37.9000_37.8500_37.8000_,6790,13.tse.tw|2969,20260907,14:30:00,6790.tw,1788762600000,14:30:00,4_9_17_3_14_,11_21_11_12_15_,0,000000,-,38.2000,09,12,0.0000,38.0000,永豐實,38.2000,0,tse,2,13:30:00,41.9500,61,34.3500,永豐餘消費品實業股份有限公司,38.1500,38.1000,0,TWSE,
6792.tw,2,3,20.tse.tw|2231551,60.1000,0,0,60.4000,60.2000,000000,20260907,tse_6792.tw_20260907,60.6000_60.7000_60.8000_60.9000_61.0000_,60.1000_59.6000_59.5000_59.4000_58.8000_,6792,13.tse.tw|3105,20260907,14:30:00,6792.tw,1788762600000,14:30:00,1_7_7_1_4_,1_1_1_1_3_,0,000000,-,60.8000,27,12,0.0000,58.8000,詠業,60.2000,0,tse,2,13:30:00,66.1000,45,54.1000,詠業科技股份有限公司,60.1000,60.2000,0,TWSE,
6794.tw,1,1,20.tse.tw|2231237,75.0000,0,0,75.3000,72.7000,000000,20260907,tse_6794.tw_20260907,75.0000_76.8000_77.0000_78.2000_81.0000_,73.8000_73.0000_72.6000_72.5000_72.2000_,6794,13.tse.tw|3241,20260907,14:30:00,6794.tw,1788762600000,14:30:00,3_1_1_1_1_,1_1_1_1_1_,0,000000,-,75.0000,22,12,0.0000,73.0000,向榮生技,73.7000,0,tse,1,13:30:00,81.0000,19,66.4000,向榮生醫科技股份有限公司,73.7000,75.0000,0,TWSE,
6796.tw,1,1,20.tse.tw|2231238,58.6000,0,0,58.6000,58.3000,000000,20260907,tse_6796.tw_20260907,59.0000_59.2000_59.3000_59.4000_59.5000_,58.6000_58.1000_57.9000_57.8000_57.7000_,6796,13.tse.tw|3377,20260907,14:30:00,6796.tw,1788762600000,14:30:00,1_1_1_1_1_,2_1_1_1_2_,0,000000,-,59.7000,22,12,0.0000,56.0000,晉弘,59.1000,0,tse,1,13:30:00,65.6000,223,53.8000,晉弘科技股份有限公司,59.7000,58.6000,0,TWSE,
6799.tw,3,3,20.tse.tw|2230899,79.6000,0,0,80.9000,80.1000,000000,20260907,tse_6799.tw_20260907,80.0000_80.3000_80.4000_80.5000_80.6000_,79.3000_79.2000_79.1000_79.0000_78.7000_,6799,13.tse.tw|2079,20260907,14:30:00,6799.tw,1788762600000,14:30:00,4_2_2_5_3_,1_1_4_7_1_,0,000000,2,80.8000,24,12,80.9000,79.1000,來頡,80.8000,0,tse,3,13:30:00,88.6000,109,72.6000,來頡科技股份有限公司,80.6000,79.6000,0,TWSE,
6805.tw,38,37,9.tse.tw|17651,2260.0000,0,8,2265.0000,2260.0000,000000,20260907,tse_6805.tw_20260907,2265.0000_2270.0000_2280.0000_2285.0000_2290.0000_,2245.0000_2240.0000_2235.0000_2230.0000_2225.0000_,6805,13.tse.tw|2216,20260907,14:30:00,6805.tw,1788762600000,14:30:00,15_13_1_5_4_,1_2_2_6_3_,0,000000,719,2265.0000,28,12,2260.0000,2210.0000,富世達,2260.0000,2,tse,38,13:30:00,2420.0000,479,1980.0000,富世達股份有限公司,2200.0000,2265.0000,0,TWSE,
6807.tw,2,2,20.tse.tw|2231553,33.7500,0,0,0.0000,33.2000,000000,20260907,tse_6807.tw_20260907,33.7500_33.8000_34.0000_35.2500_35.7500_,33.1000_32.4000_32.2000_32.1500_32.1000_,6807,13.tse.tw|2353,20260907,14:30:00,6807.tw,1788762600000,14:30:00,1_1_1_2_1_,1_1_3_2_2_,0,000000,-,33.7500,38,12,0.0000,32.2000,峰源-KY,33.1000,0,tse,2,13:30:00,36.0000,27,29.5000,峰源集團股份有限公司,32.7500,33.7500,0,TWSE,RR
6830.tw,95,94,9.tse.tw|17653,582.0000,0,6,585.0000,584.0000,000000,20260907,tse_6830.tw_20260907,584.0000_585.0000_587.0000_588.0000_589.0000_,582.0000_581.0000_580.0000_579.0000_578.0000_,6830,13.tse.tw|2490,20260907,14:30:00,6830.tw,1788762600000,14:30:00,7_3_3_6_2_,22_10_12_3_1_,0,000000,1378,613.0000,31,12,585.0000,580.0000,汎銓,609.0000,0,tse,95,13:30:00,656.0000,1463,538.0000,汎銓科技股份有限公司,597.0000,582.0000,0,TWSE,
6831.tw,60,60,9.tse.tw|17654,568.0000,0,4,590.0000,575.0000,000000,20260907,tse_6831.tw_20260907,570.0000_571.0000_572.0000_573.0000_574.0000_,568.0000_567.0000_566.0000_565.0000_564.0000_,6831,13.tse.tw|2627,20260907,14:30:00,6831.tw,1788762600000,14:30:00,3_1_4_1_4_,12_2_5_13_2_,0,000000,267,617.0000,25,12,575.0000,568.0000,邁科,617.0000,0,tse,60,13:30:00,665.0000,1193,545.0000,邁(艸科)科技股份有限公司,605.0000,568.0000,0,TWSE,
6834.tw,220,215,9.tse.tw|17655,97.0000,0,15,96.9000,96.6000,000000,20260907,tse_6834.tw_20260907,97.1000_97.4000_97.5000_97.6000_97.7000_,97.0000_96.9000_96.8000_96.7000_96.6000_,6834,13.tse.tw|2764,20260907,14:30:00,6834.tw,1788762600000,14:30:00,1_2_3_11_2_,5_5_4_3_6_,0,000000,680,99.5000,28,12,96.9000,94.2000,天二科技,95.0000,0,tse,220,13:30:00,103.0000,5465,84.6000,天二科技股份有限公司,94.0000,97.0000,0,TWSE,
6835.tw,-,-,20.tse.tw|2231239,-,0,0,31.4000,30.3000,000000,20260907,tse_6835.tw_20260907,31.3000_31.3500_31.4500_31.5000_31.6500_,31.1000_30.7000_30.6500_30.6000_30.5500_,6835,13.tse.tw|2901,20260907,14:30:00,6835.tw,1788762600000,14:30:00,2_2_3_17_1_,1_1_1_2_1_,0,000000,-,31.5000,28,12,0.0000,31.0000,圓裕,31.1000,0,tse,-,13:30:00,34.1000,19,27.9000,圓裕企業股份有限公司,31.0000,-,0,TWSE,
6838.tw,2,2,20.tse.tw|2231240,24.7000,0,0,24.5000,24.4000,000000,20260907,tse_6838.tw_20260907,24.7000_24.7500_24.8000_24.8500_24.9000_,24.4000_24.3000_24.2500_24.2000_24.1500_,6838,13.tse.tw|3038,20260907,14:30:00,6838.tw,1788762600000,14:30:00,3_1_24_14_2_,2_2_4_5_4_,0,000000,250,24.8500,22,12,24.5000,24.2000,台新藥,24.8500,0,tse,2,13:30:00,27.1000,130,22.2000,台新藥股份有限公司,24.6500,24.7000,0,TWSE,
6854.tw,8,8,20.tse.tw|2230716,95.1000,3,0,100.0000,95.1000,000000,20260907,tse_6854.tw_20260907,95.2000_95.4000_95.5000_95.6000_95.8000_,95.0000_94.9000_94.5000_94.4000_94.3000_,6854,13.tse.tw|3174,20260907,14:30:00,6854.tw,1788762600000,14:30:00,8_1_1_1_1_,1_1_1_1_1_,0,000000,-,95.1000,24,12,0.0000,92.2000,錼創科技-KY創,93.3000,0,tse,8,13:30:00,102.0000,188,83.6000,錼創科技股份有限公司,92.8000,95.1000,0,TWSE,RR
6861.tw,7,7,20.tse.tw|2230572,186.5000,0,0,186.0000,185.0000,000000,20260907,tse_6861.tw_20260907,186.5000_187.0000_187.5000_188.0000_188.5000_,185.0000_184.5000_184.0000_183.5000_183.0000_,6861,13.tse.tw|3310,20260907,14:30:00,6861.tw,1788762600000,14:30:00,1_3_10_6_4_,5_1_1_2_7_,0,000000,423,187.5000,22,12,186.0000,181.0000,睿生光電,187.0000,0,tse,7,13:30:00,201.0000,243,165.0000,睿生光電股份有限公司,183.0000,186.5000,0,TWSE,
6862.tw,10,10,20.tse.tw|2230901,140.5000,0,0,142.0000,141.5000,000000,20260907,tse_6862.tw_20260907,141.0000_141.5000_142.0000_142.5000_143.0000_,140.5000_140.0000_139.5000_139.0000_138.5000_,6862,13.tse.tw|2148,20260907,14:30:00,6862.tw,1788762600000,14:30:00,1_4_7_4_26_,1_13_2_6_4_,0,000000,-,142.5000,28,12,0.0000,140.0000,三集瑞-KY,142.0000,0,tse,10,13:30:00,154.0000,110,126.0000,三集瑞科技國際集團股份有限公司,140.0000,140.5000,0,TWSE,RR
6863.tw,1,1,9.tse.tw|17661,103.5000,0,1,104.0000,103.5000,000000,20260907,tse_6863.tw_20260907,104.0000_104.5000_105.0000_105.5000_106.0000_,103.5000_103.0000_102.5000_102.0000_101.5000_,6863,13.tse.tw|2285,20260907,14:30:00,6863.tw,1788762600000,14:30:00,3_4_4_4_5_,2_12_4_11_17_,0,000000,11,105.0000,27,12,103.5000,103.0000,永道-KY,105.0000,0,tse,1,13:30:00,114.5000,59,94.1000,英屬開曼群島永道射頻技術股份有限公司,104.5000,103.5000,0,TWSE,RR
6869.tw,11,7,20.tse.tw|2230902,64.9000,0,0,65.7000,65.0000,000000,20260907,tse_6869.tw_20260907,65.0000_65.1000_65.2000_65.3000_65.4000_,64.9000_64.8000_64.7000_64.6000_64.5000_,6869,13.tse.tw|2422,20260907,14:30:00,6869.tw,1788762600000,14:30:00,5_1_1_1_2_,1_15_1_6_33_,0,000000,-,65.3000,35,12,0.0000,64.6000,雲豹能源,65.3000,0,tse,11,13:30:00,70.9000,203,58.1000,雲豹能源科技股份有限公司,64.5000,65.0000,0,TWSE,
6873.tw,4,2,20.tse.tw|2231241,68.5000,0,0,68.2000,66.2000,000000,20260907,tse_6873.tw_20260907,68.6000_68.7000_68.8000_68.9000_69.0000_,68.4000_68.3000_68.2000_68.1000_68.0000_,6873,13.tse.tw|2559,20260907,14:30:00,6873.tw,1788762600000,14:30:00,11_5_4_3_6_,1_2_1_4_5_,0,000000,699,68.7000,35,12,68.2000,68.1000,泓德能源,68.5000,0,tse,4,13:30:00,74.9000,106,61.3000,泓德能源科技股份有限公司,68.1000,68.6000,0,TWSE,
6885.tw,77,77,20.tse.tw|2231555,25.1500,0,0,25.7000,25.6500,000000,20260907,tse_6885.tw_20260907,25.3000_25.3500_25.4000_25.4500_25.5000_,25.1500_25.1000_25.0500_25.0000_24.9500_,6885,13.tse.tw|2696,20260907,14:30:00,6885.tw,1788762600000,14:30:00,6_6_21_8_2_,3_10_13_49_3_,0,000000,36,25.9000,22,12,25.7000,24.0000,全福生技,24.3500,0,tse,77,13:30:00,26.5000,1281,21.7000,全福生物科技股份有限公司,24.1000,25.1500,0,TWSE,
6887.tw,-,-,20.tse.tw|2231242,-,0,0,0.0000,36.8000,000000,20260907,tse_6887.tw_20260907,37.9500_38.8500_38.9000_39.5000_40.0000_,37.6000_37.5500_37.1500_37.1000_37.0500_,6887,13.tse.tw|2833,20260907,14:30:00,6887.tw,1788762600000,14:30:00,1_3_2_1_2_,1_1_1_1_1_,0,000000,-,37.9500,35,12,0.0000,36.8000,寶綠特-KY,37.9500,0,tse,-,13:30:00,41.8500,15,34.2500,寶綠特資源再生工程股份有限公司,38.0500,-,0,TWSE,RR
6890.tw,20,20,9.tse.tw|17666,166.0000,0,1,173.0000,167.5000,000000,20260907,tse_6890.tw_20260907,167.0000_167.5000_168.0000_168.5000_169.0000_,166.0000_165.5000_165.0000_164.5000_164.0000_,6890,13.tse.tw|2970,20260907,14:30:00,6890.tw,1788762600000,14:30:00,5_5_6_4_4_,6_21_31_17_8_,0,000000,146,170.0000,37,12,167.5000,165.5000,來億-KY,170.0000,0,tse,20,13:30:00,186.0000,259,153.0000,來億興業股份有限公司,169.5000,166.0000,0,TWSE,RR
6901.tw,49,49,20.tse.tw|2230718,14.9500,0,0,15.0500,14.9500,000000,20260907,tse_6901.tw_20260907,14.9500_15.0000_15.0500_15.1000_15.1500_,14.9000_14.8500_14.8000_14.7500_14.7000_,6901,13.tse.tw|3106,20260907,14:30:00,6901.tw,1788762600000,14:30:00,22_59_22_7_1_,1_12_19_46_88_,0,000000,650,15.1000,20,12,15.0500,14.7000,鑽石投資,15.1000,0,tse,49,13:30:00,16.4000,1129,13.5000,鑽石生技投資股份有限公司,14.9500,14.9500,0,TWSE,
6902.tw,4,4,20.tse.tw|2231243,126.0000,0,0,126.5000,126.0000,000000,20260907,tse_6902.tw_20260907,126.0000_126.5000_127.5000_128.0000_129.0000_,125.5000_125.0000_124.0000_123.5000_123.0000_,6902,13.tse.tw|3242,20260907,14:30:00,6902.tw,1788762600000,14:30:00,7_3_1_5_1_,1_2_2_3_1_,0,000000,-,126.0000,36,12,0.0000,122.5000,GOGOLOOK,124.5000,0,tse,4,13:30:00,137.5000,80,112.5000,走著瞧股份有限公司,125.0000,126.0000,0,TWSE,
6906.tw,4,4,9.tse.tw|17669,86.5000,0,1,87.0000,86.5000,000000,20260907,tse_6906.tw_20260907,86.6000_87.1000_88.0000_88.2000_88.3000_,86.5000_85.8000_85.7000_85.6000_85.3000_,6906,13.tse.tw|3378,20260907,14:30:00,6906.tw,1788762600000,14:30:00,1_1_3_4_1_,5_1_1_22_5_,0,000000,337,88.7000,36,12,87.0000,82.7000,現觀科,83.8000,0,tse,4,13:30:00,92.7000,446,75.9000,現觀科技股份有限公司,84.3000,86.5000,0,TWSE,
6908.tw,1,1,20.tse.tw|2230905,30.1000,3,0,33.1000,27.1000,000000,20260907,tse_6908.tw_20260907,30.2000_30.2500_30.4500_30.5000_31.3500_,30.0500_30.0000_29.8500_29.8000_29.6500_,6908,13.tse.tw|2080,20260907,14:30:00,6908.tw,1788762600000,14:30:00,1_2_3_6_1_,2_1_1_6_1_,0,000000,-,30.4500,29,12,0.0000,30.1000,宏碁遊戲-創,30.1000,0,tse,1,13:30:00,33.1000,20,27.1000,宏碁遊戲股份有限公司,30.1000,30.1000,0,TWSE,
6909.tw,3,2,9.tse.tw|17671,40.1500,0,1,41.7000,40.1000,000000,20260907,tse_6909.tw_20260907,40.1500_40.3500_40.4500_40.5000_40.6000_,40.0500_40.0000_39.9500_39.9000_39.8500_,6909,13.tse.tw|2217,20260907,14:30:00,6909.tw,1788762600000,14:30:00,1_1_2_1_1_,18_14_2_2_2_,0,000000,-,40.4000,24,12,0.0000,40.0500,創控,40.3500,0,tse,3,13:30:00,44.7500,146,36.6500,創控科技股份有限公司,40.7000,40.1000,0,TWSE,
6914.tw,2,2,20.tse.tw|2231245,121.0000,0,0,122.5000,121.5000,000000,20260907,tse_6914.tw_20260907,121.5000_122.0000_122.5000_123.0000_123.5000_,120.5000_120.0000_119.5000_119.0000_118.0000_,6914,13.tse.tw|2354,20260907,14:30:00,6914.tw,1788762600000,14:30:00,5_2_2_2_1_,8_35_16_8_7_,0,000000,1,121.5000,20,12,122.5000,120.5000,阜爾運通,121.5000,0,tse,2,13:30:00,133.0000,53,109.0000,阜爾運通股份有限公司,121.0000,121.0000,0,TWSE,
6916.tw,3,3,20.tse.tw|2231556,18.5500,0,0,18.6500,18.2500,000000,20260907,tse_6916.tw_20260907,18.9000_18.9500_19.0000_19.0500_19.2000_,18.5500_18.5000_18.4500_18.3500_18.3000_,6916,13.tse.tw|2491,20260907,14:30:00,6916.tw,1788762600000,14:30:00,3_5_5_3_6_,2_12_1_1_1_,0,000000,-,19.2000,26,12,0.0000,18.5500,華凌,19.2000,0,tse,3,13:30:00,20.5500,13,16.8500,華凌光電股份有限公司,18.7000,18.5500,0,TWSE,
6918.tw,-,-,20.tse.tw|2230906,-,0,0,79.8000,78.7000,000000,20260907,tse_6918.tw_20260907,77.7000_78.0000_78.2000_78.3000_78.5000_,77.5000_77.4000_77.3000_77.1000_76.9000_,6918,13.tse.tw|2628,20260907,14:30:00,6918.tw,1788762600000,14:30:00,1_6_1_1_3_,1_3_1_1_3_,0,000000,16,78.0000,22,12,78.7000,77.0000,愛派司,77.7000,0,tse,-,13:30:00,85.5000,18,70.1000,愛派司生技股份有限公司,77.8000,-,0,TWSE,
6919.tw,311,311,9.tse.tw|17675,85.2000,0,12,85.9000,85.8000,000000,20260907,tse_6919.tw_20260907,85.3000_85.4000_85.6000_85.7000_85.8000_,85.2000_85.1000_85.0000_84.9000_84.8000_,6919,13.tse.tw|2765,20260907,14:30:00,6919.tw,1788762600000,14:30:00,4_36_109_72_9_,104_154_231_164_77_,0,000000,975,86.4000,22,12,85.9000,85.1000,康霈*,86.0000,0,tse,311,13:30:00,95.0000,4256,77.8000,康霈生技股份有限公司,86.4000,85.2000,0,TWSE,
6921.tw,2,2,20.tse.tw|2231557,64.0000,3,0,0.0000,64.0000,000000,20260907,tse_6921.tw_20260907,64.5000_65.0000_69.8000_69.9000_,63.0000_62.3000_61.5000_61.3000_61.2000_,6921,13.tse.tw|2902,20260907,14:30:00,6921.tw,1788762600000,14:30:00,1_20_3_3_,1_2_1_1_1_,0,000000,-,65.0000,24,12,0.0000,64.0000,嘉雨思-創,64.0000,0,tse,2,13:30:00,69.9000,38,57.3000,嘉雨思科技股份有限公司,63.6000,64.0000,0,TWSE,
6923.tw,3,3,20.tse.tw|2231558,76.6000,0,0,76.9000,76.6000,000000,20260907,tse_6923.tw_20260907,76.6000_76.7000_76.8000_77.0000_77.1000_,76.3000_76.0000_75.8000_75.7000_75.6000_,6923,13.tse.tw|3039,20260907,14:30:00,6923.tw,1788762600000,14:30:00,1_1_6_5_2_,1_1_2_1_3_,0,000000,-,76.7000,35,12,0.0000,75.5000,中台,76.5000,0,tse,3,13:30:00,82.8000,33,67.8000,中台資源科技股份有限公司,75.3000,76.6000,0,TWSE,
6924.tw,187,179,20.tse.tw|2231559,125.5000,3,0,125.5000,121.5000,000000,20260907,tse_6924.tw_20260907,125.0000_127.0000_128.0000_128.5000_129.0000_,120.0000_119.0000_118.0000_117.0000_116.5000_,6924,13.tse.tw|3175,20260907,14:30:00,6924.tw,1788762600000,14:30:00,2_1_1_1_1_,3_2_3_1_1_,0,000000,-,125.0000,28,12,0.0000,119.0000,榮惠-KY創,123.5000,0,tse,187,13:30:00,135.0000,219,111.0000,榮惠集團(開曼)股份有限公司,123.0000,125.0000,0,TWSE,RR
6928.tw,28,26,20.tse.tw|2230907,47.9500,0,0,48.8000,48.0500,000000,20260907,tse_6928.tw_20260907,48.7000_48.8000_48.9500_49.0000_49.0500_,47.9000_47.8000_47.7000_47.2000_47.0000_,6928,13.tse.tw|3311,20260907,14:30:00,6928.tw,1788762600000,14:30:00,1_4_5_4_1_,2_5_3_1_1_,0,000000,13,48.8000,25,12,48.0500,47.8500,攸泰科技,48.8000,0,tse,28,13:30:00,53.3000,100,43.6500,攸泰科技股份有限公司,48.5000,47.9000,0,TWSE,
6931.tw,4,4,20.tse.tw|2231246,41.0000,0,0,0.0000,41.0000,000000,20260907,tse_6931.tw_20260907,41.0000_41.0500_41.1000_41.1500_41.5000_,40.8500_40.7500_40.7000_40.6000_40.5500_,6931,13.tse.tw|2149,20260907,14:30:00,6931.tw,1788762600000,14:30:00,11_5_4_3_1_,1_1_2_1_3_,0,000000,155,41.0000,22,12,41.0000,40.6500,青松健康,41.0000,0,tse,4,13:30:00,45.1000,26,36.9000,青松健康股份有限公司,41.0000,41.0000,0,TWSE,
6933.tw,23,23,9.tse.tw|17681,313.0000,0,4,314.0000,313.5000,000000,20260907,tse_6933.tw_20260907,313.5000_314.0000_316.0000_317.0000_318.0000_,313.0000_312.5000_312.0000_311.5000_309.5000_,6933,13.tse.tw|2286,20260907,14:30:00,6933.tw,1788762600000,14:30:00,1_2_1_2_3_,4_1_2_1_2_,0,000000,789,319.0000,25,12,314.0000,307.5000,AMAX-KY,319.0000,5,tse,23,13:30:00,348.5000,384,285.5000,艾瑪斯科技控股股份有限公司,317.0000,313.0000,0,TWSE,RR
6934.tw,2,2,20.tse.tw|2232144,77.6000,0,0,77.6000,77.1000,000000,20260907,tse_6934.tw_20260907,77.8000_78.0000_78.5000_78.7000_78.8000_,77.6000_76.3000_74.9000_74.8000_74.5000_,6934,13.tse.tw|2423,20260907,14:30:00,6934.tw,1788762600000,14:30:00,1_7_7_1_1_,1_1_2_1_3_,0,000000,-,78.8000,22,12,0.0000,72.8000,心誠鎂,75.8000,0,tse,2,13:33:00,79.8000,90,65.4000,心誠鎂行動醫電股份有限公司,72.6000,77.6000,0,TWSE,
6936.tw,1,1,20.tse.tw|2231560,32.9000,0,0,33.0000,32.8500,000000,20260907,tse_6936.tw_20260907,32.9000_33.0000_33.0500_33.1000_33.3000_,32.5500_32.5000_32.4000_32.3500_32.0500_,6936,13.tse.tw|2560,20260907,14:30:00,6936.tw,1788762600000,14:30:00,3_6_3_2_1_,1_1_1_1_1_,0,000000,105,33.1000,22,12,33.0000,32.8000,永鴻生技,32.8000,0,tse,1,13:30:00,36.0500,12,29.5500,永鴻國際生技股份有限公司,32.8000,32.9000,0,TWSE,
6937.tw,8,7,9.tse.tw|17684,286.5000,0,2,296.0000,295.5000,000000,20260907,tse_6937.tw_20260907,287.5000_288.0000_288.5000_289.0000_290.0000_,286.5000_284.0000_283.5000_283.0000_282.5000_,6937,13.tse.tw|2697,20260907,14:30:00,6937.tw,1788762600000,14:30:00,2_6_5_3_6_,1_4_1_4_1_,0,000000,103,288.5000,24,12,295.5000,279.0000,天虹,285.5000,0,tse,8,13:30:00,311.0000,261,255.0000,天虹科技股份有限公司,283.0000,286.5000,0,TWSE,
6944.tw,21,21,20.tse.tw|2230392,719.0000,0,0,725.0000,722.0000,000000,20260907,tse_6944.tw_20260907,721.0000_722.0000_723.0000_724.0000_726.0000_,719.0000_718.0000_717.0000_716.0000_715.0000_,6944,13.tse.tw|2834,20260907,14:30:00,6944.tw,1788762600000,14:30:00,1_2_1_3_7_,3_2_3_5_4_,0,000000,580,733.0000,35,12,722.0000,699.0000,兆聯實業,699.0000,0,tse,21,13:30:00,765.0000,547,627.0000,兆聯實業股份有限公司,696.0000,719.0000,0,TWSE,
6947.tw,6,5,20.tse.tw|2230574,69.3000,0,0,0.0000,70.0000,000000,20260907,tse_6947.tw_20260907,69.3000_69.4000_69.5000_69.7000_69.8000_,69.2000_69.1000_69.0000_68.9000_68.8000_,6947,13.tse.tw|2971,20260907,14:30:00,6947.tw,1788762600000,14:30:00,1_1_1_3_4_,5_10_26_1_6_,0,000000,-,70.8000,35,12,0.0000,69.1000,台鎔科技,70.8000,0,tse,6,13:30:00,76.7000,156,62.9000,台鎔科技材料股份有限公司,69.8000,69.3000,0,TWSE,
6949.tw,52,52,9.tse.tw|17687,67.1000,3,117,67.1000,0.0000,000000,20260907,tse_6949.tw_20260907,67.1000_67.3000_67.8000_68.0000_68.3000_,-,6949,13.tse.tw|3107,20260907,14:30:00,6949.tw,1788762600000,14:30:00,5005_1_2_1_17_,-,0,000000,5655,81.9000,22,12,67.1000,67.1000,沛爾生醫*-創,81.9000,0,tse,52,13:30:00,81.9000,24222,67.1000,沛爾生技醫藥股份有限公司,74.5000,67.1000,0,TWSE,
6951.tw,-,-,20.tse.tw|2230575,-,3,0,72.2000,71.0000,000000,20260907,tse_6951.tw_20260907,71.3000_71.5000_72.1000_72.3000_76.6000_,71.2000_71.1000_71.0000_70.9000_70.8000_,6951,13.tse.tw|3243,20260907,14:30:00,6951.tw,1788762600000,14:30:00,2_2_3_1_3_,1_1_4_2_3_,0,000000,739,71.3000,35,12,71.0000,71.0000,青新-創,71.1000,0,tse,-,13:30:00,78.1000,22,63.9000,青新環境工程股份有限公司,71.0000,-,0,TWSE,
6952.tw,-,-,20.tse.tw|2230576,-,0,0,39.4000,38.4000,000000,20260907,tse_6952.tw_20260907,39.3000_39.5000_39.5500_39.6000_39.7000_,38.1000_38.0000_37.9000_37.6000_37.1500_,6952,13.tse.tw|3379,20260907,14:30:00,6952.tw,1788762600000,14:30:00,4_1_2_2_1_,1_2_1_2_5_,0,000000,-,39.3500,20,12,0.0000,38.0000,大武山,38.5000,0,tse,-,13:30:00,42.0000,22,34.4000,大武山牧場科技股份有限公司,38.2000,-,0,TWSE,
6955.tw,2,2,20.tse.tw|2230393,100.0000,3,0,100.5000,0.0000,000000,20260907,tse_6955.tw_20260907,100.0000_105.0000_,98.5000_98.0000_97.7000_95.0000_90.0000_,6955,13.tse.tw|2081,20260907,14:30:00,6955.tw,1788762600000,14:30:00,1_2_,1_4_1_1_1_,0,000000,-,100.5000,22,12,0.0000,99.0000,邦睿生技-創,100.0000,0,tse,2,13:30:00,110.0000,25,90.0000,邦睿生技股份有限公司,100.0000,100.0000,0,TWSE,
6957.tw,2,2,20.tse.tw|2230394,221.0000,0,0,222.0000,221.0000,000000,20260907,tse_6957.tw_20260907,221.0000_223.0000_223.5000_224.0000_226.0000_,220.0000_219.0000_218.5000_218.0000_217.5000_,6957,13.tse.tw|2218,20260907,14:30:00,6957.tw,1788762600000,14:30:00,2_1_1_2_2_,2_2_2_6_6_,0,000000,-,222.5000,20,12,0.0000,218.5000,裕慶-KY,219.5000,0,tse,2,13:30:00,241.0000,54,198.0000,英屬開曼群島商裕慶金屬股份有限公司,219.5000,221.0000,0,TWSE,RR
6958.tw,-,-,20.tse.tw|2231561,-,0,0,17.4500,17.2500,000000,20260907,tse_6958.tw_20260907,17.4500_17.5000_17.5500_17.6500_17.7000_,17.4000_17.2500_17.2000_17.1500_17.1000_,6958,13.tse.tw|2355,20260907,14:30:00,6958.tw,1788762600000,14:30:00,2_5_4_2_5_,1_1_1_2_2_,0,000000,83,17.6000,20,12,17.4500,17.1000,日盛台駿,17.4000,0,tse,-,13:30:00,19.0500,26,15.6500,日盛台駿國際租賃股份有限公司,17.3500,-,0,TWSE,
6962.tw,82,82,9.tse.tw|17694,31.8000,0,4,32.1500,31.9500,000000,20260907,tse_6962.tw_20260907,31.8500_31.9000_31.9500_32.0000_32.0500_,31.8000_31.7500_31.7000_31.6500_31.6000_,6962,13.tse.tw|2629,20260907,14:30:00,6962.tw,1788762600000,14:30:00,10_7_5_22_8_,52_20_30_34_19_,0,000000,202,32.4000,24,12,31.9500,31.8000,奕力-KY,32.3000,0,tse,82,13:30:00,35.1000,1013,28.8000,奕力科技(開曼)股份有限公司,31.9500,31.8000,0,TWSE,RR
6965.tw,10,10,20.tse.tw|2231248,74.8000,0,0,75.0000,73.8000,000000,20260907,tse_6965.tw_20260907,75.0000_75.1000_75.3000_75.5000_76.1000_,73.8000_73.2000_73.1000_72.7000_72.4000_,6965,13.tse.tw|2766,20260907,14:30:00,6965.tw,1788762600000,14:30:00,3_3_2_1_1_,1_2_2_13_1_,0,000000,-,75.1000,37,12,0.0000,73.4000,中傑-KY,75.1000,0,tse,10,13:30:00,81.1000,26,66.5000,英屬開曼群島商中傑投資控股股份有限公司,73.8000,74.8000,0,TWSE,RR
6969.tw,1,1,20.tse.tw|2230396,33.8000,3,0,33.5000,33.4500,000000,20260907,tse_6969.tw_20260907,34.1000_34.1500_34.2000_34.5500_35.0000_,33.6500_33.5000_33.4000_33.0000_32.8000_,6969,13.tse.tw|2903,20260907,14:30:00,6969.tw,1788762600000,14:30:00,5_7_1_1_14_,1_1_11_12_1_,0,000000,100,34.1000,35,12,33.5000,33.4000,成信實業*-創,33.5000,0,tse,1,13:30:00,36.7000,61,30.1000,成信實業股份有限公司,33.4000,33.8000,0,TWSE,
6988.tw,-,-,20.tse.tw|2231249,-,3,0,0.0000,11.8500,000000,20260907,tse_6988.tw_20260907,12.3000_12.3500_12.4500_12.7500_12.9500_,12.1000_12.0000_11.9500_11.8000_11.5000_,6988,13.tse.tw|3040,20260907,14:30:00,6988.tw,1788762600000,14:30:00,2_2_6_3_10_,2_1_20_5_5_,0,000000,-,12.2500,12,12,0.0000,11.8000,威力暘-創,11.8500,0,tse,-,13:30:00,13.0000,17,10.7000,威力暘電子股份有限公司,11.8500,-,0,TWSE,
6994.tw,8,8,20.tse.tw|2231562,35.5000,0,0,36.4000,35.5000,000000,20260907,tse_6994.tw_20260907,35.5000_35.5500_35.6000_35.6500_35.7000_,35.4000_35.3000_35.2500_35.2000_35.1500_,6994,13.tse.tw|3176,20260907,14:30:00,6994.tw,1788762600000,14:30:00,5_5_11_1_12_,3_6_4_42_21_,0,000000,1,35.8000,35,12,35.5000,35.1500,富威電力,35.3500,0,tse,8,13:30:00,38.7000,381,31.7000,富威電力股份有限公司,35.2000,35.5000,0,TWSE,
7610.tw,-,-,9.tse.tw|17699,-,3,1,0.0000,2000.0000,000000,20260907,tse_7610.tw_20260907,-,2000.0000_1995.0000_1990.0000_1985.0000_1980.0000_,7610,13.tse.tw|3312,20260907,14:30:00,7610.tw,1788762600000,14:30:00,-,308_4_5_4_3_,0,000000,2845,2000.0000,35,12,2000.0000,2000.0000,聯友金屬-創,2000.0000,1,tse,-,13:30:00,2000.0000,274,1640.0000,聯友金屬科技股份有限公司,1820.0000,-,0,TWSE,
7631.tw,1,1,20.tse.tw|2230719,145.5000,3,0,146.0000,143.5000,000000,20260907,tse_7631.tw_20260907,146.0000_146.5000_147.0000_147.5000_148.0000_,145.0000_144.5000_144.0000_143.5000_141.0000_,7631,13.tse.tw|2150,20260907,14:30:00,7631.tw,1788762600000,14:30:00,7_1_1_1_8_,4_2_1_5_2_,0,000000,-,146.5000,31,12,0.0000,145.0000,聚賢研發-創,146.5000,0,tse,1,13:30:00,160.5000,17,131.5000,聚賢研發股份有限公司,146.0000,145.5000,0,TWSE,
7689.tw,14,14,9.tse.tw|17701,174.0000,0,1,172.0000,165.0000,000000,20260907,tse_7689.tw_20260907,174.0000_174.5000_175.0000_175.5000_176.0000_,172.5000_172.0000_171.5000_171.0000_170.5000_,7689,13.tse.tw|2287,20260907,14:30:00,7689.tw,1788762600000,14:30:00,4_4_11_5_4_,4_3_3_3_2_,0,000000,211,174.0000,27,12,172.0000,172.0000,大鵬科CLMX,174.0000,0,tse,14,13:30:00,189.5000,42,155.5000,大鵬科技股份有限公司,172.5000,174.0000,0,TWSE,
7705.tw,-,-,20.tse.tw|2231565,-,0,0,31.5000,29.9000,000000,20260907,tse_7705.tw_20260907,29.8000_29.8500_29.9000_29.9500_30.0000_,29.7500_29.6500_29.6000_29.5500_29.5000_,7705,13.tse.tw|2424,20260907,14:30:00,7705.tw,1788762600000,14:30:00,1_1_5_1_2_,1_1_1_8_35_,0,000000,43,30.0000,16,12,29.9000,29.6000,三商餐飲,30.0000,0,tse,-,13:30:00,32.8000,66,26.9000,三商餐飲股份有限公司,29.8500,-,0,TWSE,
7711.tw,88,89,9.tse.tw|17703,660.0000,0,1,660.0000,658.0000,000000,20260907,tse_7711.tw_20260907,660.0000_661.0000_662.0000_663.0000_665.0000_,659.0000_658.0000_657.0000_656.0000_655.0000_,7711,13.tse.tw|2561,20260907,14:30:00,7711.tw,1788762600000,14:30:00,7_2_3_10_9_,6_5_7_9_8_,0,000000,752,675.0000,25,12,658.0000,621.0000,永擎,645.0000,1,tse,88,13:30:00,695.0000,2788,569.0000,永擎電子股份有限公司,632.0000,660.0000,0,TWSE,
7721.tw,1,1,20.tse.tw|2231251,61.1000,0,0,0.0000,61.2000,000000,20260907,tse_7721.tw_20260907,61.7000_62.3000_62.4000_62.5000_62.7000_,61.1000_60.9000_60.8000_60.7000_60.6000_,7721,13.tse.tw|2698,20260907,14:30:00,7721.tw,1788762600000,14:30:00,1_1_1_2_2_,1_1_2_2_2_,0,000000,-,62.0000,36,12,0.0000,60.7000,微程式,61.1000,0,tse,1,13:30:00,66.9000,60,54.9000,微程式資訊股份有限公司,60.9000,61.1000,0,TWSE,
7722.tw,4,4,20.tse.tw|2231566,279.0000,0,0,287.0000,280.5000,000000,20260907,tse_7722.tw_20260907,281.5000_282.0000_283.0000_283.5000_284.0000_,279.0000_278.0000_277.5000_277.0000_276.5000_,7722,13.tse.tw|2835,20260907,14:30:00,7722.tw,1788762600000,14:30:00,1_1_3_2_2_,6_4_1_8_1_,0,000000,85,285.5000,36,12,280.5000,274.0000,LINEPAY,285.5000,0,tse,4,13:30:00,308.0000,107,252.0000,連加網路商業股份有限公司,280.0000,279.0000,0,TWSE,
7730.tw,2,2,20.tse.tw|2231252,180.5000,3,0,185.0000,179.5000,000000,20260907,tse_7730.tw_20260907,180.5000_181.0000_182.5000_183.0000_184.0000_,180.0000_179.5000_179.0000_178.5000_178.0000_,7730,13.tse.tw|2972,20260907,14:30:00,7730.tw,1788762600000,14:30:00,3_1_3_6_4_,1_1_1_2_1_,0,000000,-,185.0000,24,12,0.0000,173.0000,暉盛-創,179.5000,0,tse,2,13:30:00,205.0000,194,168.0000,暉盛科技股份有限公司,186.5000,180.5000,0,TWSE,
7732.tw,-,-,20.tse.tw|2231253,-,0,0,35.0000,34.8500,000000,20260907,tse_7732.tw_20260907,34.8500_35.0500_35.5000_35.6000_35.7000_,34.3500_33.7500_33.5500_33.0000_32.6500_,7732,13.tse.tw|3108,20260907,14:30:00,7732.tw,1788762600000,14:30:00,2_2_2_20_2_,1_1_3_1_1_,0,000000,-,34.8500,12,12,0.0000,33.5500,金興精密,33.5500,0,tse,-,13:30:00,36.9000,10,30.2000,金興精密工業股份有限公司,33.5500,-,0,TWSE,
7736.tw,-,-,20.tse.tw|2231567,-,0,0,69.9000,68.3000,000000,20260907,tse_7736.tw_20260907,69.5000_69.6000_69.7000_69.9000_70.3000_,69.1000_68.7000_68.6000_68.5000_68.4000_,7736,13.tse.tw|3244,20260907,14:30:00,7736.tw,1788762600000,14:30:00,2_2_2_1_2_,1_10_1_2_1_,0,000000,-,69.8000,12,12,0.0000,68.7000,虎山,69.8000,0,tse,-,13:30:00,76.3000,12,62.5000,虎山實業股份有限公司,69.4000,-,0,TWSE,
7740.tw,6,5,20.tse.tw|2230578,128.0000,3,0,145.0000,129.0000,000000,20260907,tse_7740.tw_20260907,129.5000_130.0000_130.5000_131.0000_131.5000_,128.0000_127.5000_127.0000_126.5000_126.0000_,7740,13.tse.tw|3380,20260907,14:30:00,7740.tw,1788762600000,14:30:00,2_4_1_1_1_,8_8_12_2_8_,0,000000,10,131.0000,35,12,129.0000,127.5000,熙特爾-創,131.0000,0,tse,6,13:30:00,145.0000,87,119.0000,熙特爾新能源股份有限公司,132.0000,128.0000,0,TWSE,
7749.tw,33,31,20.tse.tw|2230720,355.0000,0,0,400.0000,361.0000,000000,20260907,tse_7749.tw_20260907,354.5000_355.0000_355.5000_356.0000_356.5000_,353.5000_353.0000_352.5000_351.5000_350.0000_,7749,13.tse.tw|2082,20260907,14:30:00,7749.tw,1788762600000,14:30:00,1_1_2_15_2_,2_3_2_3_4_,0,000000,300,368.0000,24,12,400.0000,348.0000,意騰-KY,368.0000,0,tse,33,13:30:00,405.0000,878,332.0000,英屬開曼群島商意騰科技股份有限公司,368.5000,354.0000,0,TWSE,RR
7750.tw,10,10,20.tse.tw|2230911,2375.0000,0,0,2390.0000,2385.0000,000000,20260907,tse_7750.tw_20260907,2385.0000_2390.0000_2400.0000_2405.0000_2410.0000_,2375.0000_2370.0000_2365.0000_2360.0000_2355.0000_,7750,13.tse.tw|2219,20260907,14:30:00,7750.tw,1788762600000,14:30:00,4_1_1_2_4_,9_11_14_15_11_,0,000000,170,2475.0000,05,12,2385.0000,2360.0000,新代,2425.0000,0,tse,10,13:30:00,2655.0000,310,2175.0000,新代科技股份有限公司,2415.0000,2375.0000,0,TWSE,
7760.tw,-,-,20.tse.tw|2231568,-,0,0,33.2000,32.9000,000000,20260907,tse_7760.tw_20260907,33.2000_33.3000_33.3500_33.4000_33.4500_,33.0500_33.0000_32.8000_32.7000_32.5000_,7760,13.tse.tw|2356,20260907,14:30:00,7760.tw,1788762600000,14:30:00,5_4_2_1_1_,2_11_5_2_1_,0,000000,-,33.5000,16,12,0.0000,33.0000,享溫馨,33.0000,0,tse,-,13:30:00,36.5000,37,29.9000,享溫馨企業股份有限公司,33.2000,-,0,TWSE,
7765.tw,2,2,20.tse.tw|2231254,220.5000,0,0,225.5000,223.0000,000000,20260907,tse_7765.tw_20260907,221.0000_222.0000_222.5000_223.0000_223.5000_,220.5000_220.0000_219.5000_219.0000_218.5000_,7765,13.tse.tw|2493,20260907,14:30:00,7765.tw,1788762600000,14:30:00,1_7_1_1_1_,6_18_3_3_2_,0,000000,-,222.5000,36,12,0.0000,220.5000,中華資安,221.5000,0,tse,2,13:30:00,243.5000,43,199.5000,中華資安國際股份有限公司,221.5000,220.5000,0,TWSE,
7768.tw,3,3,20.tse.tw|2230397,283.0000,0,0,0.0000,285.0000,000000,20260907,tse_7768.tw_20260907,283.5000_284.5000_285.0000_286.0000_286.5000_,283.0000_282.5000_282.0000_281.5000_281.0000_,7768,13.tse.tw|2630,20260907,14:30:00,7768.tw,1788762600000,14:30:00,1_2_2_1_1_,1_4_2_3_1_,0,000000,-,289.5000,24,12,0.0000,282.5000,頌勝科技,289.5000,0,tse,3,13:30:00,310.5000,54,254.5000,頌勝科技材料股份有限公司,282.5000,283.0000,0,TWSE,
7769.tw,31,30,20.tse.tw|2231255,6565.0000,0,0,6555.0000,6550.0000,000000,20260907,tse_7769.tw_20260907,6565.0000_6570.0000_6575.0000_,6550.0000_6535.0000_6530.0000_6520.0000_6515.0000_,7769,13.tse.tw|2767,20260907,14:30:00,7769.tw,1788762600000,14:30:00,3_6_32_,1_2_2_1_1_,0,000000,932,6575.0000,24,12,6550.0000,6150.0000,鴻勁,6155.0000,0,tse,31,13:30:00,6575.0000,1210,5385.0000,鴻勁精密股份有限公司,5980.0000,6565.0000,0,TWSE,
7780.tw,11,11,9.tse.tw|17716,16.6500,0,3,17.1500,16.7500,000000,20260907,tse_7780.tw_20260907,16.6500_16.7000_16.7500_16.8000_16.8500_,16.6000_16.5500_16.5000_16.4500_16.4000_,7780,13.tse.tw|2904,20260907,14:30:00,7780.tw,1788762600000,14:30:00,14_46_12_28_22_,51_86_206_23_80_,0,000000,2,16.8000,02,12,16.7500,16.6000,大研生醫*,16.8000,0,tse,11,13:30:00,18.3500,693,15.0500,大研生醫國際股份有限公司,16.7000,16.6500,0,TWSE,
7786.tw,9,9,20.tse.tw|2230399,115.5000,0,0,117.5000,115.5000,000000,20260907,tse_7786.tw_20260907,116.0000_116.5000_117.0000_117.5000_118.0000_,115.5000_115.0000_114.5000_114.0000_113.5000_,7786,13.tse.tw|3041,20260907,14:30:00,7786.tw,1788762600000,14:30:00,2_2_21_6_5_,13_37_12_52_16_,0,000000,300,117.5000,35,12,115.5000,115.0000,東方風能,117.5000,0,tse,9,13:30:00,128.0000,227,105.0000,東方風能科技股份有限公司,116.5000,115.5000,0,TWSE,
7788.tw,164,157,9.tse.tw|17718,316.5000,0,5,317.0000,316.5000,000000,20260907,tse_7788.tw_20260907,316.5000_317.0000_317.5000_318.0000_318.5000_,316.0000_315.5000_315.0000_314.5000_314.0000_,7788,13.tse.tw|3177,20260907,14:30:00,7788.tw,1788762600000,14:30:00,1_43_1_4_1_,13_10_20_5_34_,0,000000,709,335.0000,28,12,316.5000,310.0000,松川精密,335.0000,0,tse,164,13:30:00,368.5000,3702,301.5000,松川精密股份有限公司,335.0000,316.5000,0,TWSE,
7791.tw,-,-,20.tse.tw|2231569,-,0,0,56.0000,55.8000,000000,20260907,tse_7791.tw_20260907,55.9000_56.0000_56.2000_56.3000_56.4000_,55.8000_55.6000_55.2000_55.1000_55.0000_,7791,13.tse.tw|3313,20260907,14:30:00,7791.tw,1788762600000,14:30:00,1_6_4_2_1_,1_1_5_1_6_,0,000000,-,56.0000,02,12,0.0000,55.3000,皇家可口,56.0000,0,tse,-,13:30:00,60.5000,29,49.5000,皇家可口股份有限公司,55.0000,-,0,TWSE,
7795.tw,51,45,9.tse.tw|17720,536.0000,0,1,542.0000,540.0000,000000,20260907,tse_7795.tw_20260907,536.0000_540.0000_541.0000_542.0000_545.0000_,535.0000_534.0000_533.0000_532.0000_531.0000_,7795,13.tse.tw|2151,20260907,14:30:00,7795.tw,1788762600000,14:30:00,21_3_3_2_6_,5_3_1_2_9_,0,000000,205,549.0000,28,12,540.0000,510.0000,長廣,519.0000,0,tse,51,13:30:00,555.0000,1828,454.5000,長廣精機股份有限公司,505.0000,536.0000,0,TWSE,
7799.tw,8,8,20.tse.tw|2230579,395.0000,0,0,394.5000,393.5000,000000,20260907,tse_7799.tw_20260907,395.0000_395.5000_396.0000_396.5000_397.0000_,394.0000_393.0000_392.5000_392.0000_391.5000_,7799,13.tse.tw|2288,20260907,14:30:00,7799.tw,1788762600000,14:30:00,6_7_7_1_1_,2_2_6_14_1_,0,000000,155,403.0000,22,12,393.5000,370.5000,禾榮科,380.0000,0,tse,8,13:30:00,407.0000,646,333.0000,禾榮科技股份有限公司,370.0000,395.0000,0,TWSE,
7803.tw,6,6,20.tse.tw|2230722,19.5000,3,0,19.6000,19.3000,000000,20260907,tse_7803.tw_20260907,19.5000_19.7000_19.9000_20.0000_20.3000_,19.3000_19.2500_19.1500_19.1000_19.0500_,7803,13.tse.tw|2425,20260907,14:30:00,7803.tw,1788762600000,14:30:00,2_1_2_7_3_,3_1_1_3_2_,0,000000,-,19.7500,22,12,0.0000,19.0000,雲象科技-創,19.7500,0,tse,6,13:30:00,21.4500,58,17.5500,雲象科技股份有限公司,19.5000,19.5000,0,TWSE,
7818.tw,-,-,20.tse.tw|2230580,-,0,0,60.8000,0.0000,000000,20260907,tse_7818.tw_20260907,60.7000_60.8000_60.9000_61.0000_61.1000_,60.3000_60.2000_60.1000_60.0000_59.9000_,7818,13.tse.tw|2562,20260907,14:30:00,7818.tw,1788762600000,14:30:00,6_8_7_18_6_,1_2_5_13_3_,0,000000,-,60.9000,35,12,0.0000,60.2000,溢泰實業,60.9000,0,tse,-,13:30:00,66.7000,56,54.7000,溢泰實業股份有限公司,60.7000,-,0,TWSE,
7821.tw,1,1,20.tse.tw|2230913,39.7500,0,0,39.7000,39.5000,000000,20260907,tse_7821.tw_20260907,39.7500_39.8000_39.8500_39.9000_39.9500_,39.7000_39.6500_39.6000_39.5500_39.5000_,7821,13.tse.tw|2699,20260907,14:30:00,7821.tw,1788762600000,14:30:00,5_5_2_1_2_,1_15_10_2_7_,0,000000,-,39.9000,12,12,0.0000,39.4000,神數,39.5500,0,tse,1,13:30:00,43.5000,98,35.6000,神達數位股份有限公司,39.5500,39.7500,0,TWSE,
7822.tw,5,5,20.tse.tw|2231256,930.0000,0,0,933.0000,932.0000,000000,20260907,tse_7822.tw_20260907,933.0000_939.0000_942.0000_945.0000_948.0000_,930.0000_928.0000_927.0000_926.0000_925.0000_,7822,13.tse.tw|2836,20260907,14:30:00,7822.tw,1788762600000,14:30:00,2_1_2_1_2_,3_1_3_11_1_,0,000000,582,989.0000,24,12,933.0000,926.0000,倍利科,938.0000,0,tse,5,13:30:00,1010.0000,215,830.0000,倍利科技股份有限公司,922.0000,930.0000,0,TWSE,
7823.tw,-,-,20.tse.tw|2231257,-,3,0,83.5000,83.2000,000000,20260907,tse_7823.tw_20260907,83.0000_83.2000_83.3000_83.4000_83.5000_,81.8000_81.7000_81.6000_81.5000_81.2000_,7823,13.tse.tw|2973,20260907,14:30:00,7823.tw,1788762600000,14:30:00,1_5_2_3_9_,1_1_1_1_1_,0,000000,-,83.8000,36,12,0.0000,81.6000,奧義賽博-KY創,83.8000,0,tse,-,13:30:00,91.3000,26,74.7000,奧義賽博科技股份有限公司,83.0000,-,0,TWSE,RR
7827.tw,6,6,20.tse.tw|2230723,154.0000,3,0,152.5000,0.0000,000000,20260907,tse_7827.tw_20260907,154.0000_154.5000_155.0000_155.5000_156.0000_,153.0000_152.5000_151.5000_151.0000_150.5000_,7827,13.tse.tw|3109,20260907,14:30:00,7827.tw,1788762600000,14:30:00,8_16_15_1_3_,2_1_5_5_3_,0,000000,1,154.5000,22,12,152.5000,151.0000,漢康-KY創,152.5000,0,tse,6,13:30:00,166.0000,143,136.0000,英屬開曼群島商漢康生技股份有限公司,151.0000,154.0000,0,TWSE,RR
7835.tw,12,12,20.tse.tw|2230914,23.2000,3,0,23.3000,23.0000,000000,20260907,tse_7835.tw_20260907,23.2000_23.3000_23.3500_23.5000_23.7500_,21.3000_21.2000_21.1500_21.0500_21.0000_,7835,13.tse.tw|3245,20260907,14:30:00,7835.tw,1788762600000,14:30:00,8_4_1_3_1_,1_3_5_10_6_,0,000000,-,23.4000,36,12,0.0000,21.0500,永悅健康-創,23.0000,0,tse,12,13:30:00,25.3000,73,20.7000,永悅健康股份有限公司,23.0000,23.2000,0,TWSE,
7855.tw,10,10,9.tse.tw|17729,42.2000,0,4,42.3000,42.2500,000000,20260907,tse_7855.tw_20260907,42.2000_42.2500_42.3000_42.3500_42.4000_,42.1500_42.1000_42.0500_42.0000_41.9500_,7855,13.tse.tw|3381,20260907,14:30:00,7855.tw,1788762600000,14:30:00,47_31_16_17_20_,81_155_209_232_11_,0,000000,245,42.7500,20,12,42.3000,42.0500,和運租車,42.7500,0,tse,10,13:30:00,47.0000,2066,38.5000,和運租車股份有限公司,42.7500,42.2000,0,TWSE,
8011.tw,10,10,20.tse.tw|2230724,15.7000,0,0,17.2500,15.7500,000000,20260907,tse_8011.tw_20260907,15.7000_15.7500_15.8000_15.8500_15.9000_,15.6500_15.6000_15.5500_15.5000_15.4500_,8011,13.tse.tw|2083,20260907,14:30:00,8011.tw,1788762600000,14:30:00,4_5_16_2_8_,3_27_41_72_16_,0,000000,-,15.8000,27,12,0.0000,15.5500,台通,15.8000,0,tse,10,13:30:00,17.2500,163,14.1500,台通光電股份有限公司,15.7000,15.7000,0,TWSE,
8016.tw,29,27,20.tse.tw|2230582,292.0000,0,0,296.0000,293.0000,000000,20260907,tse_8016.tw_20260907,292.5000_293.0000_293.5000_294.0000_294.5000_,291.5000_291.0000_290.5000_290.0000_289.5000_,8016,13.tse.tw|2220,20260907,14:30:00,8016.tw,1788762600000,14:30:00,1_4_2_7_6_,7_23_7_29_6_,0,000000,112,296.0000,24,12,293.0000,290.5000,矽創,296.0000,0,tse,29,13:30:00,322.5000,245,264.5000,矽創電子股份有限公司,293.5000,291.5000,0,TWSE,
8021.tw,24,24,9.tse.tw|17732,462.0000,0,2,0.0000,462.0000,000000,20260907,tse_8021.tw_20260907,-,462.0000_461.5000_461.0000_460.5000_460.0000_,8021,13.tse.tw|2357,20260907,14:30:00,8021.tw,1788762600000,14:30:00,-,2511_15_20_17_29_,0,000000,2240,462.0000,31,12,462.0000,444.0000,尖點,445.0000,0,tse,24,13:30:00,462.0000,12596,378.0000,尖點科技股份有限公司,420.0000,462.0000,0,TWSE,
8028.tw,250,249,9.tse.tw|17733,249.5000,0,16,251.0000,250.5000,000000,20260907,tse_8028.tw_20260907,250.0000_250.5000_251.0000_251.5000_252.0000_,249.5000_249.0000_248.5000_248.0000_247.5000_,8028,13.tse.tw|2494,20260907,14:30:00,8028.tw,1788762600000,14:30:00,4_87_9_3_20_,18_44_37_65_46_,0,000000,858,256.0000,24,12,250.5000,241.0000,昇陽半導體,243.0000,0,tse,250,13:30:00,262.5000,5727,215.5000,昇陽國際半導體股份有限公司,239.0000,249.5000,0,TWSE,
8033.tw,106,97,9.tse.tw|17734,177.0000,0,4,179.0000,178.0000,000000,20260907,tse_8033.tw_20260907,177.0000_177.5000_178.0000_178.5000_179.0000_,176.5000_176.0000_175.5000_175.0000_174.5000_,8033,13.tse.tw|2631,20260907,14:30:00,8033.tw,1788762600000,14:30:00,8_23_57_24_37_,16_63_61_149_60_,0,000000,1512,178.0000,20,12,178.0000,173.5000,雷虎,177.5000,0,tse,106,13:30:00,193.5000,2273,158.5000,雷虎科技股份有限公司,176.0000,177.0000,0,TWSE,
8039.tw,109,109,9.tse.tw|17735,327.0000,0,3,0.0000,327.0000,000000,20260907,tse_8039.tw_20260907,-,327.0000_326.5000_326.0000_325.5000_325.0000_,8039,13.tse.tw|2768,20260907,14:30:00,8039.tw,1788762600000,14:30:00,-,17123_23_34_33_48_,0,000000,3517,327.0000,28,12,327.0000,306.0000,台虹,324.0000,0,tse,109,13:30:00,327.0000,21919,268.0000,台虹科技股份有限公司,297.5000,327.0000,0,TWSE,
8045.tw,7,7,20.tse.tw|2230725,49.8000,0,0,49.9500,49.8000,000000,20260907,tse_8045.tw_20260907,49.9500_50.2000_50.3000_50.5000_50.6000_,49.5000_49.3500_49.3000_49.2000_49.1500_,8045,13.tse.tw|2905,20260907,14:30:00,8045.tw,1788762600000,14:30:00,1_1_1_1_1_,6_1_1_2_1_,0,000000,1,51.6000,27,12,49.8000,48.5500,達運光電,50.2000,0,tse,7,13:30:00,55.2000,196,45.2000,達運光電股份有限公司,50.2000,49.8000,0,TWSE,
8046.tw,418,410,9.tse.tw|17737,1045.0000,0,13,1065.0000,1060.0000,000000,20260907,tse_8046.tw_20260907,1055.0000_1060.0000_1065.0000_1070.0000_1075.0000_,1050.0000_1045.0000_1040.0000_1035.0000_1030.0000_,8046,13.tse.tw|3042,20260907,14:30:00,8046.tw,1788762600000,14:30:00,34_85_91_131_92_,17_219_179_133_97_,0,000000,2734,1085.0000,28,12,1060.0000,1045.0000,南電,1080.0000,0,tse,418,13:30:00,1160.0000,6945,950.0000,南亞電路板股份有限公司,1055.0000,1050.0000,0,TWSE,
8070.tw,276,148,9.tse.tw|17738,50.0000,0,3,50.7000,50.2000,000000,20260907,tse_8070.tw_20260907,50.0000_50.2000_50.3000_50.4000_50.5000_,49.9000_49.8500_49.8000_49.7500_49.7000_,8070,13.tse.tw|3178,20260907,14:30:00,8070.tw,1788762600000,14:30:00,12_28_11_16_58_,25_26_34_5_11_,0,000000,50,51.2000,29,12,50.2000,49.9000,長華*,51.1000,0,tse,276,13:30:00,55.5000,1644,45.4500,長華電材股份有限公司,50.5000,49.9000,0,TWSE,
8072.tw,8,8,9.tse.tw|17739,25.9000,0,2,28.8000,25.9500,000000,20260907,tse_8072.tw_20260907,26.0000_26.0500_26.1000_26.1500_26.2000_,25.9000_25.8500_25.8000_25.7500_25.7000_,8072,13.tse.tw|3314,20260907,14:30:00,8072.tw,1788762600000,14:30:00,3_3_1_3_7_,2_7_12_5_11_,0,000000,100,26.2500,29,12,25.9500,25.7500,陞泰,26.2500,0,tse,8,13:30:00,28.8000,86,23.6000,陞泰科技股份有限公司,26.2000,25.9000,0,TWSE,
8081.tw,14,13,9.tse.tw|17740,253.0000,0,2,253.0000,251.5000,000000,20260907,tse_8081.tw_20260907,254.0000_254.5000_255.0000_256.0000_256.5000_,253.0000_252.5000_252.0000_251.5000_251.0000_,8081,13.tse.tw|2152,20260907,14:30:00,8081.tw,1788762600000,14:30:00,1_5_4_10_8_,6_16_15_8_22_,0,000000,300,257.5000,24,12,251.5000,252.5000,致新,257.5000,0,tse,14,13:30:00,279.5000,305,229.5000,致新科技股份有限公司,254.5000,253.0000,0,TWSE,
8101.tw,-,-,20.tse.tw|2230401,-,0,0,12.0500,11.9000,000000,20260907,tse_8101.tw_20260907,12.0000_12.0500_12.1500_12.2000_12.4500_,11.3500_11.3000_11.2500_11.2000_11.0000_,8101,13.tse.tw|2289,20260907,14:30:00,8101.tw,1788762600000,14:30:00,1_1_1_1_1_,1_1_3_1_2_,0,000000,-,12.0000,27,12,0.0000,12.0000,華冠,12.0000,0,tse,-,13:30:00,13.2000,1,10.8000,華冠通訊股份有限公司,12.0000,-,0,TWSE,
8103.tw,247,237,9.tse.tw|17742,123.5000,0,9,123.5000,123.0000,000000,20260907,tse_8103.tw_20260907,123.5000_124.0000_124.5000_125.0000_125.5000_,123.0000_122.5000_122.0000_121.5000_121.0000_,8103,13.tse.tw|2426,20260907,14:30:00,8103.tw,1788762600000,14:30:00,30_90_50_74_49_,24_38_76_43_58_,0,000000,1650,128.0000,28,12,123.0000,122.0000,瀚荃,125.0000,0,tse,247,13:30:00,134.5000,4324,110.5000,瀚荃股份有限公司,122.5000,123.5000,0,TWSE,
8104.tw,6,6,9.tse.tw|17743,30.5500,0,1,32.4000,31.5000,000000,20260907,tse_8104.tw_20260907,30.5500_30.7000_30.7500_30.8000_30.8500_,30.5000_30.4500_30.4000_30.3500_30.3000_,8104,13.tse.tw|2563,20260907,14:30:00,8104.tw,1788762600000,14:30:00,2_6_1_2_1_,14_14_14_10_10_,0,000000,210,31.1000,26,12,31.5000,30.4000,錸寶,30.7000,0,tse,6,13:30:00,33.7000,183,27.6000,錸寶科技股份有限公司,30.6500,30.5500,0,TWSE,
8105.tw,73,72,9.tse.tw|17744,15.2000,0,1,15.2500,15.1000,000000,20260907,tse_8105.tw_20260907,15.2000_15.2500_15.3000_15.3500_15.4000_,15.1500_15.1000_15.0500_15.0000_14.9500_,8105,13.tse.tw|2700,20260907,14:30:00,8105.tw,1788762600000,14:30:00,6_13_6_31_78_,71_49_31_31_19_,0,000000,755,15.3500,26,12,15.1000,14.8500,凌巨,15.1000,0,tse,73,13:30:00,16.5000,2546,13.5000,凌巨科技股份有限公司,15.0000,15.2000,0,TWSE,
8110.tw,84,84,9.tse.tw|17745,43.8500,0,1,43.8500,43.7000,000000,20260907,tse_8110.tw_20260907,43.9000_43.9500_44.0000_44.0500_44.1000_,43.8500_43.8000_43.7500_43.7000_43.6500_,8110,13.tse.tw|2837,20260907,14:30:00,8110.tw,1788762600000,14:30:00,14_12_15_1_9_,38_49_9_18_31_,0,000000,738,45.1000,24,12,43.7000,43.8500,華東,44.4500,0,tse,84,13:30:00,47.9000,1881,39.2000,華東科技股份有限公司,43.5500,43.8500,0,TWSE,
8112.tw,484,476,9.tse.tw|17746,90.4000,0,8,90.7000,90.6000,000000,20260907,tse_8112.tw_20260907,90.4000_90.5000_90.6000_90.7000_90.8000_,90.3000_90.2000_90.1000_90.0000_89.9000_,8112,13.tse.tw|2974,20260907,14:30:00,8112.tw,1788762600000,14:30:00,12_9_16_26_56_,104_54_80_248_30_,0,000000,2479,92.0000,29,12,90.6000,90.4000,至上,91.4000,0,tse,484,13:30:00,99.5000,4535,81.5000,至上電子股份有限公司,90.5000,90.4000,0,TWSE,
8114.tw,25,25,9.tse.tw|17748,189.5000,0,1,194.0000,191.5000,000000,20260907,tse_8114.tw_20260907,190.0000_190.5000_191.0000_191.5000_192.0000_,189.5000_189.0000_188.5000_188.0000_187.5000_,8114,13.tse.tw|3246,20260907,14:30:00,8114.tw,1788762600000,14:30:00,3_9_5_9_7_,11_41_13_49_7_,0,000000,-,197.0000,25,12,0.0000,189.0000,振樺電,197.0000,0,tse,25,13:30:00,213.5000,545,175.5000,振樺電子股份有限公司,194.5000,189.5000,0,TWSE,
8131.tw,72,68,9.tse.tw|17749,61.9000,0,1,62.7000,62.1000,000000,20260907,tse_8131.tw_20260907,61.9000_62.0000_62.1000_62.2000_62.3000_,61.8000_61.7000_61.6000_61.5000_61.4000_,8131,13.tse.tw|3382,20260907,14:30:00,8131.tw,1788762600000,14:30:00,1_9_2_14_5_,17_7_12_41_25_,0,000000,499,63.0000,24,12,62.1000,61.6000,福懋科,62.0000,0,tse,72,13:30:00,67.5000,1174,55.3000,福懋科技股份有限公司,61.4000,61.9000,0,TWSE,
8150.tw,992,985,9.tse.tw|17750,91.1000,0,37,91.5000,91.4000,000000,20260907,tse_8150.tw_20260907,91.4000_91.5000_91.6000_91.7000_91.8000_,91.3000_91.2000_91.1000_91.0000_90.9000_,8150,13.tse.tw|2084,20260907,14:30:00,8150.tw,1788762600000,14:30:00,3_17_16_81_60_,11_149_146_402_260_,0,000000,1847,93.5000,24,12,91.5000,90.2000,南茂,91.9000,0,tse,992,13:30:00,99.1000,16954,81.1000,南茂科技股份有限公司,90.1000,91.3000,0,TWSE,
8162.tw,3,3,20.tse.tw|2230918,61.1000,3,0,61.3000,61.1000,000000,20260907,tse_8162.tw_20260907,61.1000_61.2000_61.3000_61.4000_61.9000_,60.9000_60.3000_60.2000_60.1000_60.0000_,8162,13.tse.tw|2221,20260907,14:30:00,8162.tw,1788762600000,14:30:00,3_2_3_2_4_,1_4_1_3_3_,0,000000,-,62.1000,24,12,0.0000,60.3000,微矽電子-創,60.9000,0,tse,3,13:30:00,66.6000,61,54.6000,微矽電子股份有限公司,60.6000,61.1000,0,TWSE,
8163.tw,36,35,9.tse.tw|17752,30.9000,0,2,31.9000,30.9500,000000,20260907,tse_8163.tw_20260907,30.9500_31.0000_31.0500_31.1000_31.1500_,30.9000_30.8500_30.8000_30.7500_30.7000_,8163,13.tse.tw|2358,20260907,14:30:00,8163.tw,1788762600000,14:30:00,4_114_3_4_4_,17_50_96_17_29_,0,000000,475,31.9000,25,12,30.9500,30.8500,達方,31.9000,0,tse,36,13:30:00,34.6500,691,28.3500,達方電子股份有限公司,31.5000,30.9500,0,TWSE,
8201.tw,2,2,20.tse.tw|2231574,11.6000,0,0,11.6500,11.4000,000000,20260907,tse_8201.tw_20260907,11.7000_11.7500_11.8000_11.8500_11.9500_,11.6000_11.5500_11.5000_11.4000_11.3500_,8201,13.tse.tw|2495,20260907,14:30:00,8201.tw,1788762600000,14:30:00,2_4_3_3_1_,1_5_16_5_2_,0,000000,75,11.7500,31,12,11.6500,11.5500,無敵,11.7500,0,tse,2,13:30:00,12.9500,30,10.6500,無敵科技股份有限公司,11.8000,11.6000,0,TWSE,
8210.tw,138,136,9.tse.tw|17754,936.0000,0,2,960.0000,959.0000,000000,20260907,tse_8210.tw_20260907,938.0000_939.0000_940.0000_941.0000_942.0000_,937.0000_936.0000_935.0000_934.0000_933.0000_,8210,13.tse.tw|2632,20260907,14:30:00,8210.tw,1788762600000,14:30:00,5_5_4_3_6_,5_56_29_4_14_,0,000000,1279,988.0000,25,12,960.0000,936.0000,勤誠,988.0000,0,tse,138,13:30:00,1080.0000,2135,888.0000,勤誠興業股份有限公司,986.0000,937.0000,0,TWSE,
8213.tw,4,4,20.tse.tw|2231263,32.9500,0,0,33.0000,32.9500,000000,20260907,tse_8213.tw_20260907,33.0000_33.0500_33.1500_33.2000_33.2500_,32.9500_32.9000_32.8500_32.8000_32.7000_,8213,13.tse.tw|2769,20260907,14:30:00,8213.tw,1788762600000,14:30:00,2_9_3_23_3_,2_2_8_8_1_,0,000000,105,33.4500,28,12,32.9500,32.8500,志超,33.3000,0,tse,4,13:30:00,36.2000,260,29.7000,志超科技股份有限公司,32.9500,32.9500,0,TWSE,
8215.tw,42,39,20.tse.tw|2230727,25.3500,0,0,25.4000,25.3500,000000,20260907,tse_8215.tw_20260907,25.4000_25.4500_25.5000_25.5500_25.6000_,25.3000_25.2500_25.2000_25.1500_25.1000_,8215,13.tse.tw|2906,20260907,14:30:00,8215.tw,1788762600000,14:30:00,2_5_1_5_9_,8_9_22_22_23_,0,000000,85,25.9000,26,12,25.4000,25.1000,明基材,25.9000,0,tse,42,13:30:00,28.1000,407,23.0000,明基材料股份有限公司,25.5500,25.3500,0,TWSE,
8222.tw,10,10,9.tse.tw|17757,36.7000,0,1,38.9000,36.8000,000000,20260907,tse_8222.tw_20260907,36.7000_36.8000_36.8500_36.9000_36.9500_,36.6500_36.6000_36.5000_36.4500_36.4000_,8222,13.tse.tw|3043,20260907,14:30:00,8222.tw,1788762600000,14:30:00,3_6_33_2_5_,9_17_7_1_3_,0,000000,-,37.4500,05,12,0.0000,36.5000,寶一,37.4500,0,tse,10,13:30:00,40.7000,314,33.3000,寶一科技股份有限公司,37.0000,36.7000,0,TWSE,
8249.tw,57,57,9.tse.tw|17758,39.9500,0,2,40.5000,39.8000,000000,20260907,tse_8249.tw_20260907,40.4000_40.4500_40.5000_40.6000_40.7000_,40.0000_39.9500_39.9000_39.8500_39.8000_,8249,13.tse.tw|3179,20260907,14:30:00,8249.tw,1788762600000,14:30:00,1_3_2_4_1_,3_8_7_2_10_,0,000000,700,40.8000,28,12,39.8000,40.0000,菱光,40.6000,0,tse,57,13:30:00,45.0000,231,36.9000,菱光科技股份有限公司,40.9500,40.0000,0,TWSE,
8261.tw,236,236,9.tse.tw|17759,181.0000,0,3,181.5000,181.0000,000000,20260907,tse_8261.tw_20260907,181.5000_182.0000_182.5000_183.0000_183.5000_,181.0000_180.5000_180.0000_179.5000_179.0000_,8261,13.tse.tw|3315,20260907,14:30:00,8261.tw,1788762600000,14:30:00,31_49_36_30_50_,42_111_105_44_30_,0,000000,833,186.5000,24,12,181.0000,180.0000,富鼎,183.5000,0,tse,236,13:30:00,198.5000,3095,162.5000,富鼎先進電子股份有限公司,180.5000,181.0000,0,TWSE,
8271.tw,100,99,9.tse.tw|17760,222.0000,0,2,224.5000,223.5000,000000,20260907,tse_8271.tw_20260907,222.0000_222.5000_223.0000_223.5000_224.0000_,221.5000_221.0000_220.5000_220.0000_219.5000_,8271,13.tse.tw|2153,20260907,14:30:00,8271.tw,1788762600000,14:30:00,2_14_27_24_44_,46_55_37_58_16_,0,000000,187,226.5000,24,12,224.5000,220.0000,宇瞻,222.0000,0,tse,100,13:30:00,238.5000,1822,195.5000,宇瞻科技股份有限公司,217.0000,222.0000,0,TWSE,
8341.tw,5,5,20.tse.tw|2231575,75.2000,0,0,75.5000,75.0000,000000,20260907,tse_8341.tw_20260907,75.2000_75.3000_75.5000_75.6000_75.7000_,75.1000_75.0000_74.9000_74.8000_74.7000_,8341,13.tse.tw|2290,20260907,14:30:00,8341.tw,1788762600000,14:30:00,2_7_10_2_11_,1_25_9_10_6_,0,000000,589,76.5000,35,12,75.0000,75.0000,日友,76.5000,0,tse,5,13:30:00,82.7000,155,67.7000,日友環保科技股份有限公司,75.2000,75.1000,0,TWSE,
8367.tw,-,-,20.tse.tw|2231576,-,0,0,41.2000,40.9500,000000,20260907,tse_8367.tw_20260907,41.2500_41.3000_41.5000_41.5500_41.8000_,41.0000_40.7500_40.5000_40.4000_40.3500_,8367,13.tse.tw|2427,20260907,14:30:00,8367.tw,1788762600000,14:30:00,2_1_10_5_1_,1_4_2_4_3_,0,000000,-,41.2000,15,12,0.0000,40.7500,建新國際,41.0500,0,tse,-,13:30:00,45.1000,8,36.9000,建新國際股份有限公司,41.0000,-,0,TWSE,
8374.tw,59,59,9.tse.tw|17763,82.7000,0,2,83.4000,83.0000,000000,20260907,tse_8374.tw_20260907,83.2000_83.5000_83.6000_84.0000_84.3000_,82.9000_82.8000_82.7000_82.6000_82.5000_,8374,13.tse.tw|2564,20260907,14:30:00,8374.tw,1788762600000,14:30:00,9_1_1_9_5_,1_3_7_5_9_,0,000000,-,88.8000,05,12,0.0000,82.9000,羅昇,87.9000,0,tse,59,13:30:00,89.8000,1104,73.6000,羅昇企業股份有限公司,81.7000,82.9000,0,TWSE,
8404.tw,31,28,9.tse.tw|17764,15.9500,0,2,15.9500,15.8000,000000,20260907,tse_8404.tw_20260907,15.9500_16.0000_16.0500_16.1000_16.1500_,15.9000_15.8500_15.8000_15.7500_15.7000_,8404,13.tse.tw|2701,20260907,14:30:00,8404.tw,1788762600000,14:30:00,4_7_6_14_23_,68_47_42_11_8_,0,000000,-,16.4000,20,12,0.0000,15.9500,百和興業-KY,16.4000,0,tse,31,13:30:00,17.8000,514,14.6000,百和興業股份有限公司(開曼),16.2000,15.9500,0,TWSE,RR
8411.tw,23,23,20.tse.tw|2230921,13.0000,0,0,13.0000,12.9000,000000,20260907,tse_8411.tw_20260907,13.0000_13.0500_13.1000_13.1500_13.2000_,12.9000_12.8500_12.8000_12.7500_12.7000_,8411,13.tse.tw|2838,20260907,14:30:00,8411.tw,1788762600000,14:30:00,13_14_2_6_19_,1_7_8_10_7_,0,000000,121,13.0000,20,12,12.9000,12.8500,福貞-KY,13.0000,0,tse,23,13:30:00,14.3000,40,11.7000,福貞控股股份有限公司,13.0000,13.0000,0,TWSE,RR
8422.tw,188,159,9.tse.tw|17766,26.1000,0,15,26.4500,26.3000,000000,20260907,tse_8422.tw_20260907,26.1000_26.1500_26.2000_26.2500_26.3000_,26.0500_26.0000_25.9500_25.9000_25.8500_,8422,13.tse.tw|2975,20260907,14:30:00,8422.tw,1788762600000,14:30:00,35_73_78_206_49_,48_56_159_236_81_,0,000000,503,26.3500,35,12,26.4500,25.9500,可寧衛*,26.3500,0,tse,188,13:30:00,28.7000,3636,23.5000,可寧衛股份有限公司,26.1000,26.0500,0,TWSE,
8429.tw,3,3,20.tse.tw|2231267,5.9800,0,0,6.0000,5.9900,000000,20260907,tse_8429.tw_20260907,6.0400_6.0500_6.0600_6.0700_6.0800_,5.9800_5.9700_5.9600_5.9500_5.9400_,8429,13.tse.tw|3111,20260907,14:30:00,8429.tw,1788762600000,14:30:00,4_2_2_5_7_,6_10_2_55_2_,0,000000,311,6.1000,18,12,6.0000,5.9500,金麗-KY,6.0200,0,tse,3,13:30:00,6.6400,211,5.4400,金麗集團控股有限公司,6.0400,5.9800,0,TWSE,RR
8438.tw,5,4,20.tse.tw|2231268,68.8000,0,0,0.0000,69.0000,000000,20260907,tse_8438.tw_20260907,69.3000_69.4000_69.5000_69.6000_69.8000_,68.5000_68.3000_68.1000_68.0000_67.8000_,8438,13.tse.tw|3247,20260907,14:30:00,8438.tw,1788762600000,14:30:00,4_2_1_1_1_,8_1_2_9_1_,0,000000,6,70.5000,35,12,69.0000,68.6000,昶昕,69.1000,0,tse,5,13:30:00,75.6000,107,62.0000,昶昕實業股份有限公司,68.8000,68.7000,0,TWSE,
8442.tw,2,2,20.tse.tw|2231578,45.6500,0,0,45.8000,45.6500,000000,20260907,tse_8442.tw_20260907,45.7000_45.7500_45.9500_46.0000_46.1000_,45.4000_45.2000_45.1500_45.1000_45.0500_,8442,13.tse.tw|3383,20260907,14:30:00,8442.tw,1788762600000,14:30:00,1_1_2_1_1_,1_2_2_2_1_,0,000000,-,45.6500,20,12,0.0000,45.2500,威宏-KY,45.5500,0,tse,2,13:30:00,50.1000,41,41.0000,威宏控股股份有限公司,45.5500,45.6500,0,TWSE,RR
8443.tw,-,-,20.tse.tw|2230584,-,0,0,11.3000,11.2000,000000,20260907,tse_8443.tw_20260907,11.2500_11.3000_11.3500_11.4500_11.5000_,11.1500_11.1000_11.0500_11.0000_10.9500_,8443,13.tse.tw|2085,20260907,14:30:00,8443.tw,1788762600000,14:30:00,5_12_2_2_2_,3_8_5_6_1_,0,000000,49,11.2500,18,12,11.2000,11.1000,阿瘦,11.1500,0,tse,-,13:30:00,12.2500,44,10.0500,阿瘦實業股份有限公司,11.1500,-,0,TWSE,
8454.tw,27,27,20.tse.tw|2230922,241.5000,0,0,242.5000,242.0000,000000,20260907,tse_8454.tw_20260907,242.0000_242.5000_243.0000_243.5000_244.0000_,241.5000_241.0000_240.5000_240.0000_239.5000_,8454,13.tse.tw|2222,20260907,14:30:00,8454.tw,1788762600000,14:30:00,9_14_5_4_8_,3_1_8_14_31_,0,000000,435,246.0000,36,12,242.0000,239.5000,富邦媒,246.0000,0,tse,27,13:30:00,269.5000,288,220.5000,富邦媒體科技股份有限公司,245.0000,242.0000,0,TWSE,
8462.tw,3,3,20.tse.tw|2231579,164.5000,0,0,165.0000,164.5000,000000,20260907,tse_8462.tw_20260907,165.0000_165.5000_166.0000_166.5000_167.0000_,164.5000_164.0000_163.5000_163.0000_162.5000_,8462,13.tse.tw|2359,20260907,14:30:00,8462.tw,1788762600000,14:30:00,2_3_5_1_2_,13_6_1_8_7_,0,000000,50,168.0000,37,12,164.5000,163.0000,柏文,168.0000,0,tse,3,13:30:00,182.0000,106,149.0000,柏文健康事業股份有限公司,165.5000,164.5000,0,TWSE,
8463.tw,9,9,20.tse.tw|2231580,21.5000,0,0,21.6000,21.5000,000000,20260907,tse_8463.tw_20260907,21.5500_21.6000_21.6500_21.7500_21.8000_,21.4500_21.4000_21.3500_21.3000_21.2500_,8463,13.tse.tw|2496,20260907,14:30:00,8463.tw,1788762600000,14:30:00,11_6_2_6_2_,1_2_2_2_3_,0,000000,-,21.5000,20,12,0.0000,21.3500,潤泰材,21.4500,0,tse,9,13:30:00,23.5000,39,19.3000,潤泰精密材料股份有限公司,21.4000,21.5000,0,TWSE,
8464.tw,25,25,9.tse.tw|17774,361.0000,0,1,366.0000,364.0000,000000,20260907,tse_8464.tw_20260907,361.5000_362.0000_362.5000_363.0000_363.5000_,361.0000_360.5000_360.0000_359.5000_359.0000_,8464,13.tse.tw|2633,20260907,14:30:00,8464.tw,1788762600000,14:30:00,2_11_1_1_3_,13_2_13_1_12_,0,000000,369,380.0000,38,12,364.0000,361.0000,億豐,380.0000,0,tse,25,13:30:00,410.5000,319,336.5000,億豐綜合工業股份有限公司,373.5000,361.0000,0,TWSE,
8466.tw,1,1,20.tse.tw|2230923,15.3000,0,0,16.6000,15.0500,000000,20260907,tse_8466.tw_20260907,15.3000_15.3500_15.4000_15.5000_15.6000_,15.2000_15.0000_14.9500_14.9000_14.8500_,8466,13.tse.tw|2770,20260907,14:30:00,8466.tw,1788762600000,14:30:00,1_3_7_3_2_,1_1_1_3_1_,0,000000,-,15.3500,20,12,0.0000,15.1000,美吉吉-KY,15.1000,0,tse,1,13:30:00,16.6000,13,13.6000,美吉吉國際股份有限公司,15.1000,15.3000,0,TWSE,RR
8467.tw,7,7,9.tse.tw|17776,90.0000,0,4,0.0000,89.3000,000000,20260907,tse_8467.tw_20260907,94.0000_94.1000_94.2000_94.3000_94.5000_,90.0000_89.1000_89.0000_88.9000_88.8000_,8467,13.tse.tw|2907,20260907,14:30:00,8467.tw,1788762600000,14:30:00,1_2_2_1_2_,3_1_1_1_1_,0,000000,-,93.5000,37,12,0.0000,90.0000,波力-KY,91.8000,0,tse,7,13:30:00,99.2000,21,81.2000,波力環球企業股份有限公司,90.2000,90.3000,0,TWSE,RR
8473.tw,54,54,9.tse.tw|17777,45.5000,0,17,45.9000,45.8000,000000,20260907,tse_8473.tw_20260907,45.6000_45.6500_45.7000_45.8000_45.8500_,45.5000_45.4500_45.4000_45.3500_45.3000_,8473,13.tse.tw|3044,20260907,14:30:00,8473.tw,1788762600000,14:30:00,4_1_5_12_8_,4_1_17_4_40_,0,000000,771,45.9000,35,12,45.9000,45.1000,山林水,45.9000,0,tse,54,13:30:00,50.2000,1116,41.1500,山林水環境工程股份有限公司,45.7000,45.5000,0,TWSE,
8476.tw,59,59,20.tse.tw|2230731,18.8500,0,0,18.9500,18.8500,000000,20260907,tse_8476.tw_20260907,18.9500_19.0000_19.0500_19.1500_19.2000_,18.8500_18.8000_18.7500_18.7000_18.6500_,8476,13.tse.tw|3180,20260907,14:30:00,8476.tw,1788762600000,14:30:00,1_9_4_7_2_,13_20_2_8_5_,0,000000,-,19.7000,35,12,0.0000,18.7500,台境*,19.7000,0,tse,59,13:30:00,21.2000,520,17.4000,台境企業股份有限公司,19.3000,18.8500,0,TWSE,
8478.tw,6,6,20.tse.tw|2230405,142.5000,0,0,142.5000,142.0000,000000,20260907,tse_8478.tw_20260907,143.0000_143.5000_144.0000_144.5000_145.0000_,142.0000_141.5000_141.0000_140.5000_140.0000_,8478,13.tse.tw|3316,20260907,14:30:00,8478.tw,1788762600000,14:30:00,6_5_9_6_7_,5_1_6_8_3_,0,000000,18,143.5000,37,12,142.5000,140.5000,東哥遊艇,143.5000,0,tse,6,13:30:00,156.0000,96,128.0000,東哥企業股份有限公司,142.0000,142.5000,0,TWSE,
8481.tw,12,12,20.tse.tw|2231270,41.5000,0,0,42.9000,41.5000,000000,20260907,tse_8481.tw_20260907,41.8000_41.8500_42.0000_42.2000_42.3000_,41.5000_41.0000_40.8000_40.7500_40.7000_,8481,13.tse.tw|2154,20260907,14:30:00,8481.tw,1788762600000,14:30:00,1_1_3_2_3_,1_2_1_2_1_,0,000000,150,41.5000,20,12,41.5000,41.0000,政伸,41.3000,0,tse,12,13:30:00,45.1000,19,36.9000,政伸企業股份有限公司,41.0000,41.5000,0,TWSE,
8482.tw,-,-,20.tse.tw|2230924,-,0,0,49.1000,48.9500,000000,20260907,tse_8482.tw_20260907,49.2000_49.2500_49.9500_50.0000_51.0000_,47.9000_47.4500_47.4000_47.3500_47.2500_,8482,13.tse.tw|2291,20260907,14:30:00,8482.tw,1788762600000,14:30:00,1_1_2_1_1_,1_1_4_1_1_,0,000000,1,49.2500,38,12,48.9500,47.5500,商億-KY,49.2500,0,tse,-,13:30:00,53.2000,5,43.6500,商億全球控股有限公司,48.4500,-,0,TWSE,RR
8487.tw,-,-,20.tse.tw|2230406,-,3,0,77.5000,71.0000,000000,20260907,tse_8487.tw_20260907,71.3000_71.5000_71.6000_71.9000_72.0000_,71.1000_70.6000_70.5000_70.3000_70.1000_,8487,13.tse.tw|2428,20260907,14:30:00,8487.tw,1788762600000,14:30:00,1_3_1_1_1_,1_1_1_1_2_,0,000000,-,71.4000,36,12,0.0000,70.2000,愛爾達-創,70.2000,0,tse,-,13:30:00,77.5000,17,63.5000,愛爾達科技股份有限公司,70.5000,-,0,TWSE,
8488.tw,32,32,9.tse.tw|17783,10.7000,0,2,10.8000,10.6500,000000,20260907,tse_8488.tw_20260907,11.0000_11.0500_11.2000_11.2500_11.3000_,10.7500_10.7000_10.6500_10.5500_10.4500_,8488,13.tse.tw|2565,20260907,14:30:00,8488.tw,1788762600000,14:30:00,4_5_2_1_3_,6_5_4_3_1_,0,000000,-,11.4000,20,12,0.0000,10.4000,吉源-KY,10.6000,0,tse,32,13:30:00,11.4000,363,9.3600,吉源控股股份有限公司,10.4000,10.7500,0,TWSE,RR
8499.tw,2,2,20.tse.tw|2231582,258.0000,0,0,259.0000,255.0000,000000,20260907,tse_8499.tw_20260907,259.5000_260.0000_263.0000_265.0000_265.5000_,256.0000_254.5000_253.0000_251.0000_250.5000_,8499,13.tse.tw|2702,20260907,14:30:00,8499.tw,1788762600000,14:30:00,2_2_1_1_1_,1_1_2_3_4_,0,000000,-,260.0000,31,12,0.0000,254.5000,鼎炫-KY,256.5000,0,tse,2,13:30:00,278.0000,24,228.0000,鼎炫投資控股股份有限公司,253.0000,258.0000,0,TWSE,RR
8926.tw,190,158,9.tse.tw|17785,58.1000,0,5,58.4000,58.1000,000000,20260907,tse_8926.tw_20260907,58.0000_58.1000_58.2000_58.3000_58.4000_,57.9000_57.8000_57.7000_57.6000_57.5000_,8926,13.tse.tw|2839,20260907,14:30:00,8926.tw,1788762600000,14:30:00,19_112_50_51_45_,14_53_73_79_137_,0,000000,3160,58.2000,23,12,58.4000,57.4000,台汽電,58.1000,0,tse,190,13:30:00,63.2000,3230,51.8000,台灣汽電共生股份有限公司,57.5000,57.9000,0,TWSE,
8940.tw,4,4,20.tse.tw|2231271,14.9500,0,0,15.0500,15.0000,000000,20260907,tse_8940.tw_20260907,15.0000_15.0500_15.1000_15.1500_15.2000_,14.9000_14.8500_14.8000_14.7500_14.7000_,8940,13.tse.tw|2976,20260907,14:30:00,8940.tw,1788762600000,14:30:00,14_9_5_3_3_,4_6_20_28_11_,0,000000,70,15.1000,16,12,15.0500,14.7500,新天地,15.1000,0,tse,4,13:30:00,16.5000,122,13.5000,新天地國際實業股份有限公司,15.0000,14.9500,0,TWSE,
8996.tw,274,272,9.tse.tw|17787,1240.0000,0,28,1260.0000,1255.0000,000000,20260907,tse_8996.tw_20260907,1240.0000_1245.0000_1250.0000_1255.0000_1260.0000_,1235.0000_1230.0000_1225.0000_1220.0000_1215.0000_,8996,13.tse.tw|3112,20260907,14:30:00,8996.tw,1788762600000,14:30:00,22_25_36_25_68_,55_8_8_31_24_,0,000000,985,1410.0000,05,12,1255.0000,1205.0000,高力,1390.0000,1,tse,274,13:30:00,1430.0000,8504,1170.0000,高力熱處理工業股份有限公司,1300.0000,1240.0000,0,TWSE,
9103.tw,11,11,9.tse.tw|17788,5.1500,0,1,5.3100,5.1500,000000,20260907,tse_9103.tw_20260907,5.1500_5.1600_5.1700_5.1800_5.1900_,5.1300_5.1200_5.1100_5.1000_5.0900_,9103,13.tse.tw|3248,20260907,14:30:00,9103.tw,1788762600000,14:30:00,31_102_11_20_13_,6_32_3_11_6_,0,000000,-,5.1500,,13,0.0000,5.0700,美德醫療-DR,5.1400,1,tse,11,13:30:00,5.6500,613,4.6300,百慕達商美德向邦醫療國際台灣存託憑證,5.1400,5.1500,0,TWSE,
910322.tw,-,-,20.tse.tw|2230925,-,0,0,25.2500,25.1500,000000,20260907,tse_910322.tw_20260907,27.4500_27.5000_,25.0000_24.7500_24.5000_24.3500_23.0000_,910322,13.tse.tw|3384,20260907,14:30:00,910322.tw,1788762600000,14:30:00,6_5_,3_4_1_1_2_,0,000000,-,25.1500,,13,0.0000,24.8000,康師傅-DR,24.8000,0,tse,-,13:30:00,27.5000,9,22.5000,康師傅控股有限公司,25.0000,-,0,TWSE,
9105.tw,747,740,9.tse.tw|17790,8.8500,0,68,8.8500,8.8400,000000,20260907,tse_9105.tw_20260907,8.8600_8.8700_8.8800_8.8900_8.9000_,8.8500_8.8400_8.8300_8.8200_8.8100_,9105,13.tse.tw|2086,20260907,14:30:00,9105.tw,1788762600000,14:30:00,472_76_167_216_833_,27_40_48_28_20_,0,000000,3844,8.9000,,13,8.8500,8.6400,泰金寶-DR,8.9000,0,tse,747,13:30:00,9.5100,26865,7.7900,泰金寶科技股份有限公司發行之臺灣存託憑證,8.6500,8.8500,0,TWSE,
910861.tw,3,3,20.tse.tw|2231584,3.7000,0,0,3.7200,3.6000,000000,20260907,tse_910861.tw_20260907,3.7100_3.7300_3.7400_3.7500_3.8000_,3.6400_3.6300_3.6200_3.6100_3.6000_,910861,13.tse.tw|2223,20260907,14:30:00,910861.tw,1788762600000,14:30:00,4_3_3_2_4_,6_3_5_12_45_,0,000000,-,3.7000,,13,0.0000,3.6500,神州-DR,3.6500,0,tse,3,13:30:00,4.0300,29,3.3100,神州數碼控股有限公司,3.6700,3.7000,0,TWSE,
9110.tw,2,2,20.tse.tw|2230409,2.9900,0,0,3.0000,2.8000,000000,20260907,tse_9110.tw_20260907,2.9900_3.0000_3.1500_3.1800_3.3000_,2.8500_2.8000_,9110,13.tse.tw|2360,20260907,14:30:00,9110.tw,1788762600000,14:30:00,34_20_24_2_148_,12_1_,0,000000,-,2.9900,,13,0.0000,2.9500,越南控-DR,2.9500,0,tse,2,13:30:00,3.3000,8,2.7000,越南製造加工出口(控股)有限公司,3.0000,2.9900,0,TWSE,
911608.tw,-,-,20.tse.tw|2230410,-,0,0,2.7100,2.6000,000000,20260907,tse_911608.tw_20260907,2.7000_2.7100_2.7300_2.7600_2.7800_,2.6400_2.6300_2.6200_2.6100_2.5900_,911608,13.tse.tw|2497,20260907,14:30:00,911608.tw,1788762600000,14:30:00,1_1_15_1_5_,1_1_1_5_9_,0,000000,-,2.7000,,13,0.0000,2.5900,明輝-DR,2.6700,0,tse,-,13:30:00,2.9700,38,2.4300,明輝環球企業有限公司,2.7000,-,0,TWSE,
911622.tw,-,-,20.tse.tw|2230411,-,0,0,3.6400,3.4000,000000,20260907,tse_911622.tw_20260907,3.6200_3.6300_3.6500_3.6800_3.6900_,3.5300_3.5200_3.5100_3.5000_3.4800_,911622,13.tse.tw|2634,20260907,14:30:00,911622.tw,1788762600000,14:30:00,3_1_45_1_1_,1_1_1_2_10_,0,000000,-,3.6200,,13,0.0000,3.6200,泰聚亨-DR,3.6200,0,tse,-,13:30:00,3.9600,1,3.2400,聚亨企業集團(泰國)大眾有限公司,3.6000,-,0,TWSE,
911868.tw,6,6,20.tse.tw|2231272,1.1600,0,0,0.0000,1.2100,000000,20260907,tse_911868.tw_20260907,1.1700_1.1800_1.1900_1.2000_1.2100_,1.1600_1.1500_1.1400_1.1300_1.1200_,911868,13.tse.tw|2771,20260907,14:30:00,911868.tw,1788762600000,14:30:00,3_179_21_57_36_,233_112_118_566_555_,0,000000,-,1.1800,,13,0.0000,1.1600,同方友友-DR,1.1700,1,tse,6,13:30:00,1.2800,367,1.0600,同方友友控股有限公司,1.1700,1.1600,0,TWSE,
912000.tw,7,7,20.tse.tw|2231273,2.4500,0,0,2.4600,2.4500,000000,20260907,tse_912000.tw_20260907,2.4600_2.4700_2.4800_2.4900_2.5000_,2.4500_2.4400_2.4300_2.4200_2.4100_,912000,13.tse.tw|2908,20260907,14:30:00,912000.tw,1788762600000,14:30:00,2_5_25_17_9_,28_2_42_40_33_,0,000000,-,2.4900,,13,0.0000,2.4500,晨訊科-DR,2.4800,0,tse,7,13:30:00,2.7200,131,2.2400,晨訊科技集團有限公司,2.4800,2.4500,0,TWSE,
9136.tw,4,3,20.tse.tw|2231585,10.7500,0,0,11.1000,11.0500,000000,20260907,tse_9136.tw_20260907,11.0500_11.1000_11.2000_11.2500_11.3000_,10.7500_10.7000_10.6500_10.6000_10.5500_,9136,13.tse.tw|3045,20260907,14:30:00,9136.tw,1788762600000,14:30:00,1_6_10_10_24_,3_16_7_13_1_,0,000000,-,11.1000,,13,0.0000,10.6000,巨騰-DR,10.9500,0,tse,4,13:30:00,12.1000,93,9.9000,巨騰國際控股有限公司,11.0000,11.0500,0,TWSE,
9802.tw,21,21,20.tse.tw|2230926,72.0000,0,0,72.4000,72.3000,000000,20260907,tse_9802.tw_20260907,72.1000_72.2000_72.3000_72.4000_72.5000_,72.0000_71.9000_71.8000_71.7000_71.6000_,9802,13.tse.tw|3181,20260907,14:30:00,9802.tw,1788762600000,14:30:00,4_7_13_10_1_,9_21_20_15_15_,0,000000,32,72.6000,37,12,72.4000,71.8000,鈺齊-KY,72.6000,0,tse,21,13:30:00,79.5000,422,65.1000,鈺齊國際股份有限公司,72.3000,72.0000,0,TWSE,RR
9902.tw,5,5,20.tse.tw|2231586,13.6500,0,0,13.7000,13.6500,000000,20260907,tse_9902.tw_20260907,13.6500_13.7000_13.7500_13.8000_13.8500_,13.5500_13.5000_13.2500_13.1000_13.0000_,9902,13.tse.tw|3317,20260907,14:30:00,9902.tw,1788762600000,14:30:00,23_9_12_7_24_,20_14_6_3_4_,0,000000,67,13.8000,20,12,13.6500,13.5500,台火,13.8000,0,tse,5,13:30:00,15.0000,160,12.3000,台火開發股份有限公司,13.6500,13.6500,0,TWSE,
9904.tw,908,883,9.tse.tw|17800,24.6000,0,4,24.7000,24.6500,000000,20260907,tse_9904.tw_20260907,24.6000_24.6500_24.7000_24.7500_24.8000_,24.5500_24.5000_24.4500_24.4000_24.3500_,9904,13.tse.tw|2155,20260907,14:30:00,9904.tw,1788762600000,14:30:00,250_446_554_353_263_,84_589_468_664_545_,0,000000,195,24.7500,37,12,24.6500,24.5000,寶成,24.7500,0,tse,908,13:30:00,27.0500,7752,22.1500,寶成工業股份有限公司,24.6000,24.6000,0,TWSE,
9905.tw,26,26,20.tse.tw|2231274,21.3500,0,0,21.7000,21.4000,000000,20260907,tse_9905.tw_20260907,21.4500_21.5000_21.5500_21.6000_21.6500_,21.3500_21.3000_21.2500_21.2000_21.1500_,9905,13.tse.tw|2292,20260907,14:30:00,9905.tw,1788762600000,14:30:00,1_43_15_21_26_,24_4_4_4_7_,0,000000,2,21.5000,20,12,21.4000,21.4000,大華,21.4500,0,tse,26,13:30:00,23.6500,89,19.3500,大華金屬工業股份有限公司,21.5000,21.4000,0,TWSE,
9906.tw,1,1,20.tse.tw|2231275,42.5500,0,0,42.7000,42.2000,000000,20260907,tse_9906.tw_20260907,43.0000_43.2000_43.2500_43.3000_43.4500_,42.4000_41.9000_41.8500_41.7500_41.7000_,9906,13.tse.tw|2429,20260907,14:30:00,9906.tw,1788762600000,14:30:00,2_2_1_2_4_,1_2_1_1_2_,0,000000,4,43.8000,14,12,42.2000,41.6500,欣巴巴,42.0500,0,tse,1,13:30:00,46.4000,98,38.0000,欣巴巴事業股份有限公司,42.2000,42.5500,0,TWSE,
9907.tw,124,123,20.tse.tw|2231587,15.3500,0,0,15.3500,15.3000,000000,20260907,tse_9907.tw_20260907,15.3000_15.3500_15.4000_15.4500_15.5000_,15.2500_15.2000_15.1500_15.1000_15.0500_,9907,13.tse.tw|2566,20260907,14:30:00,9907.tw,1788762600000,14:30:00,8_43_132_36_124_,13_14_307_357_285_,0,000000,381,15.4000,20,12,15.3000,15.1500,統一實,15.4000,0,tse,124,13:30:00,16.7500,1261,13.7500,統一實業股份有限公司,15.2500,15.3000,0,TWSE,
9908.tw,6,6,20.tse.tw|2230734,29.2000,0,0,29.2000,29.0000,000000,20260907,tse_9908.tw_20260907,29.2500_29.3000_29.3500_29.4000_29.4500_,29.1500_29.1000_29.0500_29.0000_28.9500_,9908,13.tse.tw|2703,20260907,14:30:00,9908.tw,1788762600000,14:30:00,22_13_18_48_18_,2_1_6_18_25_,0,000000,-,29.6000,23,12,0.0000,29.1000,大台北,29.2000,0,tse,6,13:30:00,31.9500,280,26.1500,大台北區瓦斯股份有限公司,29.0500,29.2000,0,TWSE,
9910.tw,82,82,9.tse.tw|17805,69.8000,0,1,70.0000,69.8000,000000,20260907,tse_9910.tw_20260907,69.8000_69.9000_70.0000_70.1000_70.2000_,69.2000_69.1000_69.0000_68.9000_68.8000_,9910,13.tse.tw|2840,20260907,14:30:00,9910.tw,1788762600000,14:30:00,1_65_17_33_17_,3_3_4_3_2_,0,000000,563,69.9000,37,12,69.8000,68.0000,豐泰,69.1000,0,tse,82,13:30:00,75.7000,1027,62.1000,豐泰企業股份有限公司,68.9000,69.8000,0,TWSE,
9911.tw,6,6,20.tse.tw|2231588,81.7000,0,0,82.8000,82.0000,000000,20260907,tse_9911.tw_20260907,81.8000_81.9000_82.0000_82.1000_82.3000_,81.7000_81.6000_81.5000_81.4000_81.3000_,9911,13.tse.tw|2977,20260907,14:30:00,9911.tw,1788762600000,14:30:00,1_1_14_1_3_,2_21_56_16_22_,0,000000,432,82.0000,38,12,82.0000,81.5000,櫻花,81.9000,0,tse,6,13:30:00,89.3000,137,73.1000,台灣櫻花股份有限公司,81.2000,81.7000,0,TWSE,
9912.tw,5,5,20.tse.tw|2230585,12.9000,0,0,12.9000,12.7000,000000,20260907,tse_9912.tw_20260907,13.0000_13.0500_13.1000_13.1500_13.2000_,12.8500_12.8000_12.7500_12.7000_12.6500_,9912,13.tse.tw|3113,20260907,14:30:00,9912.tw,1788762600000,14:30:00,1_6_10_8_19_,6_3_10_1_5_,0,000000,307,13.2500,25,12,12.7000,12.7500,偉聯,12.8000,0,tse,5,13:30:00,14.2000,60,11.7000,偉聯科技股份有限公司,12.9500,12.9000,0,TWSE,
9914.tw,99,99,9.tse.tw|17808,77.8000,0,8,77.8000,77.7000,000000,20260907,tse_9914.tw_20260907,77.9000_78.0000_78.1000_78.2000_78.3000_,77.8000_77.7000_77.6000_77.5000_77.4000_,9914,13.tse.tw|3249,20260907,14:30:00,9914.tw,1788762600000,14:30:00,3_9_6_9_4_,5_80_32_29_7_,0,000000,759,80.8000,37,12,77.8000,77.8000,美利達,80.8000,0,tse,99,13:30:00,87.2000,1383,71.4000,美利達工業股份有限公司,79.3000,77.8000,0,TWSE,
9917.tw,30,30,9.tse.tw|17809,106.5000,0,3,107.0000,106.5000,000000,20260907,tse_9917.tw_20260907,107.0000_107.5000_108.0000_108.5000_109.0000_,106.5000_106.0000_105.5000_105.0000_104.5000_,9917,13.tse.tw|3385,20260907,14:30:00,9917.tw,1788762600000,14:30:00,83_31_62_35_17_,32_110_121_185_34_,0,000000,770,107.0000,20,12,107.0000,106.5000,中保科,107.0000,0,tse,30,13:30:00,117.0000,325,95.9000,中興保全科技股份有限公司,106.5000,106.5000,0,TWSE,
9918.tw,1,1,20.tse.tw|2231589,43.1500,0,0,43.3000,42.3000,000000,20260907,tse_9918.tw_20260907,43.1500_43.3000_43.4500_43.5000_43.6000_,42.9000_42.7000_42.6500_42.6000_42.5500_,9918,13.tse.tw|2087,20260907,14:30:00,9918.tw,1788762600000,14:30:00,1_5_3_11_2_,1_2_5_3_2_,0,000000,132,43.3000,23,12,42.3000,42.6500,欣天然,43.3000,0,tse,1,13:30:00,47.4000,14,38.8000,欣欣天然氣股份有限公司,43.1000,43.1500,0,TWSE,
9919.tw,108,108,20.tse.tw|2230586,13.9500,0,0,14.2500,14.1000,000000,20260907,tse_9919.tw_20260907,14.2000_14.2500_14.3000_14.3500_14.4000_,13.9500_13.9000_13.8500_13.8000_13.7500_,9919,13.tse.tw|2224,20260907,14:30:00,9919.tw,1788762600000,14:30:00,2_43_130_12_15_,16_12_15_26_8_,0,000000,737,14.3000,20,12,14.1000,13.9500,康那香,14.1000,0,tse,108,13:30:00,15.3000,849,12.6000,康那香企業股份有限公司,13.9500,13.9500,0,TWSE,
9921.tw,99,94,9.tse.tw|17812,97.2000,0,1,98.1000,98.0000,000000,20260907,tse_9921.tw_20260907,97.4000_97.5000_97.6000_97.7000_97.8000_,97.3000_97.2000_97.1000_97.0000_96.9000_,9921,13.tse.tw|2361,20260907,14:30:00,9921.tw,1788762600000,14:30:00,8_4_5_4_5_,3_14_21_115_2_,0,000000,154,99.7000,37,12,98.0000,97.3000,巨大,99.0000,0,tse,99,13:30:00,108.5000,1012,89.1000,巨大機械工業股份有限公司,98.9000,97.3000,0,TWSE,
9924.tw,48,48,20.tse.tw|2230413,38.4500,0,0,38.4000,38.2000,000000,20260907,tse_9924.tw_20260907,38.6500_38.7500_38.8000_38.8500_38.9000_,38.4500_38.4000_38.3500_38.3000_38.2500_,9924,13.tse.tw|2498,20260907,14:30:00,9924.tw,1788762600000,14:30:00,2_5_10_1_7_,18_3_4_7_2_,0,000000,800,38.6500,38,12,38.2000,38.3500,福興,38.6500,0,tse,48,13:30:00,42.2500,146,34.6500,台灣福興工業股份有限公司,38.4500,38.4500,0,TWSE,
9925.tw,13,12,20.tse.tw|2230587,39.5500,0,0,39.6500,39.6000,000000,20260907,tse_9925.tw_20260907,39.6000_39.6500_39.7000_39.7500_39.8000_,39.5500_39.5000_39.4500_39.4000_39.3500_,9925,13.tse.tw|2635,20260907,14:30:00,9925.tw,1788762600000,14:30:00,20_8_8_5_43_,7_45_106_210_69_,0,000000,260,39.6000,20,12,39.6000,39.4000,新保,39.6000,0,tse,13,13:30:00,43.5000,754,35.6000,台灣新光保全股份有限公司,39.5500,39.5500,0,TWSE,
9926.tw,-,-,20.tse.tw|2230929,-,0,0,0.0000,49.6500,000000,20260907,tse_9926.tw_20260907,49.5500_49.6000_49.6500_49.7500_49.8000_,49.4000_49.2500_49.1000_48.9000_48.8500_,9926,13.tse.tw|2772,20260907,14:30:00,9926.tw,1788762600000,14:30:00,2_5_5_1_5_,1_1_1_1_1_,0,000000,-,50.0000,23,12,0.0000,49.2500,新海,49.5000,0,tse,-,13:30:00,54.2000,34,44.4500,新海瓦斯股份有限公司,49.3500,-,0,TWSE,
9927.tw,2,1,20.tse.tw|2230930,69.7000,0,0,70.0000,69.7000,000000,20260907,tse_9927.tw_20260907,69.7000_69.9000_70.0000_70.2000_70.3000_,69.5000_69.4000_69.3000_69.2000_69.1000_,9927,13.tse.tw|2909,20260907,14:30:00,9927.tw,1788762600000,14:30:00,1_1_16_1_2_,5_1_4_2_6_,0,000000,530,70.0000,20,12,69.7000,69.3000,泰銘,70.0000,0,tse,2,13:30:00,76.4000,70,62.6000,泰銘實業股份有限公司,69.5000,69.7000,0,TWSE,
9928.tw,-,-,20.tse.tw|2230414,-,0,0,17.9000,17.6000,000000,20260907,tse_9928.tw_20260907,17.9000_17.9500_18.0000_18.0500_18.1000_,17.8000_17.7500_17.7000_17.6500_17.6000_,9928,13.tse.tw|3046,20260907,14:30:00,9928.tw,1788762600000,14:30:00,1_1_2_7_2_,1_5_17_7_13_,0,000000,-,17.9000,20,12,0.0000,17.8000,中視,17.9000,0,tse,-,13:30:00,19.6000,32,16.1000,中國電視事業股份有限公司,17.8500,-,0,TWSE,
9929.tw,-,-,20.tse.tw|2231591,-,0,0,11.3500,11.1000,000000,20260907,tse_9929.tw_20260907,11.4000_11.6000_11.8000_11.8500_11.9000_,11.0000_10.9500_10.9000_10.8500_10.8000_,9929,13.tse.tw|3182,20260907,14:30:00,9929.tw,1788762600000,14:30:00,1_1_9_2_4_,1_1_2_3_4_,0,000000,900,11.3000,20,12,11.1000,11.0000,秋雨,11.1500,0,tse,-,13:30:00,12.4000,12,10.2000,秋雨創新股份有限公司,11.3000,-,0,TWSE,
9930.tw,5,2,20.tse.tw|2231592,63.0000,0,0,63.1000,62.7000,000000,20260907,tse_9930.tw_20260907,63.1000_63.2000_63.3000_63.4000_63.5000_,63.0000_62.8000_62.6000_62.5000_62.4000_,9930,13.tse.tw|3318,20260907,14:30:00,9930.tw,1788762600000,14:30:00,1_2_3_7_12_,1_1_13_14_6_,0,000000,223,63.9000,35,12,63.1000,62.5000,中聯資源,63.7000,0,tse,5,13:30:00,69.4000,120,56.8000,中聯資源股份有限公司,63.1000,63.1000,0,TWSE,
9931.tw,2,2,20.tse.tw|2230415,34.2000,0,0,34.2000,34.0500,000000,20260907,tse_9931.tw_20260907,34.2000_34.2500_34.3000_34.4500_34.5000_,34.0000_33.9000_33.8000_33.7500_33.7000_,9931,13.tse.tw|2156,20260907,14:30:00,9931.tw,1788762600000,14:30:00,4_8_3_2_3_,2_2_4_1_1_,0,000000,-,34.2500,23,12,0.0000,33.9000,欣高,33.9500,0,tse,2,13:30:00,37.2500,44,30.5500,欣高石油氣股份有限公司,33.9000,34.2000,0,TWSE,
9933.tw,219,219,20.tse.tw|2230416,40.3000,0,0,40.4500,40.4000,000000,20260907,tse_9933.tw_20260907,40.3500_40.4000_40.4500_40.5000_40.5500_,40.3000_40.2500_40.2000_40.1500_40.1000_,9933,13.tse.tw|2293,20260907,14:30:00,9933.tw,1788762600000,14:30:00,10_152_29_72_20_,54_59_40_59_100_,0,000000,938,40.7500,20,12,40.4000,39.9000,中鼎,40.5500,0,tse,219,13:30:00,44.4000,2606,36.4000,中鼎工程股份有限公司,40.4000,40.3000,0,TWSE,
9934.tw,105,105,20.tse.tw|2231277,10.8000,0,0,10.9500,10.8000,000000,20260907,tse_9934.tw_20260907,10.8500_10.9000_10.9500_11.0000_11.0500_,10.8000_10.7500_10.7000_10.6500_10.6000_,9934,13.tse.tw|2430,20260907,14:30:00,9934.tw,1788762600000,14:30:00,17_22_55_32_9_,63_98_95_68_30_,0,000000,101,11.1000,38,12,10.9500,10.8000,成霖,11.1000,0,tse,105,13:30:00,12.2000,942,9.9900,成霖企業股份有限公司,11.1000,10.8000,0,TWSE,
9935.tw,5,5,20.tse.tw|2230735,19.4500,0,0,19.5500,19.5000,000000,20260907,tse_9935.tw_20260907,19.5500_19.6000_19.6500_19.7000_19.7500_,19.4500_19.4000_19.3500_19.3000_19.2500_,9935,13.tse.tw|2567,20260907,14:30:00,9935.tw,1788762600000,14:30:00,7_5_2_8_5_,4_25_21_30_42_,0,000000,-,19.7000,38,12,0.0000,19.4000,慶豐富,19.7000,0,tse,5,13:30:00,21.6000,434,17.7000,慶豐富實業股份有限公司,19.6500,19.4500,0,TWSE,
9937.tw,2,2,20.tse.tw|2231593,55.7000,0,0,55.9000,55.4000,000000,20260907,tse_9937.tw_20260907,55.7000_55.8000_55.9000_56.0000_56.2000_,55.2000_55.1000_55.0000_54.9000_54.8000_,9937,13.tse.tw|2704,20260907,14:30:00,9937.tw,1788762600000,14:30:00,10_19_6_14_15_,2_8_9_4_7_,0,000000,-,55.7000,23,12,0.0000,55.4000,全國,55.5000,0,tse,2,13:30:00,60.7000,54,49.7000,全國加油站股份有限公司,55.2000,55.7000,0,TWSE,
9938.tw,46,43,9.tse.tw|17825,41.1000,0,1,41.2000,41.1500,000000,20260907,tse_9938.tw_20260907,41.1000_41.1500_41.2000_41.2500_41.3000_,41.0000_40.9500_40.9000_40.8500_40.8000_,9938,13.tse.tw|2841,20260907,14:30:00,9938.tw,1788762600000,14:30:00,21_10_7_20_80_,7_15_57_119_146_,0,000000,100,41.3500,20,12,41.2000,40.8500,百和,41.3000,0,tse,46,13:30:00,45.2500,993,37.0500,台灣百和工業股份有限公司,41.1500,41.1000,0,TWSE,
9939.tw,63,63,20.tse.tw|2231278,129.0000,0,0,130.0000,129.5000,000000,20260907,tse_9939.tw_20260907,129.5000_130.0000_130.5000_131.0000_131.5000_,129.0000_128.5000_128.0000_127.5000_127.0000_,9939,13.tse.tw|2978,20260907,14:30:00,9939.tw,1788762600000,14:30:00,26_31_52_30_26_,43_66_144_53_66_,0,000000,257,132.5000,20,12,130.0000,128.5000,宏全,132.5000,0,tse,63,13:30:00,144.5000,1227,118.5000,宏全國際股份有限公司,131.5000,129.0000,0,TWSE,
9940.tw,9,9,20.tse.tw|2231594,20.4000,0,0,21.3500,20.7000,000000,20260907,tse_9940.tw_20260907,20.4500_20.5000_20.5500_20.6000_20.6500_,20.4000_20.3500_20.2500_20.2000_20.1500_,9940,13.tse.tw|3114,20260907,14:30:00,9940.tw,1788762600000,14:30:00,2_14_22_22_19_,10_1_4_47_29_,0,000000,217,20.6500,20,12,20.7000,20.2000,信義,20.6500,0,tse,9,13:30:00,22.5500,228,18.4500,信義房屋股份有限公司,20.5000,20.4000,0,TWSE,
9941.tw,56,51,9.tse.tw|17828,80.5000,0,1,80.8000,80.7000,000000,20260907,tse_9941.tw_20260907,80.5000_80.6000_80.7000_80.8000_80.9000_,80.4000_80.3000_80.2000_80.1000_80.0000_,9941,13.tse.tw|3250,20260907,14:30:00,9941.tw,1788762600000,14:30:00,9_9_6_5_7_,16_1_3_60_55_,0,000000,579,81.8000,20,12,80.7000,79.9000,裕融,81.8000,0,tse,56,13:30:00,89.4000,1154,73.2000,裕融企業股份有限公司,81.3000,80.5000,0,TWSE,
9942.tw,1,1,20.tse.tw|2231596,114.0000,0,0,116.0000,114.5000,000000,20260907,tse_9942.tw_20260907,114.5000_115.0000_115.5000_116.0000_116.5000_,114.0000_113.5000_113.0000_112.5000_112.0000_,9942,13.tse.tw|2088,20260907,14:30:00,9942.tw,1788762600000,14:30:00,8_17_6_8_3_,4_32_26_9_4_,0,000000,-,114.5000,20,12,0.0000,113.5000,茂順,114.5000,0,tse,1,13:30:00,125.5000,48,103.5000,茂順密封元件科技股份有限公司,114.5000,114.0000,0,TWSE,
9943.tw,1,1,20.tse.tw|2231279,51.5000,0,0,51.6000,51.3000,000000,20260907,tse_9943.tw_20260907,51.5000_51.6000_51.7000_51.8000_51.9000_,51.2000_51.1000_51.0000_50.9000_50.8000_,9943,13.tse.tw|2225,20260907,14:30:00,9943.tw,1788762600000,14:30:00,4_2_2_3_2_,1_3_16_2_4_,0,000000,550,51.5000,16,12,51.3000,51.1000,好樂迪,51.3000,0,tse,1,13:30:00,56.3000,62,46.1000,好樂迪股份有限公司,51.2000,51.5000,0,TWSE,
9944.tw,1,1,20.tse.tw|2230932,17.2000,0,0,17.3000,17.0000,000000,20260907,tse_9944.tw_20260907,17.2500_17.3000_17.3500_17.4000_17.4500_,17.0500_17.0000_16.9500_16.8500_16.7500_,9944,13.tse.tw|2362,20260907,14:30:00,9944.tw,1788762600000,14:30:00,4_2_3_2_5_,2_7_3_2_4_,0,000000,-,17.3000,20,12,0.0000,17.0500,新麗,17.2000,0,tse,1,13:30:00,18.9000,37,15.5000,新麗企業股份有限公司,17.2000,17.2000,0,TWSE,
9945.tw,339,337,20.tse.tw|2231597,27.9000,0,0,28.0000,27.9000,000000,20260907,tse_9945.tw_20260907,27.9000_27.9500_28.0000_28.0500_28.1000_,27.8500_27.8000_27.7500_27.7000_27.6500_,9945,13.tse.tw|2499,20260907,14:30:00,9945.tw,1788762600000,14:30:00,168_51_119_66_41_,29_231_146_152_269_,0,000000,3057,28.7000,20,12,27.9000,27.8000,潤泰新,28.7000,0,tse,339,13:30:00,31.2500,5042,25.6500,潤泰創新國際股份有限公司,28.4500,27.9000,0,TWSE,
9946.tw,15,14,20.tse.tw|2230418,17.2000,0,0,17.6000,17.2500,000000,20260907,tse_9946.tw_20260907,17.2500_17.3000_17.4000_17.4500_17.5500_,17.2000_17.1500_17.1000_17.0500_17.0000_,9946,13.tse.tw|2636,20260907,14:30:00,9946.tw,1788762600000,14:30:00,7_9_11_10_4_,1_17_22_20_27_,0,000000,-,17.6500,14,12,0.0000,17.2000,三發地產,17.6500,0,tse,15,13:30:00,19.3500,254,15.8500,三發地產股份有限公司,17.6000,17.2000,0,TWSE,
9955.tw,7,7,20.tse.tw|2231280,23.9000,0,0,25.6000,24.0500,000000,20260907,tse_9955.tw_20260907,23.9500_24.0000_24.0500_24.1000_24.1500_,23.9000_23.8500_23.8000_23.7500_23.7000_,9955,13.tse.tw|2773,20260907,14:30:00,9955.tw,1788762600000,14:30:00,1_6_8_3_5_,3_8_6_7_11_,0,000000,128,24.5000,35,12,24.0500,23.5500,佳龍,24.3000,0,tse,7,13:30:00,26.2000,227,21.5000,佳龍科技工程股份有限公司,23.8500,23.9000,0,TWSE,
9958.tw,408,386,9.tse.tw|17836,91.7000,0,12,91.9000,91.8000,000000,20260907,tse_9958.tw_20260907,91.7000_91.8000_91.9000_92.0000_92.1000_,91.6000_91.5000_91.4000_91.3000_91.2000_,9958,13.tse.tw|2910,20260907,14:30:00,9958.tw,1788762600000,14:30:00,80_6_16_50_40_,24_1_6_5_8_,0,000000,4388,92.2000,10,12,91.9000,87.3000,世紀鋼,87.8000,0,tse,408,13:30:00,96.9000,4621,79.3000,世紀鋼鐵結構股份有限公司,88.1000,91.6000,0,TWSE,
